0,1.1189575980639828,1.0506031965995923,1.1327317732741469
1,0.043703449862892624,0.19023251437381805,0.5309233138625763
2,0.5433341769271098,0.7307721678656824,3.7362219301165926
0,1.0006225311865184,0.9783540883829506,1.2471169913582953
1,0.3186554243303235,0.0950040692395703,0.9098382816177393
2,0.7747917544471247,0.8668493186123306,3.8744215049726596
0,1.0067302517682226,1.0045933229233257,0.8755230394312618
1,0.42708865148388675,0.2109232147327575,1.1701045083201906
2,0.568408800064635,0.9838674485530815,2.915874100905936
0,0.9979531859654689,0.9792427465334795,1.2645867065869443
1,0.45701599867899756,0.34554844158500597,1.0348517227419913
2,0.8828017473265969,0.7010980347392031,4.557582079122615
0,0.9437796458197609,0.9551510344429559,0.8491426273849838
1,0.25226199179279113,0.15649848583416767,1.1469277675759004
2,0.9225614783513771,0.6181864460556561,3.5840741710923774
0,1.0188750835625806,0.937035679207144,0.97949199460802
1,0.15701955612681306,0.008808255785163532,1.0848679570745863
2,0.8157474370587509,0.6853035076823597,3.892749387688174
0,1.0107460933327694,0.967081867879327,0.8482188626725853
1,0.41714543035597784,0.18428151106107996,0.8098638101155696
2,0.8756448370115064,0.9836254232869559,4.2436571510039185
0,0.9143043293403084,1.0611474233038543,0.9194897462729168
1,0.5807069251429575,0.11901145360228287,0.6684267292838205
2,0.8449322883548557,0.6255480333800005,3.6588243923626154
0,0.9689032396799789,0.9837008158908717,0.9545437862395687
1,0.33287756814958175,-0.061770314735600684,0.9445165426040437
2,0.5184603504078732,0.45071392668467836,3.788228308732511
0,1.0463264859289219,0.9834717064962366,1.3868776269343404
1,0.18812247555137254,0.22354021385724168,1.0829891444429993
2,0.9123048834596914,0.6733133456288911,3.9017944341793096
0,0.9391183107786617,1.0010312133624995,1.0873977636443786
1,0.10593497205541753,0.04162293467318298,0.9437801434606536
2,0.5585055683238571,1.0279626142479201,3.911381942530562
0,1.0070391913098697,0.9840822143519687,1.0279122697144498
1,0.11795025721205148,0.39749359392414274,1.003928578350274
2,0.8767494315496943,0.678091793029918,5.452915717234227
0,0.9591966708470464,1.037633839650872,1.135512272645645
1,0.19148777625244143,0.26458301239849197,1.087054922428263
2,1.004448733293962,1.0166804432318117,5.395846920702842
0,1.038874008863253,1.0078333318694115,1.0625299383037208
1,0.16709362032856806,0.1462182749896338,1.0404107514885093
2,0.6413283806254243,0.9492824594838476,3.9055647165128446
0,1.0822735876354213,1.008651559779909,1.1201731527195387
1,-0.1184342854422028,0.4945863082916378,1.1140705091795775
2,1.363178967686601,1.0499236922812074,3.417002835413418
0,0.9617328716410816,0.9955161729850249,1.4026408306987155
1,0.24095757993983888,0.3006491631013034,0.6178189302270745
2,0.6716757597762207,0.733873820046357,4.155791726697454
0,1.0579540954973303,1.0540648086721305,1.1478697717134843
1,-0.012124932822987294,0.07346192878719027,1.1645676831695153
2,1.0271071875618183,0.8693810089081763,3.5430110807346704
0,0.9615341431880629,0.970555544147646,1.1387928141405887
1,-0.037315106975077006,0.3468561746775609,0.9224252845106674
2,0.6057901196153642,0.9086349097469669,3.674891132848514
0,0.985866890386124,0.9394124164309502,1.0411114266010162
1,0.2849873611833887,0.03853242165824347,1.1260023345617465
2,0.6741892141343993,0.6241945342008463,2.6264316216292816
0,1.0988510480680267,0.9630186664162022,0.8553904623367095
1,0.2323009803424674,0.3700397426775224,1.0654332828067323
2,0.8934443019923975,0.7545188758801346,3.6108611552704803
0,0.953571025221284,1.0830124704905548,0.8424882764975218
1,0.06063901481469708,0.23190609255430059,0.7587769207561907
2,0.8825064178752509,0.8206570236765979,4.77054244063522
0,1.027131962502042,1.0232399136762977,0.8788163153721935
1,0.11794287629828541,0.2714160464178442,0.9418694673229717
2,0.9959996751836018,0.9324929931660857,2.6987849297581703
0,1.008282953570969,0.9938580716605467,0.9635557880949915
1,0.35941988340947767,0.4265441057487852,1.1205544405215422
2,0.7479686411247279,0.6998237263072388,4.2061378003715335
0,0.9245390752117768,0.9979250927841102,1.1975304791374577
1,0.14750801807461988,0.37334349534531885,0.8688490006557074
2,0.6469980935819035,1.0511990315909678,3.941652885906648
0,1.0504105879437,1.0105818714597317,1.1083610535999129
1,0.3346774960615959,0.17762080555443924,1.0861712177165732
2,0.7326968458468883,0.692607887862968,4.446970819008691
0,0.9947147254995761,1.024272922552728,0.5981781750202044
1,0.3606842915479124,0.14734112316304504,0.7154396562237029
2,0.8858637496442406,0.7626043027057321,4.49346157180991
0,1.0628857566538759,1.041479545924446,1.2323656303318928
1,0.09716083973137639,0.09510657610774823,0.8619702679070634
2,0.6691026880692557,0.8779061843879927,3.394363276608665
0,0.9833791443692915,0.9285937879400259,1.2203870003476072
1,0.15862478953624806,0.3212529027111354,1.012039486770248
2,0.986253207284958,0.9116448309792264,5.674904670184579
0,0.969502405096111,0.9374026485579674,1.4607306164307765
1,0.14394554721996367,0.08045315242136035,0.7324906746628033
2,0.9989788399140077,0.7159679327128328,3.343239546555137
0,0.9960707948065303,0.9267053551315613,0.9443204980400096
1,0.46013065928372526,0.06785850529378498,1.3196404791075957
2,0.6950475321613347,0.9055001978630927,4.053353700972217
0,1.0161862072253074,0.9908146745473648,1.1639017446995195
1,0.15342911762379738,0.459218071868811,0.961138999626481
2,0.9862560053945859,0.6651295476560657,4.374308974279492
0,1.0569560197342618,0.916793300692863,0.701065316926278
1,0.337357597043063,0.12082512971550576,0.6260202363883764
2,0.9387256050047684,0.9344939811927528,3.8977978719848787
0,0.9093729187049173,1.0446351080403038,0.8083430534593286
1,0.3691226085700211,0.27646290755920655,1.0659253800587702
2,0.857354418955966,0.8768803497399482,2.8134069962165604
0,1.018633685224731,0.9161924966930914,0.7700654012658684
1,0.2320818690623199,0.35195760548309596,1.088348285317778
2,0.8431987300955357,0.8580572639455847,5.193600494382007
0,0.9893379582106615,0.9990745631053904,0.6898450643125995
1,0.1621590109711048,0.036307291476153664,1.3391134248198362
2,0.6404941304537786,0.618263388861432,3.1736631545436715
0,0.9905313958783343,0.9505606018161709,1.0445804881967111
1,0.1710513045428864,-0.004994733981067034,0.9941037031129498
2,0.5998251106968254,0.7634474033281194,4.615788855729038
0,1.0330444382064503,0.9313775263720613,1.0121326047069905
1,0.2200888126632174,0.11154169947147617,0.9449417916337965
2,0.8601610470861946,0.7406214169833716,3.5527611930729677
0,1.057376081400244,0.9024093793855039,0.8015988817877154
1,0.3394321016734172,0.11232712466670568,1.0286670716193895
2,0.3977287370655156,0.8784376542969592,4.261885632644713
0,0.9406438625671252,0.9827201653674095,0.7791748522444673
1,0.3625605397817192,0.13330010958546085,1.0433223378433423
2,0.8142706216435214,0.8910055218820694,3.9361009895253396
0,0.95207857984464,1.000438832110743,1.4917710036573582
1,0.4106069665508205,0.26746284039234813,0.773769645801841
2,0.774787589696565,0.7945259395751555,3.9667058471940444
0,1.049103032724853,1.06621868248607,0.9478938529306726
1,0.2815250052905989,0.10139401946864789,0.8214173774921687
2,0.7263740665271489,0.7891870865621203,2.715111350317091
0,0.95580307119282,1.0609858942668624,0.9991691832653801
1,0.1690958670680867,0.20134401796350881,0.6543586195708109
2,0.8858372210651952,1.0022021528145,3.10202158941484
0,1.0174747613251336,1.0626892659404603,1.2476336494062812
1,0.10563199988184745,0.20268189229049843,1.3250861222348336
2,0.8557748907688817,0.862280707691944,5.469566681663592
0,0.9481411721440784,0.9725715196429755,1.310297876335215
1,0.12416179127317895,0.35606006095611786,0.797210914074604
2,1.1767763072719664,0.8928189792123672,2.8349928467695245
0,1.0086217692141117,0.9938736265767328,1.371555800607899
1,0.10727522932411264,0.4933565781624397,1.0561432607233534
2,0.8663614771274964,0.7915001945983242,4.523221220854915
0,1.0347053144037563,1.0176097879580246,1.1458175235953163
1,-0.2520707105265533,0.22222914603869098,1.2318051695687922
2,0.5422846527214731,0.8630944852166964,4.383318645827514
0,1.0449199211932723,0.9073168501522118,1.085019484058754
1,-0.00697073696203479,0.11951019555098723,0.7472853453953427
2,0.8650377874246903,1.0248807125533483,3.6600536897015465
0,1.0274625483832633,0.943642965651078,1.2020653075504075
1,0.3105083247756727,0.2033699251673239,1.087039999559881
2,0.626243600799452,0.7096592117609328,3.928274118374753
0,0.9551840028496345,1.054086963094607,0.7289184086646918
1,0.20496252746045857,-0.026023905585329687,0.7581612435859814
2,0.6819140942019896,0.8303111890763967,3.6423151126598503
0,1.002246823858728,1.0261089712265705,1.497861655901578
1,0.4008803893755548,0.10369427784880385,1.0878987180606066
2,0.9851889668098304,0.6275295472114718,3.963888711078277
0,1.0506854579219311,1.0293390187875218,0.9044370750066106
1,0.46223343301247205,0.16058551271271193,1.0444634143489349
2,0.7853616004667474,0.6262811069445547,3.8840978603787644
0,0.9685708915439654,0.9961876660415014,0.9138792395055408
1,0.0645953830405433,0.09932909957853314,0.9824940409193685
2,0.6983183359396744,0.7533232063576323,3.8925349642910705
0,1.0085416132363645,0.9196641469861528,1.2887655941806635
1,0.2882303203510058,0.03163713424207115,1.2293790457172973
2,0.9026680208101496,0.8295139381851159,3.7861407296132783
0,1.0308463505388845,1.0301880521104942,1.3320045487777017
1,0.2505935833935207,0.24836445517476008,1.2996227379293963
2,1.0832497299438888,0.8285004386311458,3.8370186861138014
0,1.00178618626916,1.161442127692945,0.9574390514887609
1,0.03952817829588465,0.3246378290410016,1.2087169401174807
2,0.5970995411224328,0.8963685960281762,3.7262157333431714
0,1.0088281092175253,1.0283761730784535,0.8315852209026697
1,-0.11112548486746288,0.26647698973996936,0.6751345975808771
2,0.8269090696965063,0.7802335835780704,3.807172402568455
0,1.057697909911055,0.9654944879587762,0.9112474629229576
1,0.11264656591965307,0.5571325646182925,1.1065847002837703
2,0.8326907673162491,0.6551939520696455,3.3935135966566445
0,1.052956614565804,1.0074975846790746,1.023104398818466
1,0.24276916560218326,0.20975482928273387,0.6584875646827025
2,0.8636904328619611,0.9946762698542714,4.121378351491775
0,0.9347988841870205,0.9682877832990522,1.0020325467143585
1,0.08169843388210768,0.01077873436859636,1.272280311311711
2,0.6572595208831319,0.7624680071474369,4.500710239137124
0,1.0129929904242214,0.9365844309218397,1.115949366751745
1,0.1846634698611088,0.2806187983708677,1.0115335037032316
2,1.021375950668129,0.6865008429161615,3.57306682245067
0,1.0426643495807408,1.0130140729366204,0.6966839463162575
1,0.06810104169988723,0.09670162669470492,0.9582483667125367
2,0.5003500084458918,1.0343362155885159,4.0352538139640135
0,0.9886447523739711,0.977346803689221,0.6747814406973457
1,0.44684189142408826,0.3170991426811919,0.6415972116375742
2,0.7591055630806619,0.6990321655383198,4.619568827411442
0,1.0476786212147806,1.0269852041707397,1.0791139963238576
1,0.1957772719848991,0.26303343783629335,0.8501013489428401
2,0.48813565667643377,0.797551982153154,4.490876691159268
0,0.941012301335577,1.016432556929727,1.292148013026329
1,0.4206327351650051,0.04097874420394543,0.7787363155110315
2,0.8114417028036475,0.40086748510601594,4.569834592215039
0,0.9466918657797366,0.9661046964699869,1.0106482964116423
1,0.2965296638582489,0.26662413626471243,0.870174054227517
2,0.8484037167313381,0.9147732226804592,3.752159695559615
0,1.0778066940000026,0.9157376435436076,0.5675693528378245
1,0.05837842440627253,-0.0019019567390299585,1.3080647482665828
2,0.9324063567583414,0.8567900458861177,3.8344655073601035
0,0.9841395751812517,0.8954819721840517,0.6812597884590743
1,0.11235961233831392,0.35059671259923286,1.0579148557391407
2,0.5889416734916247,0.7980458849051507,3.887266869919377
0,0.9086851568658927,1.0446369381175642,1.301965817857285
1,0.32541737111736774,0.08307703924925022,0.9124276714716679
2,0.5874546999103368,0.9274825180958535,4.454608844260878
0,0.9448354812025915,0.899913510739439,0.9959979866985202
1,0.23158755714660254,0.3403266346946451,0.9257793529916192
2,0.6716429260786687,0.8023030026733807,3.514858483303398
0,1.0205729680193893,1.0315528503226092,1.2094629657684242
1,0.35570160940158635,0.3386118458025602,1.1447545313374434
2,0.9005827571999436,0.7516394710310801,3.7699470818247627
0,1.042495230470489,1.0074289523230213,1.0750942998089963
1,0.06483624126682458,0.2933497933575402,1.1356587003761025
2,0.6761780362352107,0.602189484580746,5.5591909877019186
0,0.9830703264587509,1.0432743297854739,0.9344538145097098
1,0.11886968786727473,0.14928172541320184,0.8185649359493786
2,0.8540159677010044,0.6785640133393397,3.616224379931208
0,1.0093174839071979,1.0270120510193554,1.2186904164950687
1,0.29524727335147016,-0.015651370316752095,1.0927825991558893
2,0.8384467673475174,0.6411823915468483,3.7419993959238913
0,1.0205860100189814,0.9501301398171179,1.3441168527923204
1,0.01673316503140071,0.2594181074419457,0.9122908941908058
2,0.8254442695577991,0.7414083861627451,2.79865264740376
0,0.9701147165475678,0.9686265177226369,0.7743447251992978
1,0.3484413535244656,0.07446925764962278,1.0185261548345073
2,0.8028201720263014,0.7707787642132149,4.758837328058492
0,1.0031650644087153,0.991929123824694,1.0712789913954228
1,0.22348366543061424,0.3037959100640771,0.9165345807842954
2,0.7491556429391173,0.3997310973659941,5.6365692232142885
0,1.0689266960210457,1.049558703822164,1.170462915106038
1,0.33752512644408916,0.24252174300406118,0.9047904210969878
2,1.0176215474881853,0.7186066557479288,3.5469999949789255
0,1.0584085050375442,1.0387109993239583,0.8990392151529707
1,0.19671186371128796,-0.0949124339130128,1.0142279604257856
2,0.9970888800427019,0.6391642068715173,4.9112410025669035
0,0.9443798434259555,1.0093359594411786,0.9376173401323747
1,0.06658013822358819,0.36885704508476347,0.9200478476501083
2,0.9384949157233651,1.109307135441294,4.4868476660754695
0,1.0256330568640477,0.9944765891351521,1.5940478147639836
1,0.4037140593039318,0.20996177810018815,0.8376272865355884
2,0.7222592301727033,0.6876884375142296,5.120817372874826
0,0.9574805946288588,0.9758362688717804,0.994817630680118
1,0.19326904002534856,0.11626446666426976,0.8745417605931625
2,0.8207333870220918,0.8098402626333678,3.761007298417252
0,1.0051736171898702,0.9571684395536839,1.3049482096614162
1,0.15631486668529923,0.005675059967019086,1.0422948241455514
2,0.7430438774167579,0.9505024255970923,3.9446259107427144
0,0.9039296385963654,1.001479499371802,1.0015092181914695
1,0.3708846145308732,0.07026205516039477,0.9356586314694785
2,0.8543692598754435,0.9516439487096435,3.075550631415434
0,1.0379508735566094,1.0083753993427709,1.1696580902399811
1,0.26946159925964597,0.32665165790440165,0.9644350474318968
2,1.057468515020472,0.8358788652226419,5.489669510945515
0,0.9516506124047123,0.961928017949841,1.4378784172607115
1,0.2991913201832875,0.12393080190661604,0.9735701670340743
2,0.9089898355543431,0.9414600203904891,2.784833078535332
0,1.0733939573533846,0.9478887147423506,1.0393815620232334
1,0.25571508631390993,0.08879083891547013,0.9025346791699611
2,0.7254637033120925,0.8376589521549291,2.0653472167974307
0,1.0234605200949234,1.0328252671600182,0.946985000662957
1,0.22550850177304307,0.05681221669937861,1.0107283707112293
2,0.8915404680159313,0.8952180227877361,4.528131299628158
0,1.0271756149732874,1.0781278802737546,0.7685971226194899
1,0.33259379972553016,0.054970066625179614,0.743247792515384
2,0.6821645101320909,0.6547132746029751,3.977496956754308
0,1.0800513778747185,0.9171692808941101,0.9241329494819616
1,0.019951873304594414,0.19136017682728712,1.0319917299254813
2,0.7948703327892996,0.9445216573727537,4.120175022902754
0,1.0518254740380684,1.0386945642585501,0.9784156322043854
1,0.06244612722465548,0.13731150053053245,1.2785091509486382
2,0.8451859472520691,0.6551951785473882,3.704628476678593
0,1.0400785274351847,0.900402679329253,0.8802032327957204
1,0.10483617880420819,0.17853103767034645,0.8799514400702309
2,0.7489078073687139,1.0227465863610616,2.9389822555890124
0,1.0683236889590426,1.0475259228675147,0.8888773634641084
1,0.11509932484646039,0.3155284073294353,1.0531304905067895
2,0.7273888678759326,0.9630981393128466,3.0748993156079982
0,0.9620486282637386,1.05994493144878,0.8491675137050093
1,0.30957835455880367,0.17977364575678767,0.915874090170841
2,0.721201186673467,0.7554197211556636,4.678368021667626
0,0.9328821912227447,0.9306365219619109,0.7867735838202812
1,0.26059442014425105,0.15302026609694389,1.1605448461469368
2,0.8339025041159616,0.7530050902302521,4.611076948038653
0,1.046036322280334,0.9800174549404933,1.1961366490096996
1,0.22454800976928904,0.11107859239089063,0.8480245090335845
2,0.8235979026250909,0.8638723274932545,4.023963841434381
0,1.0635913605119587,0.9195171400837737,0.8703135140299663
1,0.5136267216660517,0.18018977609999365,0.9110176267493653
2,1.3001867553811979,0.8696984660376733,3.485844289915039
0,1.0763510559381932,1.0266597862714877,1.2008847888390348
1,0.0044855031521977284,0.1877012967552627,0.9494492780920256
2,0.919905036023015,0.8886308236889263,4.199703863038656
0,1.0019838250878759,1.0421797864302476,1.0662935464366612
1,0.10076546467945388,0.2632768857563649,0.9921427243989578
2,0.91981841509311,0.7322691619185985,4.153323507372699
0,0.9565770656255738,1.0032193474017304,1.0833302973197088
1,-0.1807275828516111,0.021177418943830656,1.0668927203455445
2,0.7355145565388499,0.8061653733782284,3.0789633675973787
0,1.0703696344581886,0.9670593664320708,1.2277348999064415
1,-0.09151834036910356,0.2734646041465238,0.8081133829845188
2,0.7783185170796749,0.8810078694835777,3.4282362626498974
0,0.960554866213969,1.0268248167703067,1.0227074114833248
1,0.05376552285149902,0.23731725817619886,1.2404145072850128
2,0.49902785719095216,0.7077259425147262,3.8856318059065202
0,0.9595298826217461,1.0082147134829973,0.9343857397822669
1,-0.15971909773993864,0.11220788125276655,0.958274191975532
2,0.8936060674419936,0.7928605629323532,4.269426645317634
0,1.0558255558645853,1.0506905921166918,1.0903994680411664
1,0.24480152343958678,0.2778406388750864,0.9038218923449821
2,0.7025108507082062,0.7734610346303571,5.099749488583927
0,1.0279027754823442,0.9782375863915131,0.8937443614020523
1,0.22335187255102312,0.2477409839275243,1.0235516971222536
2,0.7271016941660227,1.0702937290957657,3.172661786044415
0,1.0341795731993635,1.041017752679844,0.6707252082413435
1,0.15566762505240028,0.06340846567843669,0.718317520927497
2,0.8943214021911396,0.7832682227754936,4.12474527711642
0,1.019409770000393,0.95943884455959,1.4622766869361972
1,0.4984452970314895,-0.027779748063801624,0.5368095218375399
2,0.695500611767081,0.6484407614378225,4.443620609757483
0,0.9780395107025598,0.949700617217009,0.4769817728980822
1,0.0718533596730768,0.3231820616122815,0.8201449486107089
2,0.8438679959113654,0.9589881450618132,4.928131986965786
0,1.078574013239762,1.0186527962790726,0.7004568195027088
1,0.20344205593920253,0.23977641890095508,1.293467650008827
2,0.6451151360173347,0.7843938874745868,3.644696055402618
0,1.0591825693478853,1.0417052971407872,1.0182054395441391
1,0.18893324766522207,0.29985501910393686,1.1749447178548609
2,0.8208739783530262,0.7857898381318386,4.300477079755783
0,1.0162824696870154,0.9497492090801953,1.1157674187455773
1,0.34352633411887157,0.17769118653002472,0.8136684175610847
2,0.8874483353883073,1.0174046449618706,2.983098625982259
0,0.9584284383203902,1.0294588878943414,0.9603694451091016
1,0.08255553989007097,0.3495744597311497,0.9283456410139684
2,0.7502477825467648,0.8759859580627011,4.743643523283694
0,0.9705664387556254,1.0196071810226912,1.2767230400993508
1,-0.09975488877106148,0.31719843163244776,1.3086346534781204
2,0.6895201742289649,0.9819086937330098,5.202300047764523
0,0.9872513180731922,0.9887110070019695,1.2739951831819478
1,-0.009875771190186927,0.4218198519827394,0.934452281779367
2,0.7440268396866058,0.5850792523018701,3.243766591486405
0,0.976285378691311,1.0474317892957254,0.8151306645493901
1,0.219321832591152,0.19536486619391188,1.288265474988123
2,0.8238448883778997,1.1043821990852098,3.5684730789494523
0,0.9910210837128353,1.076896542677373,0.8230275919689996
1,0.45609735863579953,0.13886202113769985,1.0168598314701476
2,1.03214272998594,0.6809792916937529,4.785609130899251
0,0.82791479063751,0.9534152811716033,0.8191086032869546
1,0.3620062183014602,0.2896678246872364,1.092503470158143
2,0.8054915542186407,0.760020302891547,4.574398678214493
0,1.0118365880253157,1.0457596191868368,0.957229298115687
1,0.13374491953529266,0.5117476212207379,0.9229842822711212
2,0.9412156097510178,0.6405851995596485,3.3507938328008686
0,1.024005486059419,1.0545455592885535,0.9862633752522186
1,0.38676201629133494,0.04158035925202108,1.121041073252084
2,0.9220526535626492,0.8874000481585892,4.294235180502727
0,1.0283673350992022,0.9683470803642155,0.7627698486601574
1,0.32522872222606103,0.2056869822927443,1.1582321527500863
2,0.9828578939054136,0.7806958465401287,4.341970559508897
0,0.9870455388386735,1.0451264470699306,1.031498730127499
1,0.15428685459167193,0.31694870668267716,1.130133170063877
2,0.9008553943815678,0.7096994175184463,5.370956646143859
0,0.9744302482325222,0.9299491851795813,0.9255615263125364
1,-0.07364344777281295,0.09864663379428333,0.9582217317851627
2,0.7329514363231731,0.6403541440958221,4.561566441153764
0,0.9602157408145736,0.9304826552182345,0.770334415512915
1,0.2175696568287623,-0.09166825927169281,0.9180269189917083
2,0.9831700818158802,0.47166302718475767,4.2839864892401875
0,1.053069482866644,0.9477016953017917,0.5673126776310922
1,0.035647588392488855,0.031574728733231805,1.1769179634081128
2,0.48754429145958705,0.7794131872213865,4.6079153354531
0,0.9175257112423677,0.9705173969908755,1.0047693450956612
1,0.14240297295611817,0.14089643623320713,1.191092893706798
2,0.7224247319268837,0.6278049782650692,3.3666430213635508
0,0.9206077791898125,0.9249713082068429,1.1451359707614854
1,0.4244133433138062,0.30513062445575756,0.7957693341323832
2,0.5035741078915024,0.9926668535920156,3.5941628980763456
0,1.062232455362181,0.928237002819265,1.0893868587592892
1,0.13960542953604896,0.23649224310101136,0.6904730554330814
2,0.8680342354091001,0.801024836142114,2.629157830947202
0,0.9588103719996643,0.9927134203865442,1.1658819085557783
1,0.2945169515632216,0.28068712410742747,0.828357018674477
2,0.41554375605376104,0.6583396923814838,4.068496104991765
0,1.0215287020534616,0.98713326049173,0.8964233766099523
1,0.35418293894638503,0.14255198660970064,1.0760891880884658
2,0.771714184691726,0.7334842467957637,5.182319873536116
0,0.9829263843669966,1.0935968285169129,0.964446565357604
1,-0.06844484410008206,0.12818737295843208,0.8435153629451438
2,0.6446575477210092,0.7021710008899129,3.2957519509376167
0,0.96510587932973,0.9968367888117438,0.9077108748523142
1,0.3707250455198346,-0.03893082700939424,1.0487108246168921
2,0.5019753992796416,0.6250122500103436,4.022757524107623
0,0.9384475121421465,0.9870975571531527,1.002892133593893
1,0.12392113612595508,0.3634781858097744,0.6869820406957164
2,0.8474361478456552,0.7502610495141823,4.000778844795915
0,0.9329385883771992,0.9810234174436626,1.1954199089408748
1,0.1131573115184052,0.22441737576732312,0.9357313184511111
2,0.5214823493849692,0.6589486071410418,4.599973573519709
0,1.0160552025252163,0.9550551359332687,0.6434722453619284
1,0.2977582782524402,0.10386403711150645,1.1139906680044254
2,0.9122980710253386,0.791319166792858,4.696699840559313
0,0.999160191996984,1.0038311158894364,1.0283635094007861
1,0.10118857244697009,0.29542169965466153,0.9797272801451804
2,0.6750871328909075,0.7172375762293874,3.290185771890832
0,0.9610370750594952,0.9396209899390806,0.9347047686819554
1,0.20597286722088579,0.2768148121803011,0.9553736216560266
2,0.6778929408465484,0.8238127437132604,2.4081868013989567
0,0.9403207939410421,0.9818938336488705,1.3240812182231099
1,0.03337331070066987,0.08296667451606926,1.1281599230013581
2,0.6419195023523683,0.9188505693111272,4.220721775069074
0,0.9903936115996207,0.9351335603297803,0.9078937011357832
1,0.24737742535008655,0.18233726809448705,0.9193337290124366
2,1.0401340543322375,0.9227352952332499,1.8038895930022356
0,0.9158273983948533,0.9838308927195717,0.9931570534049923
1,0.2206678544661148,0.11356607091299922,1.3465222396491512
2,0.780288267862716,0.7715963861650353,4.667073797798605
0,1.0037181947752905,0.985053350823249,0.9990705843286882
1,0.01096452506311979,0.16230320378265628,0.839621085396842
2,0.7123653530314948,0.8260544671211604,4.5004885552148615
0,1.0202287439651554,0.956822651852586,1.1980943748345667
1,0.16436120092803874,0.42079309313607977,0.8324255374161744
2,0.6392287141003669,1.038615354722488,4.056763907626785
0,0.9883410673532432,0.9536130236689226,0.6618021012494777
1,0.396469505537558,0.46665068053374736,0.9535298917681553
2,0.8900698741753283,0.944902813280651,4.4576954139600975
0,0.9304387877042107,1.0431947434936852,0.8706556854957533
1,0.055631510656325184,-0.12409328924786944,1.0277570645124419
2,0.8210808465412477,1.1698602002778031,4.295080831227386
0,0.9851694459095102,1.0751397378986278,0.9976929031264886
1,-0.0045232464844803255,0.11319499127385733,1.0262393828084748
2,0.5088912910032474,1.0215571887318344,3.9159894869613527
0,0.9767281670880391,0.9017158174653425,1.0188660569632026
1,0.21331232048477702,0.17717252673606262,0.7918253869955136
2,0.6865121296853384,0.7142066254997399,2.689943121989474
0,1.0952612271891033,1.006104436544519,0.8089927990026526
1,0.2789609278231717,0.3685490299669716,0.8552460644631994
2,0.6984244131843204,0.8058435904880316,3.2942168385652377
0,0.9500893434291332,0.9791324108778715,1.3271355769500113
1,0.15792771993616028,0.43630790214792337,0.8925281059609074
2,0.7606140140045531,0.7291622852917191,3.440410091627068
0,0.8884030861351163,1.0094320632896814,1.1585062178505061
1,0.009613313903402115,0.1970747599173847,1.1496055915052428
2,0.6752123830133439,0.7940593525056769,5.869373397310932
0,0.9348600009841983,1.1125287718419927,1.0385149128121411
1,-0.012469658057368799,0.3861085749190167,0.9334657809261813
2,0.9170333957133023,0.5212259190191929,4.2744969726592545
0,1.004124927680321,0.9950099165878796,1.1960913025795616
1,0.15930445392078288,0.2785550195112456,1.3198528945307662
2,0.7813930458707086,0.8196705589667668,3.1248665055732827
0,0.9876036180373445,0.9185989932414045,1.1926867309811091
1,0.229011028844861,0.16026830682463059,1.2586360664281782
2,0.6253752689683396,0.6101403954022749,4.39811029061224
0,0.9641747339426084,0.9442375580977935,0.9404817884880154
1,0.07633750183529085,0.33982306744173274,0.8543649504635779
2,0.7287545512111605,0.6940283888984103,3.746570497148301
0,1.0715163927306413,1.007870657234426,0.8357928682878966
1,0.41356537019645034,0.3513656613836403,0.7556063878840534
2,0.7436180037745523,0.9178112255670098,3.1491872129424463
0,0.9809032974293967,0.9698555996200868,1.20931309545877
1,0.09440253066261142,0.44827736096605925,1.1198145988460293
2,0.5691207569473816,0.7405861556054961,3.9596413992613977
0,0.9510062913326482,0.9587681965027874,1.266227047131539
1,0.30213681568409534,0.3799344318369065,0.7418049681220041
2,0.706712889726596,0.5889378359847774,4.351507356545663
0,1.0132195724392083,0.9690162978087106,1.1282662574033238
1,0.3049072716418445,0.20306593740591036,1.3146770603048954
2,0.8509608029990336,1.028306182509202,3.292280248634561
0,0.9569645708905148,0.9424897704021302,0.6059202097724289
1,0.15356403755463738,0.3566301303653818,0.8926859872267231
2,1.0229737852553993,0.7284627708626316,3.852539435960643
0,1.0579585513219292,1.0404517706873024,1.0271347971349691
1,0.35359480875493665,0.09479030884393472,1.065625002635864
2,0.8064950305299359,1.0434475147293794,4.10948348680231
0,0.9525499365026057,1.0746137683419705,0.9789955430221726
1,0.04929971821168569,0.2536436945641859,0.8221476811232471
2,1.0160698710741165,0.6985171060105316,5.316712954044602
0,1.029611713243831,0.9238655860813647,0.8421308010124486
1,0.3111892061091616,0.10581155153554185,1.1600747597530918
2,0.8067499882328962,0.9075332385998856,3.3243144428186926
0,1.043257845853634,0.9378596178013857,0.7460292360525831
1,0.1661122186044345,0.04779838231311698,0.8210659836330901
2,0.57765222761868,0.6081689559922523,5.0560931361961545
0,1.0382179591971314,0.9482684855110599,1.0127006554970572
1,0.08348090560939433,0.2699692567852896,1.3281800170845801
2,0.8448857708860277,0.9004403444965369,4.870787289173414
0,0.9879002953622413,1.0083251903356167,0.7801991701103684
1,0.33497292846582116,0.45507751450814576,0.9606180506759069
2,1.0087987501604905,0.758257031487285,4.682733575188998
0,0.9749047861582696,1.0210556369313892,1.382472408791869
1,0.19925875547287666,0.2568573795794795,0.9213496914658456
2,0.8203098872715746,0.6162905241979801,4.5860332815034495
0,0.9728978100892465,0.9673428025729995,1.0684056391554326
1,0.21063823982479868,0.10395338397086726,1.0973706570332575
2,0.8687469826214136,0.8678536343312713,3.5893188001628267
0,0.9711013132964841,0.9402015083502254,1.0138922913083135
1,0.23694985099162932,0.5269408491776715,1.090064234505285
2,0.6959087764555328,0.5867304359741682,3.5933014771499696
0,0.9926850608093434,0.962791867966726,0.9490692650066872
1,0.036888951888610855,0.29044090931696087,1.2887198892602445
2,0.7923891737417303,0.6197439366076454,5.280616114908289
0,0.9881626999696161,1.0651954437515574,0.7704387466582564
1,0.14092312558102138,0.3377530269959863,0.8293885795367926
2,0.7005528376740864,0.7988810128707537,2.925703912168684
0,1.0196026627457604,0.9388679777815291,0.9094860512050669
1,0.08106811480746522,0.0735795587839081,0.9046487314969587
2,0.5896561428036234,1.0121623880420778,2.980033078909095
0,1.0762774691074184,1.0138443634196208,1.0245346261017794
1,0.2850193534927886,0.21893512315726185,0.641413284047317
2,0.7750710013394118,0.7732571535737516,4.56650419175019
0,0.9708689132525888,0.9288670177263809,0.7567963292260371
1,0.4469330799781148,0.40156364171319214,0.781377393663137
2,0.5797538184949166,0.8049129599096405,4.474169240932726
0,1.01585351553489,0.8990273266951926,1.4417357796996595
1,-0.0012623700415576034,0.02929430711145195,1.092044345571577
2,0.647437621341425,0.5203840130308472,3.303598780957495
0,1.0300920758067986,1.0734792351808369,0.8206595712470539
1,0.35751966211975317,0.28959489439997504,0.6739991280419786
2,0.8070233971729276,0.7178254011343121,3.36728584143816
0,1.0291666950440566,1.1017248534912671,0.8156342718982909
1,0.125764394380585,0.09847073319148235,0.9819213355915531
2,0.6178454463595874,0.7920401813050862,4.577811915513329
0,1.0033599395020925,1.1045322248702898,1.064688731663667
1,0.22849005952353274,0.4736691281689927,0.6426048777959714
2,0.823775463128537,0.6610509721363577,4.173756404127628
0,0.9861407058612336,0.9489933414326487,1.1628331567012276
1,0.07149943811730453,0.2762010347606163,0.9712772917618029
2,0.6121367446358763,0.680685254838199,4.452884248299881
0,1.0838610337124321,0.9942589142819469,0.936754163923164
1,0.3051009185805281,0.1761075115083543,0.797671623684028
2,0.8051611312073615,0.9334346275346799,4.176836819588561
0,0.9567549766650969,1.008093385138804,1.16949678615498
1,0.0937291907969501,0.3890376165603821,0.3870143167422935
2,1.049895407674223,0.8048750090408561,3.1180707137327572
0,0.9820112302224442,1.0238311284964712,1.3737464983530705
1,0.02180929596498893,0.21318809551324794,0.7218831131658545
2,0.8476012120278458,0.7823234814111828,3.113429412735636
0,0.9569242238253801,1.0546199422982685,1.3788006990258839
1,0.5539376495806995,0.22532404810059115,1.0538304072753901
2,0.7609254827141563,0.8913283402052425,4.520986150109044
0,0.9330225950835348,0.9897664692202152,0.7433073886923651
1,0.16792863013335332,0.36989135531967143,0.7939158742619492
2,0.9074207616043827,0.8598854854347024,3.1339164357530924
0,0.9156209961843442,1.0074669429929874,1.1730414067793442
1,0.19755749042938534,0.21102648493852996,0.6206496005809987
2,0.6720265345585744,0.557778569164819,4.325994323001349
0,0.9798963306414277,1.0058390159286659,1.2214285994627108
1,0.09399352192490149,0.45658962864510233,0.9627904389222512
2,0.6005865730223557,0.7731567305877709,3.4804901293703274
0,0.9863655468331869,1.1280542283136181,0.9571680189316262
1,-0.0222690447866892,0.09550402229101693,1.2417646564676175
2,0.9052197888109201,0.7701075151607762,3.571380556393112
0,1.0418380504703102,0.9817834986928571,0.9650310150350108
1,0.05664421876351161,0.08844301000207558,1.0815431857493747
2,0.9246685356330011,0.5486809882406243,3.8551199814480146
0,1.0253839441719523,1.0105972250233364,0.8607002210573048
1,0.3989049324399426,0.36216762379179535,0.8014509092150395
2,0.8629341939481427,0.7359284211883197,2.992916907750019
0,1.0835367461283123,1.04305532107681,1.3124173637436338
1,0.43182464371716245,-0.10549301502844255,1.2047079477798939
2,0.6845182669723661,0.8405863590610806,4.829158804795577
0,0.9296968967672636,1.0105096061256158,1.0078942193149585
1,0.16833191163578268,0.3121541650016006,0.9890502715595444
2,0.7526255378073392,0.8607461288612142,3.6316898898468404
0,1.059537316186619,0.9114985001345103,1.1743957886918361
1,0.3458979611663866,0.1858165325983631,0.8732361247314835
2,0.8797717760510512,0.7731588066678408,4.093576925720948
0,1.042414987413647,0.9831066321723327,0.8466578211260843
1,0.1304633960592642,0.28637302043233204,1.249592826670498
2,0.8354898672674562,0.5918372842935911,4.436461756087479
0,1.0494372771471179,1.0398837127439917,1.5056137396995724
1,0.25173715077176295,0.4085742952881287,1.2292707368760682
2,0.8518306045982146,0.6657714980395152,3.676246206723357
0,0.985802732331748,0.9643519680548541,1.1180465684221708
1,0.45051511986359577,0.11636665132511789,0.7856063968875115
2,1.0033973501385036,0.9058333105392173,3.8941818079592925
0,1.1145236954985491,0.9820678034938725,0.7966650377654636
1,-0.002992400126882677,0.09185911903566597,0.947175820095145
2,0.9109707837108608,0.8754557476459708,3.443147095070057
0,1.040147417368485,1.0455301755762296,1.087197359437423
1,0.1598816658663052,0.23254783386261396,0.8967282508075224
2,1.200745325434477,0.8002521699224335,4.620212877504929
0,0.9914826073118164,0.9810635269489377,0.7096929579659146
1,0.25969323206465034,0.2628338191788812,0.765112892490157
2,1.0359883737279727,0.7257423018595204,2.652225348398508
0,0.9966377074022161,1.0143577915885442,1.1483133376765728
1,0.1715535942276739,0.11955575098314682,0.6456595841123267
2,0.8482229120536955,0.6596604621587153,2.7531006965903266
0,1.045885002626849,1.0822002390863668,1.4408036530726402
1,0.29029200008664274,0.12685778366449602,1.1751036305537061
2,0.8833119444689057,0.9545780060102076,3.944484309197846
0,0.9839597516512635,0.9645700979154989,0.917103234175318
1,-0.20729108562400222,0.20654606348615404,0.9503370119494097
2,0.7166186359078522,0.708336475746489,5.307613666748786
0,0.976026116267619,1.010554107031836,0.7550293218364408
1,0.13773780006124767,0.5224668568337909,1.0511516533549874
2,0.9870298485573075,0.7054742204707224,2.626476097342197
0,0.9458235204164734,0.9882440192427935,0.9583985062360092
1,0.2681913634873174,0.2362990359101315,0.9293685047912702
2,0.9088667639641038,0.9111107817188686,5.048388172195894
0,1.0551925539583227,0.9401955600077782,1.0051181834356793
1,0.2794407446149931,0.11517914922866183,1.098318934080527
2,0.5605779022929226,0.7474595312279503,3.3899076915347695
0,0.9581279044865857,0.9990828180886469,1.021321083951109
1,0.3281592389882613,0.21615178586948336,1.5125130347113065
2,0.8615212947471977,0.8292500170154118,4.472920895941136
0,0.9951186912614854,1.0554667682321113,1.0330521272639641
1,-0.006752468139139461,0.40115929557328056,1.2051501238336895
2,0.581660889617307,0.904247616312152,4.13672590677164
0,0.9851237861481671,0.95387325137443,0.8124133460670662
1,0.2995638524212697,-0.11151202816676786,1.2447269567726822
2,0.8384147689685941,0.7526367784216352,3.2191282679496678
0,1.0189957392273026,0.995491066137271,0.8865994479766278
1,0.10596136771577122,0.3909135741498293,0.9030511931516106
2,0.876487396357657,0.7131567822533759,3.613953341591837
0,0.9974120941877216,1.08526308471667,1.2626704252235739
1,0.5344573437211122,0.43351173232078427,1.2525041024839643
2,0.7430520651877842,0.9287295010704529,3.501477151942226
0,0.970498948012519,0.9438147294787154,1.0475033744518245
1,0.13624808106603223,0.1069062631633417,1.334771467851299
2,0.6793141251586552,0.8485921624812001,3.1964630161788206
0,0.9938571231909601,1.0430042097608356,0.8532941484915083
1,0.28733448926631944,-0.1781175928826647,0.9610237624807614
2,0.611191585222427,1.0542836035926975,3.545543096823138
0,1.0014885468550572,0.9928961988989852,1.292950456343113
1,0.15884202075668957,0.14631090722192458,1.4040476373785715
2,0.7595211537660063,0.8072984374586099,3.924847613532407
0,0.9615593790910708,0.9959256316920242,0.7661673235070954
1,0.28997694714527655,0.256420022618861,0.5978026574010542
2,0.8683010924506388,0.6139226410757318,5.791398537267808
0,1.04647661606127,1.0365437294266162,1.022154212567899
1,0.1202969541044344,0.27394660486751143,1.2041774027075622
2,1.1154009947255026,0.6037452420948456,3.088133776014095
0,0.9316751006462745,0.9830503806965193,1.0614837889449826
1,0.13975705562371699,0.09754497640536494,1.236465227080525
2,1.03698923744727,0.881969183819979,4.583531410916258
0,0.9757984933482802,0.9482592033214491,1.052665974767527
1,0.18349429428718392,0.3843872961384945,1.0427636266395148
2,0.6534054265282703,0.599562003495991,3.3255747584615434
0,1.1466477929124208,0.8999920990708912,1.2196994180420566
1,0.30247606007319405,0.385247531775053,0.7421236798923978
2,0.6798630304932509,0.5617257317011748,4.104829901692784
0,0.9527096771399732,0.989822931739869,1.1180624741570417
1,0.26040832442996215,0.1548559049965082,0.9494704329835082
2,0.7867008206000764,0.9463770830964274,3.3512423300069965
0,0.9226114888253321,0.9878372985435303,1.3278466084971738
1,0.18837307847923546,0.26793142030273087,0.9204038227206577
2,0.8169650412470734,0.7305121416986387,3.2396162348712814
0,0.9665772459928561,0.9141732757930441,1.244271204915542
1,0.012990617785794162,0.3855798627089557,1.0969681560865963
2,0.5809630763521659,1.0321192871279152,4.437744568274331
0,0.9124483452996328,1.0692344953967243,0.9110542893875171
1,0.009838407458875403,0.06593804218418084,1.1073143743124922
2,0.9543513562463739,0.9741123295152455,5.2528935937664984
0,1.0780518917850517,0.9245671410270918,0.8392017350690579
1,0.040921425945054296,0.20973644698481564,1.1863116662410236
2,0.7901588136222506,0.8171013334832706,4.051407003165165
0,1.0445798602028644,0.9978809325619861,1.2055040984511496
1,0.07146579378521895,0.0158921346139638,0.9771100371668361
2,0.7740473017432564,0.7295922127412693,3.183245195825022
0,1.064711694281778,0.966954853113011,1.2170639864201962
1,0.05510324256407781,0.3364565966928986,0.5104273181806458
2,0.9081465870175448,0.8103671197074639,4.04021395071905
0,1.0508484033933148,0.9748825634494303,0.7604679471835809
1,0.26304438951555065,0.283797925502305,0.9090597168900317
2,0.8803673785575793,1.006197373484236,3.588128483789352
0,1.011643909576358,0.9758378201865633,0.9521021845288526
1,0.14485115900228163,0.48298769241959416,0.7456828200777201
2,0.8949906265045243,0.8473463455403407,5.140250333075876
0,1.0031570893350021,1.0770047557131297,1.3571761020926458
1,0.14465362595905412,-0.1343419848819617,1.0502387286555301
2,0.7702627244518742,0.9970747171494061,5.592638016139409
0,0.99608682380917,0.959686720515335,1.1914473137120734
1,0.2554626870873831,0.35594328338667036,0.8746505553099477
2,0.8807084860308905,0.8936930822469848,4.615169808848662
0,0.9131014731874076,0.9564968237125562,1.028071716157647
1,0.3150939719009783,0.05451480234690237,0.744264368021618
2,0.7591859389259906,0.7406319772458363,3.3927182406429166
0,1.010879762435235,0.920132199712872,1.1176061399216064
1,0.09523574101156058,0.1553397515876488,0.7964465899533758
2,0.9645013672187304,0.8125110216511215,5.376947681269305
0,1.0138437097238227,1.001465288663203,1.151958073946407
1,0.08708698432107669,0.43854932907775684,1.0712113780670702
2,0.559804284859304,0.5262937840507702,4.48548412587649
0,0.9979673883096354,1.1123930600757763,1.28551278425894
1,-1.0719273342701952e-05,0.33916127015346054,1.425260069331971
2,0.8732254687078762,0.8469324277160688,3.5282061517234626
0,0.9577405319115042,0.9325605456671946,1.1175704116893546
1,0.26985022201512304,0.13362077278850465,1.0669466516694215
2,0.8950610571190178,0.9618300489841967,3.6653454536438694
0,0.9529486151569174,1.0028968899677924,1.1254768734387135
1,0.28683944348791635,-0.018565564224229864,1.3780361414016111
2,1.3485596558488275,0.9468074763708,4.193723604094467
0,0.9292403058260104,1.0250396568134834,0.8858361493409155
1,0.15153818417802,0.2826873652484,1.1645931740685413
2,1.00339853298823,0.45462337512598117,4.962435416767092
0,0.9573074878816873,0.9093135740963973,1.3150012582168695
1,0.4248375944635586,0.16399614222992157,0.8978723237676445
2,0.5428213210057372,0.5841381184984166,3.734153536054095
0,1.043046296607469,0.9202893403657055,1.0568788882746663
1,0.33597988534039197,0.12307465333391059,0.9464256910780722
2,0.9080719475729684,0.9487477016107836,3.566482338493855
0,1.0906634642712716,1.0143259848635173,1.0305800342308373
1,0.05139487972575335,0.08082101676734123,1.115308540890871
2,0.7540289860436794,1.1659275605073764,5.15169248367405
0,0.9257361912374075,0.9647384761250838,0.9303473995114573
1,0.31551134150097127,0.31674270591049986,1.107270522188232
2,0.8430543595455314,0.7523897934490711,3.1093147344991228
0,0.9618368484679196,1.0370353748407193,1.1699807571656755
1,0.14396957524113252,0.5059250161380917,0.8269050329924772
2,0.8142233487409094,0.79002418157514,5.350194241344752
0,0.9907257589932696,1.031712404769643,0.989807909289383
1,0.32408844624069083,-0.1282046526602562,1.096230318171408
2,0.8659880940010196,0.8630932727565295,3.5979279428824373
0,0.9786820718573569,0.9881502035347535,0.9789743762774695
1,0.1778206106023105,-0.01963507153286531,0.757591296918732
2,1.0817490623863155,0.5874176305617235,3.8426096821381637
0,1.1017662399638053,0.964118180785482,1.0212303652475698
1,0.05925242827502075,0.1267643606257498,0.9673690062770638
2,0.9574495317138417,0.5801079448373188,4.168644818879986
0,0.9776126936750916,1.068254702324948,0.8602047506752328
1,0.14386028827956326,-0.12313470420295003,0.9216364902714421
2,0.8924229459462427,1.177608520318639,4.977413926841887
0,0.9353341619325121,1.00155429930874,1.113710628038831
1,0.1543492363600915,0.03686349608427672,1.0839277988716394
2,1.1326819263888501,0.6925759382149813,4.52792281395486
0,0.9413555299097786,1.0418158933981725,0.5346383813377606
1,0.2321844211312522,0.2564221157828747,1.2062238513618824
2,0.6390913608958382,0.7243056562148437,2.1419791980866068
0,0.9679590958343134,0.979293762255253,1.4966494595913387
1,0.32349579626487485,-0.03774946974587093,1.009312300636617
2,0.6952780381230783,0.9825540404700892,4.12612033367979
0,0.9861070793871239,0.9823924149610642,0.9263288397866989
1,0.2419473109633801,0.1735074920122342,1.1056078516873002
2,0.7527258509139403,0.6284100915246003,4.5767186805346
0,0.9899326504474393,0.93694975596906,0.81507409767494
1,0.3805842523468336,0.11595570873418545,1.0167080064892091
2,1.0729298743897409,0.9842093649330824,3.587181301497161
0,0.9209395725975857,0.969999925080072,1.0452707238801635
1,0.21212992365766412,0.27068340583487854,1.2636518375948689
2,0.7108583786784102,0.7280914125130424,4.19214429273483
0,0.9668307557338387,1.0029546994390348,1.1801081731297924
1,0.3558552366605186,0.12747267126782322,0.8527667400080962
2,0.8283976421656722,0.9714847376654433,3.571015494330466
0,0.9474943873020343,0.971861397502799,0.7352278695881538
1,0.3754681132553055,0.2781664778032134,1.304021861029566
2,0.598941784807334,0.7859484500653893,3.268397389839958
0,0.9790804360018113,1.0073226670377091,0.7947156644589739
1,0.14188157516115246,0.3193019293681224,0.7691862321138743
2,0.4825366162814778,0.9689258783037494,3.5315001500357996
0,0.9665280804684425,0.9353411194935743,0.6967479924833493
1,0.07799100970987842,0.4174385009858652,1.213860856776684
2,0.9171432226832033,0.8568869588538253,5.442545990721791
0,1.049300972723789,0.872032807095724,1.2314807952383011
1,0.19764245255807802,0.22789473248413358,0.8360078901751066
2,0.9679829001339023,0.7048031395573425,3.918236700329341
0,0.9940022875882583,1.0868465694273348,0.963256884593751
1,0.05574572841914821,0.1620464394410087,1.1707111300155817
2,0.9693229176817177,0.7709707711377389,3.0292832288125613
0,0.9961156898278355,1.0487829360810124,0.9765487341577909
1,-0.08338681673860271,0.20295753717658507,1.2118747716806435
2,0.760578009358395,0.7801432313306244,3.6712680489258265
0,1.0145289492751297,1.0112050197619986,0.8820497454820876
1,0.24422493836022924,0.06695886254264544,0.781818101782052
2,0.7173144501648783,0.806885360785086,4.255317000530823
0,0.9954166623055443,0.8965028256103307,0.9137328735394037
1,0.07799300411010862,0.3498349430775519,0.783497436258829
2,0.6457387718018979,0.9539213135157522,4.757673006053765
0,1.0121639610131414,0.89735138041246,1.1530082026611752
1,0.061312361567446294,0.15460957495369285,1.0811231716976297
2,0.6547069039770834,0.8366159017537179,3.385024247367442
0,1.026900239768202,1.0141031682440833,0.7416772563673468
1,0.2570018417778363,0.19770743219838258,1.2463911292889203
2,0.5234097639438119,0.6830598441130692,4.532378195753217
0,1.0644029870907463,1.0261310866830047,0.9934709649322689
1,0.3393823174074793,0.39238721459005144,1.166540987961221
2,0.7531175366699369,1.1108936164777357,4.312208125503152
0,1.0604238229894696,0.975708592738063,0.795219416696989
1,0.06385275583082523,-0.05990412698400355,0.9659786077530264
2,0.6853563747328807,0.6951316837287481,2.75249106165795
0,1.0066501303419617,1.0143590620314293,0.9331022167511238
1,-0.02806619445471717,0.2924195714454945,0.4099922558150443
2,0.7062502604455971,0.8512969052119755,3.718130315457393
0,0.9537467133871312,0.9478743016541085,0.8759887749398322
1,0.370008780802472,0.34166631612888443,1.1001418227732205
2,0.7592159585909218,0.6670701657554672,4.062917533768289
0,1.025477258764762,1.0014054537245956,1.1786055104588242
1,0.24987420099275187,0.42828206563187715,0.811590705770751
2,0.6343995656290238,0.6272937002434297,4.661444883598827
0,0.9569636360296119,0.9239317854739973,1.2918623115446946
1,0.2814368385108859,0.16218386054250924,0.9370627036465338
2,0.730834899455555,0.9238295203581637,5.027643873541905
0,0.9640687979834439,1.0826550486092401,1.0204138898425696
1,0.24135127288883926,-0.12979387090887679,1.2625950168315598
2,1.0810507719114093,0.610471814289355,3.4478956950771247
0,0.9357543484383075,1.0039875752425804,1.2254189662325896
1,0.2594834923481723,0.1091700060467107,0.8842600791071173
2,1.0297215756029696,0.7854731785322328,4.703228277144004
0,1.0893844624631734,0.9475226000410375,0.9919170617370279
1,0.21749754728201395,0.1646772929232809,1.3308042436975425
2,0.5042907563415437,0.7402957270114464,3.1864489315315896
0,0.9631946435682418,0.9779691528740156,1.0669569880192384
1,0.42602016604183035,0.18340442802379386,1.1919268764975215
2,1.1651452990116944,0.7821528086964717,5.316594951425677
0,0.9697205533266479,0.9960886708201784,0.9601879377513113
1,0.11614153289964013,0.1782326349122237,0.7560554838785332
2,1.1718064408454496,0.8046764950219871,4.546931063937894
0,0.9468977130897748,0.9019725487569218,1.221846720014458
1,0.0722543846055678,0.10155549321734973,0.8693831699042386
2,0.8006346435411513,0.7254889133706565,4.399166373942925
0,0.9454436276200205,0.9522719268695173,0.9134681390258407
1,0.3399659784463708,0.40681240617491876,1.0160707279230508
2,0.8654337840011632,0.5360649455004345,3.440416391179627
0,1.0832090627675834,1.0194163622675165,1.3432645334544748
1,0.3197439215884547,0.25900438339002874,0.7169142676133673
2,0.8292916366321493,0.6962701624990592,2.9671381120554625
0,1.0326556421161117,0.9630318015778002,0.962436311130417
1,0.17432221195989187,0.3178664859318957,0.6484439692716855
2,0.5944926173713987,1.0458899966755233,5.100777218845359
0,0.9573185966279991,0.9737186410785575,1.1698339519938334
1,0.115658352960593,0.06893291291998027,0.8660818086232559
2,0.9493115671747341,0.7830113637813562,4.60784353018403
0,0.9297816931158478,1.113193157009728,1.162745811898354
1,0.3749129302915679,0.31379903398543535,1.0583158265970396
2,0.8596713735102793,0.7007591651235472,4.155860654707786
0,1.081256286752075,1.0289459852132075,1.187113509409039
1,0.27808894729573624,0.25759791054647635,1.341158560810114
2,0.7324025514385053,0.6539705117170675,4.792680999559054
0,1.0471758670173994,0.9562018604269575,1.10595584610348
1,0.15834833682277824,-0.05316360885996435,1.1783531485700518
2,0.7574166440840459,0.6662989850645664,3.1356758620473277
0,1.0342443237164867,0.9308510631042969,0.9558877380964887
1,0.17188268628995634,0.024954036739070234,1.1998520541542737
2,0.7004254424179686,0.5687309498150952,3.657072245528169
0,1.0829738396771045,1.0128557618091225,0.7725894294954906
1,0.08001193338912822,0.25709289068467056,0.9122028913618456
2,0.7635833382559973,0.5426926664018576,4.37718963943
0,0.9560130279338266,0.955794024233593,0.8534113306500049
1,0.1923055848858886,0.12775980961713007,0.5399254949270017
2,0.8352178846554735,0.6871859407598846,3.9343421148014555
0,1.0214524768073312,0.9639565577828311,0.8655176581511854
1,0.1869276435764748,0.19130314259296152,1.120188430324285
2,0.9095160658302294,0.8510165906567402,4.042979005539517
0,0.9074919145926966,0.9655358383203139,0.974894665639848
1,0.2313800779409661,0.12054270339829698,1.0595599531019584
2,0.7018727274838837,0.6552423071875172,3.4675049476356965
0,1.0090194237619519,0.9980756623279619,1.1567087524155872
1,0.19688783635899584,0.2844517472908881,1.1445922389902605
2,0.6189440823586506,0.6982933703618622,4.249356026378683
0,0.9409435011664522,1.0316176871684846,1.0745735354360728
1,0.023592006391885967,0.06092473125563419,1.1768855009228754
2,0.7290785710860993,1.0568164953522818,5.271083012774584
0,1.069798221916841,1.0838338703930088,0.9448063578488812
1,0.2514427542346819,0.3487890352219917,0.8053064724766984
2,0.7838133335508264,0.8135074883353772,4.9569912148663136
0,1.0386179319435191,1.005669412627119,0.851975766453706
1,0.16102264044151435,0.17503748306862169,1.0527782123319116
2,0.877382014383121,0.8071986098605,3.8072388448147954
0,1.0249189594236707,0.9817815394189894,1.424967821649069
1,0.1453962274995787,0.43014834512320477,0.931360608520519
2,0.5329230826230142,0.7280114530703703,4.621890192264274
0,1.060994755954344,0.9617976297586083,1.0684558510280915
1,0.19021685920332174,0.3417761289616582,1.1633324618835668
2,0.7992361506223797,0.8682170547893644,4.361276124620197
0,1.0802540213323617,1.045365888539318,0.6835950753578928
1,0.10609044692037269,0.2694986712738052,0.9227059808328877
2,0.7719613603433584,0.7764272903552056,3.8130342850141035
0,0.9370378899496208,1.080085556805655,0.960552061092335
1,0.26312613832895243,0.27439740659133127,1.0025804708513362
2,0.8951675746615262,0.9310503950774967,3.8188583776141134
0,1.0485547866621665,1.0276313154711076,1.2465029277168453
1,0.014290975982279991,-0.008597299105244566,0.8834917587700052
2,0.9015499622983938,0.5729713919825359,4.923879952943779
0,1.0526038547615495,0.9160359959044493,0.8120491396932584
1,0.49087692934924865,0.405052572042035,0.8907702943800578
2,0.6124266761818452,0.8588585851653883,3.698497954174827
0,0.9583279420220567,1.0439943309711508,1.212527065262755
1,0.11205502133011164,0.23332586605529962,1.0743269530942756
2,1.0901032069166483,0.9738900735816897,3.606619777713245
0,0.9603511621277533,0.9881068027878666,0.7795978730482025
1,0.24125509477779378,0.28325235121146103,1.109191756438652
2,0.7355492239436876,0.8366276187379305,4.202097925399917
0,1.0392279001774836,0.9919936563944074,1.2390083628457143
1,0.2655029431182929,0.33414504495617464,0.8926411024542397
2,0.6222698174456657,0.9596523783713405,4.1003693493179
0,1.1110987820063973,1.0859988117979067,0.7219752185908872
1,0.29418520940920234,0.1865508182379116,0.9531880537730048
2,0.5432151536677086,0.8554606941022798,3.735427183611455
0,0.9846343358750461,0.9393268186618827,1.4002260988892044
1,0.34652418597085877,0.4735354145850797,0.9952730027494318
2,0.9183498936196067,1.003249767526535,3.7220748649423037
0,1.0552706319865348,0.8722889524365423,0.987501581826622
1,0.4336079593282737,0.3726554480464258,1.1667104363750849
2,0.6682386451380184,0.8647641565332604,3.4703695919362123
0,0.9302985224893735,0.918158039902989,1.0813630053826329
1,0.20052378822942563,-0.19848016594364737,0.6605881160811662
2,0.6255798770636409,0.66791513193862,6.863540869250906
0,0.9764210241461361,1.0699122587193368,0.9702563296493378
1,0.2648252458396214,0.39164440352626717,1.3365408940722803
2,0.8630502648245543,1.2360346947040723,2.7930266367383982
0,1.0438688116395172,0.9519500492262367,1.0600666765053877
1,0.1655935637293084,0.03969648147520574,1.4236240882564701
2,0.4976728876243407,1.0541841548705193,5.591104883467387
0,0.9657099086043719,0.999744987254013,0.8883663736725542
1,0.3577475526353945,-0.013166970426712055,0.9805634407494945
2,0.7972828181420512,0.7804134098058825,5.088221204410677
0,1.0443560190496843,1.03547226183338,1.2361358424713471
1,0.21340063848210591,0.0035809541097177877,0.897245447896216
2,0.8671663426213688,0.8869327133805006,5.088347546926109
0,0.9942145774821598,0.9949415345822402,0.9593560479945004
1,0.105388130692854,0.3774177669861666,1.231286463153023
2,0.6929559395298711,0.7945802924112668,4.067821890278281
0,0.9833619532165145,0.9550840460139638,0.7732551892967044
1,0.3083571028769704,0.40856819464608374,0.8676395884529278
2,0.6995197774779056,0.9572243293785577,4.624656028076103
0,1.0109118529066683,0.9939139400021085,1.0454273951276625
1,0.21957794296540906,0.13952481954833293,0.9901600383953251
2,0.6511101583663434,0.960889201564314,3.9174197251013165
0,0.9521316118434454,1.037346664257785,0.884207246498302
1,0.31957839845386465,0.29130831842125815,1.0451787012344007
2,0.757019108606936,0.8672736369227315,5.099628816426966
0,0.9756007226858752,1.013819178816791,1.284818890764332
1,0.20226257959833013,0.24298406444633874,0.9623657538588343
2,0.6070111319565336,0.7628450646317858,4.865531891846624
0,0.9990103278620213,0.8699144807555054,0.7461378423993459
1,0.04258174192722505,0.2715046508720011,1.1642276379594805
2,0.8860199950346143,0.6288359593401268,3.795925669412732
0,0.9212457947860319,0.976428648470275,1.0669734416091585
1,0.18013395172167465,0.2945071531251137,0.9217246083238254
2,0.9073697398840942,0.5274963102435897,5.210204805732049
0,0.9212549361557603,0.9421287316253193,0.9013999070826516
1,-0.10426117702962662,0.4318883050242939,0.8300512206585424
2,0.8955068755705717,0.766801583841549,4.260953813456034
0,0.9478820806979941,0.9636180191038431,0.9824069897360603
1,0.2097721444411672,0.2348707640189623,0.8073949611257062
2,0.7104908854049425,0.7186673671640433,4.920760741545665
0,1.0883062410867788,0.9822412681795519,1.1086780916721126
1,0.41156349950645693,0.41077715030941875,0.7794574193772326
2,0.7538843919028811,0.7648111271739679,4.047449563227059
0,0.9209396387999638,1.0030497323691259,0.9438409586337815
1,0.44194319825710116,0.1197752805187181,0.7991187617900487
2,0.9344566458091697,0.8048850214381148,5.146525742394955
0,0.9868636059763833,1.0062513270996178,0.9091686506736106
1,0.16772741742693825,0.24037933013178384,1.1670156562957603
2,0.6737276348935972,0.8055474270243935,4.363601132289027
0,0.8990606756911198,0.9537760315923905,1.0139664059324016
1,0.06942415868973895,0.12352161212305311,0.8779704774063478
2,0.2801037459358705,1.1565885257272674,5.156631636083753
0,0.9537299824786285,1.0113811326960165,1.1727493860304588
1,0.04420199958123247,0.28079551506418593,1.0281326248019047
2,0.7951826613956291,0.6519455267382281,3.696202848936058
0,1.0432130846667889,0.9200085582558654,0.9655013152986262
1,0.17910387123536442,0.5697519195344176,0.518394029131052
2,0.8137159812506932,0.8521041855676259,5.009810536480621
0,0.8899311740498703,1.0304017776351801,0.8825649964663421
1,0.24520855792667295,0.1958477993376732,0.882392971165158
2,0.896253521651211,0.9498570405733029,3.6619244355384155
0,0.9825480003632111,1.0147653093599414,0.8647153151365057
1,0.06676112150416699,0.22414704586152254,1.3626074332498104
2,0.9998323292005955,0.655611344776463,3.3811048864077224
0,0.9786764168701177,1.0023728422942875,0.855029600866497
1,0.15574580108504654,0.02262022288409052,1.235985088733178
2,1.0875804657305437,1.065939194730718,2.7738522712654143
0,0.9601195357484085,0.9465340455903952,1.3781342614412857
1,0.2746084485932665,0.15067141254416563,0.9295171113903078
2,0.9927744004469038,0.6253037209109034,3.3831106155875696
0,0.9859325245932883,1.0399539692208275,0.9900965835485432
1,0.26726961693545,0.07459238249490091,1.1652111044740123
2,0.6619195182322869,0.5369404092380904,3.791395963908875
0,1.0578175415849433,0.9979294143841665,1.0233955972580921
1,0.5130160187889057,0.05609739397423877,0.8279620800551569
2,0.7060531323058379,0.5494859144081612,3.244607191876646
0,0.9898425687718599,1.0585702500652263,0.6029506721838523
1,0.03735983095813031,0.2426749950482035,1.0744316720950886
2,1.0504150931737608,0.7553006691519821,4.841721475748393
0,0.9804015281753106,0.9937222584423573,0.8063986010269594
1,-0.01667392471613746,0.19250214750015335,0.852710723841527
2,0.7180100649738195,0.67397003870747,3.121205337118549
0,0.978243707217893,1.024749701792247,1.3284639342467142
1,0.1805281683385927,-0.014960531162136526,0.8603090807459677
2,1.0130442890051614,0.7204566602745678,5.096566909496298
0,0.8995237463567494,0.9872290327012516,1.1373551017273824
1,0.3797752638457615,0.14333000853863384,0.7124312532912498
2,1.0132791606389235,0.7901955072955282,3.181233285626
0,1.0690640868343078,0.9507587864207034,0.8801667894792806
1,0.27558053192144405,0.252923437835761,0.9598761421869193
2,0.8555243255702338,0.5899720896902587,3.376219547407438
0,0.9625391146911311,0.996472956158759,0.9872707395265415
1,0.05271481582342072,0.04071321857299509,0.5922371909440066
2,1.198851952427812,0.9961773200215547,2.855940780260275
0,1.0067884819200457,1.0575758554376957,0.7857141989019768
1,-0.000952663902592521,0.04157274501913111,0.9466482274387686
2,0.567783060222003,0.6251612157956515,5.763273868592791
0,0.9760332250500108,1.024085006320249,0.819731316101553
1,0.38952590142775134,-0.00810679547298268,1.4502790705118171
2,0.7304466245168422,0.7107856631464126,3.9867046534062744
0,0.8870154322042864,0.9643332045636656,0.9743221756766729
1,0.0150338327313001,0.1909804886718919,1.0012247039435695
2,0.7061676992003856,0.2812296761591361,3.624219113779345
0,0.9433384252045969,0.9812813963376849,1.1861987569790498
1,0.18265369669472445,0.2437511933640859,0.6706247618625785
2,0.8419210745861819,0.7149761793523575,3.9937659570179074
0,1.0695539240643983,0.9874567637004263,1.1378053177750445
1,0.18032877560191754,0.38565091364563475,1.202565771840163
2,0.9957930462396635,0.716075498835881,3.8814993375696525
0,1.013280174073622,1.0706644194882522,1.1508549708897953
1,0.16771425884697147,0.19874717672439038,0.5412469199060007
2,0.8279640373302659,0.7113139513243865,4.854843148263627
0,0.9396692167738605,0.9706946284986055,0.9636405573340661
1,0.3531759774104326,0.3553528027719678,1.0588349475810537
2,0.7786839519481706,0.9437267245740205,3.7563753884768354
0,1.0058629902971463,1.0603071863184856,0.865322312877043
1,0.16969198342553163,0.11599092322506266,0.7464766235200553
2,0.9127272515744973,0.7245412893134785,5.757614655371184
0,0.9838058379489729,0.9835987568474424,0.9265584024170617
1,-0.03080670979439834,0.28775655295431624,1.1344722373487404
2,0.9633467532139057,1.153060237112205,4.014690999683289
0,1.008488565034725,0.9729571430198007,0.8447878524701226
1,0.3779259303205891,-0.11538838560758152,1.2851223180233011
2,0.7128794347356213,0.6545493127758805,3.016775490038699
0,0.9266557984976127,0.9028148925420563,1.3059528232849866
1,0.5178627224010117,0.2079620035996649,1.320622467367364
2,1.0582396684780253,0.9145226225044396,4.562030435923474
0,1.028134028539807,1.0832251574141383,0.9723931518791213
1,0.34889990158664286,0.11098472545448615,1.076540499050126
2,0.7560849528110571,0.7577164532165017,3.2722882279905225
0,1.0276342680834862,0.9846477852742261,1.0389747412958332
1,0.2368802254260835,-0.14857673202152238,1.0783327687448028
2,0.7298348205974123,1.0279690884775692,4.733890418093688
0,1.014999085463659,0.9790798170984477,0.9643441146421822
1,0.18191116142218572,0.298029984393599,1.0765559953003176
2,0.7563584029665422,0.8130428728101357,3.1352784313317605
0,0.98862372852398,1.0257134916931234,0.9056340309368764
1,0.12447256339814151,0.23570497134967008,0.9211389868647759
2,0.9241619909025541,0.7832006091329143,4.1161097323367795
0,0.918335236487107,1.030910475608252,1.0753513945217614
1,0.26396826649939464,0.026029133372306223,0.6380284404411058
2,0.6626871859900603,0.7944295674977238,3.908384549570523
0,0.9870337216085773,0.9955255645301316,0.823029089665035
1,0.11342156321785932,0.10591201663110632,1.014410342987974
2,0.8887410075666881,0.7486471099379429,1.9578689481112233
0,1.0854295812552686,1.0965144448591526,1.2681219309783802
1,-0.01740478314216945,0.15627358018818893,1.3217906135087774
2,0.7524731446621744,0.6815678980755375,3.544324689192095
0,0.9562327195164723,1.0067062400780609,0.7652057893242753
1,0.27355167969938754,0.4114036181906292,0.6463386258433393
2,0.8297945808205456,0.6146340655916862,5.210090709648675
0,1.0107163024978156,0.9652437678850174,0.6326815683380573
1,0.31112408220083076,0.1588405005747937,0.8838349227100443
2,0.7369199218934432,1.0584737509131068,3.472297854905314
0,1.0365239935455164,1.0158836674511267,0.8467257879311755
1,0.17123930778312635,0.28552387531110324,1.2572997546943474
2,0.8431033207562347,0.7050399059749773,4.454579718600234
0,1.0919133686182616,0.9607752689300978,0.7819454393116282
1,0.19975570685162594,0.23665707899528168,0.98525711603631
2,1.060448671403788,0.7912211359066755,4.488852195390542
0,0.9513244624172217,1.0093449778058285,1.0258837079485505
1,0.4143115619909164,0.2127354856195332,0.8199793776670431
2,0.8594894708779333,0.6143147060268626,4.00092781567662
0,1.047468963094535,0.9184078941165715,0.9153362648673111
1,0.052099560218337754,0.3767212136448963,0.4209882481641438
2,0.9719010164585207,0.8669350242537561,4.344167882375284
0,1.0396435510374973,1.0008581482833663,0.5305001243146921
1,0.38762819401269377,-0.12598200755130223,1.1270246562576798
2,0.7880925159375252,0.73459159547212,4.910560414691386
0,1.0454569627978076,0.9714284736636339,1.3014503299176863
1,0.2528708490746671,0.057897982509219126,1.0386231427479395
2,0.8577714294232403,0.9967200521041444,4.14936546332066
0,1.0146290505382933,1.0873817608111942,0.8948177362233075
1,0.32492159857511566,-0.0021765758052192385,0.905477539024776
2,0.688757985648973,1.0952778913699912,4.5177250566301685
0,1.0179440466890846,0.9994979296982685,0.9286359355986887
1,0.04804488841334731,0.2858483758692085,0.8307781871034963
2,0.83502681614372,0.8641192165716555,4.372947372839578
0,1.0632231834151553,1.034313239674916,1.1160444807729368
1,0.25194277633674805,0.0805854206483771,1.05666676252119
2,0.7801266570894727,0.8667704576563667,4.643814288680991
0,1.0044031034485668,0.9309254961497813,0.931740807799995
1,0.2132207223113669,0.21739928619282664,1.1297094405276953
2,0.923661470927003,0.890278497817787,4.763584252260726
0,1.0578253235493589,1.0467034621797482,0.9804185269257577
1,0.20333697466295078,0.08864363485441211,1.1051658039495045
2,0.6789382549748793,0.7579553102838279,3.4593199492559656
0,1.0044240881118787,0.9720195975037564,1.026985529422968
1,0.2028782500307255,0.24216994103486603,0.8767686125073877
2,0.9340998252662247,0.6930126502313656,5.377511782959005
0,0.949565058679719,0.9429271605008425,1.1104750916426107
1,-0.12653117777765094,0.1448210408536393,1.1315288551445957
2,0.7532587635974618,0.6300226938898219,3.95012210163034
0,0.9666513030309558,0.9362700969732574,0.7838521482832402
1,0.20702709804635483,0.29471591755539095,0.918421318953829
2,0.6610391874743204,0.7180447461485674,5.832806394691858
0,0.9589743292628552,0.9979537768554319,0.8557703116180837
1,0.1853867271737867,0.32003637249079553,0.9313653275526862
2,0.7402013281369875,0.9257131963359032,3.1976591346911745
0,1.0732340617351976,0.9563280912573924,1.2391555238543053
1,0.27019338268834137,0.26315271175506416,1.0442833865698502
2,1.1361887860248379,0.6342046220105824,3.258439224909083
0,0.9199364173993869,1.1594667208128953,0.8527277921305152
1,0.1814787819574226,0.2841395943480295,0.7259947327507914
2,0.7012310027648267,0.9782738316920128,4.244900779517611
0,0.917083877609945,1.016058675370157,0.7508275973425784
1,0.03490490640119018,-0.007234929376421978,1.1791505542368532
2,0.942533668281945,0.6364589119972871,3.5640210270939865
0,0.9830496377019332,1.0432676913959444,0.9432124204775992
1,0.2895187712584099,-0.08105653179624839,0.927336461535488
2,0.8157809299338318,0.8992341979791918,4.587918872241494
0,1.0535606993736717,1.0197320141950144,0.8677521463694229
1,0.12941275557415793,0.0810578773546261,0.8214320129772312
2,0.6694497096996158,0.5207136416690517,4.166096558634362
0,1.0273983910873765,0.9517664083956754,1.189941838264367
1,0.1626475941418228,0.030222481628539605,0.8343140492423675
2,0.6794393149417312,0.7515942136842078,3.556625023800331
0,1.0242517272008755,0.9956605981993881,1.3447714229726155
1,0.29671195416284146,0.33144806440071284,0.6486461830638339
2,0.7440436934333639,0.8811979967867571,5.240553766352918
0,1.0588336625058248,0.9530932644410574,0.9462565145777745
1,0.1472717841716623,0.12258526394763904,1.1269832326189952
2,0.8195794909712928,0.8554308416090426,4.537426441195744
0,1.0718457794366925,1.0495211109442162,0.8203342494000874
1,0.14934896075897686,0.16930925198517932,0.8271835177828762
2,1.0524466178676382,0.8690757139670184,3.2282611252719278
0,1.0179818810735268,1.0236170111580538,0.7001713431628371
1,-0.023073774541033404,0.33555608046687124,0.9437976938795956
2,0.43267719941431393,0.8857675425529868,4.043262177450074
0,0.9334490957677577,1.0049449190745283,1.024602242647909
1,0.0020074541655913936,0.30639161043955493,0.9885995190555921
2,0.6366665981327843,0.4313597692842817,3.3717680814313016
0,0.9837373073712021,0.9695563627594358,1.0441513639679576
1,0.48326569840008043,0.1617989824246738,1.6153316476759843
2,0.7122642649089148,0.8706120044578166,2.4160463425519145
0,0.8907971877016052,0.9859892383792247,0.9865216396394899
1,0.3292049679749528,0.2787267941746915,1.1208466657081326
2,1.036155727212809,0.6228025396327803,4.937604004208962
0,1.0059251320110583,0.9375272909155113,0.9098968828336548
1,0.0875107287965337,0.20216836322531817,1.1513649321599406
2,0.6830788412032134,0.7343758783141746,4.322532240907341
0,1.0049827488143739,1.0277690368192292,0.8666713109668595
1,0.3144376119682648,0.4864955262947025,0.9616555821538866
2,0.7028365850210527,0.7074352398448525,5.016397788352468
0,1.0258327273216183,1.067927308766261,0.6823962048511183
1,0.05324040773802888,0.06271743492826923,1.0654048429769807
2,0.6457045251002793,0.6157971134641744,4.3542105696963205
0,1.0544818684247215,1.0017252483745747,0.8458393790907467
1,0.38319416861567446,0.41466102616220646,0.8909171969790198
2,0.7459241725448181,0.7767740379730202,4.329970088106755
0,0.9727408576937394,1.026321763012235,0.8271079050641681
1,0.13482339744046118,0.4242356793898183,0.9531975002566524
2,0.839826604091274,0.6333452918315877,3.8997525211964605
0,0.9276287853113365,1.0407461755803589,0.6214081822505377
1,0.02168627793582803,-0.04053583529511795,0.9812678757605754
2,0.5452396971136999,0.7553060252985727,4.02652138909809
0,1.0025433841250977,0.9265194438499901,1.2273498999539594
1,0.19194485143179021,0.3943836822952902,0.989080233473459
2,0.8625692477423309,0.9786316608883883,3.400104016568257
0,0.9825394251257287,0.9506824605421805,0.8499023406546409
1,0.34538930061446516,0.1573359755999071,0.7429189060081003
2,0.8688040396663916,0.6521896447133598,6.164156487085767
0,1.0318571786324908,1.0575535411368628,0.689270135110051
1,0.2377797007557585,0.06121330517705317,1.0719441407650943
2,0.9818629585181884,0.565360725780919,4.101719880412709
0,1.017240908960658,0.8984314402853943,0.8920312650181859
1,0.04938798774886766,0.1257020250958225,0.7501613098729051
2,1.0523463646463,0.6952371776498317,3.0359413947190235
0,0.9477246132015799,0.9757934711688796,1.080511116268957
1,0.08021035096478198,0.21857921102327726,1.0656533515610256
2,0.8480387177533675,0.7432899571088863,4.7274525980246045
0,1.0133713272484741,1.0328367584181177,0.9559370782464283
1,-0.029507879120050345,0.004186770503356113,1.0739209189126029
2,0.910247376361928,0.6165459705523725,4.116873060783105
0,0.9985989506304017,0.9823897884570864,0.8883638691007019
1,0.4772266534810771,0.085794561259647,1.4350179604106261
2,0.6356172053887127,0.6649257173658009,3.890710482503327
0,1.0597788003534918,0.9639405652082047,1.0638910980981964
1,0.33504566321005813,0.0011878875406978184,1.1226034385827917
2,0.7874875886746935,0.5165832167075011,3.0603243891580436
0,0.9333040442294205,1.0748836660198107,0.5364626312960283
1,-0.072066372404687,0.2966862707316135,0.7933179452121812
2,0.6804018701398237,0.7812474222953504,2.7297853129188203
0,1.029545338374832,0.9776527878050358,1.0752572772317457
1,0.3533581247882457,0.2787613581806346,0.8897582535170486
2,0.746345302747734,0.9000901700471373,3.474333051996224
0,1.1761598584596389,0.9841834272564036,0.9790820242783271
1,-0.06589601333177614,0.32020077467260966,0.7692709428277851
2,0.7751262626071191,0.7223768632588221,3.3280835521458085
0,1.0137570092498267,1.0586318489246562,1.246509839350869
1,-0.06508751682975572,0.2601066171746477,1.1429447060519409
2,0.8683622359511588,0.7590241656321778,2.475422414466398
0,0.9597329372253266,1.0226923684893636,1.114522306560755
1,0.09321676040501448,0.0775343561411876,0.8193905642790872
2,0.6164175072832788,0.7040319402763404,4.6421357190908425
0,0.946420166066644,0.9683367555297218,0.8989209518372363
1,0.4527362880216738,0.10800560400186243,0.9190168297048937
2,0.9009087792764447,0.8612020271620601,3.690892303709189
0,0.9342536245280791,0.9472615661483195,0.8469860093879799
1,0.3499671498181761,0.09736577181733205,1.07347912150197
2,0.6203484513235834,0.8084926929853399,2.2658677985530615
0,1.0286700547125147,1.0324594470748647,1.1953525635646005
1,0.22761340017058934,0.3278697982072323,0.9469884084667907
2,0.7006158515542309,1.0448702743675964,4.097704147413192
0,0.9695096592234667,0.953798985181701,0.7097994820764209
1,0.44701104123416274,0.415094066517652,0.7965996686650656
2,0.9549559354464486,0.7869241826487551,5.8578813500293565
0,0.9741041757803529,1.1192135979166693,0.711515847562729
1,0.31175327908695843,0.3532649384356766,0.7391929872989679
2,0.8524418013498855,1.1177433771823024,4.31408131812995
0,0.9824254375231666,1.0665986760897672,1.2944281876317476
1,0.21231392246727449,0.05807567259605953,1.0164630750071155
2,0.7703164505856465,0.6877826787485765,3.5545966465576986
0,1.0150943375283135,1.0241847457392017,0.7909507361067059
1,0.39829243434085027,0.0469899134374869,1.2638773961577272
2,0.5989840746201781,0.3544439260269596,3.5467735667547626
0,0.9943862538965476,1.0134876553080197,0.6073390200682098
1,0.16802317433822933,0.16898710874036932,1.3075143875143964
2,0.7296859926539567,0.8369696228460606,4.047120849852625
0,1.030609707344524,0.9982171514568502,1.0337924802110698
1,0.41434840839384257,0.09011626935012337,1.443524887570335
2,0.8581439782877754,0.8897921297053295,4.198004964754679
0,0.9739918468006781,1.0097312005651542,1.0002752463708107
1,0.1923382288529853,0.12807980711687184,0.8709153341858644
2,0.8790387270070347,0.4780404761877696,3.591069094499283
0,1.0411833765263019,1.0188419453705944,1.5270434544461513
1,0.362322783753539,0.320284029796803,1.2138981587692734
2,0.5057930621573432,0.6492581380686828,3.919391033595776
0,0.9629018768997313,0.9210567561471086,0.584066027774817
1,0.26007366095162576,-0.058699599037626116,1.3540011019850944
2,0.8236454917731425,0.6540179534199163,4.21537180633318
0,1.059908096436416,1.0196695435110863,1.0141706076612107
1,0.12616393363828676,0.5015514740263783,1.1183275166790119
2,0.8151801723562966,0.9234988603535306,4.392030515914205
0,1.0396143968925895,1.0293163943042503,1.5178487346444567
1,0.10751874125033742,0.3425307007327638,0.9733992787302842
2,0.6743931884093375,0.6893953793207032,4.314634337348077
0,0.923539105808383,1.042915251929013,0.9446978269244454
1,0.3354023969172797,0.33299859039517277,1.1019632669498096
2,0.7091578670266626,0.5008455200473068,4.04072979437491
0,1.0224800705129409,0.9662198572783672,0.9380665009878674
1,0.10435982899821115,-0.0037865406673935065,0.7190250002614537
2,0.6989791657700773,0.8277049454008222,3.213107936314754
0,1.046074992924033,0.9355670486291656,1.1258962720753485
1,0.2327702699332497,-0.05024312776344997,1.0495551554582339
2,0.7158155260524783,0.9045363053798433,4.205213894463728
0,1.0317341381117329,1.0408491780543039,0.6860712122709323
1,0.11045547865877094,0.28579343833743653,0.8152249915953762
2,0.9336884583346163,0.7934375194921546,4.334270932199778
0,0.9493232895953095,0.9328473334915861,1.1468332143142088
1,0.294409844764563,-0.05622828810305491,0.9555844288764572
2,0.5520525716409816,0.9399035311471942,2.3839389898703724
0,1.0488367597398691,0.9854885682375681,1.0869949138971533
1,0.2626985537687252,0.21108879745147133,0.9229640402394712
2,0.607131761075334,0.7563815764027154,3.570617552350824
0,1.0548820593501993,0.9451970462502847,0.9848315145481153
1,0.07181907910326307,0.27934801681334914,0.941506779962363
2,0.907791458559887,0.6060468977969774,2.5189581613363208
0,1.0171225020637877,0.9671197034294263,0.7921174836081738
1,0.08465711795977016,-0.13723180913609628,1.3051364157489835
2,0.9095290829002729,0.7359415197541156,4.286721049674611
0,1.0830780981107448,0.9262042856637595,0.9084136080207859
1,0.2846109406148208,0.07293058537064884,0.7808888407010106
2,0.9880846091318353,0.7336202096716309,3.1639887466415173
0,1.0332223426465734,0.9398537511990871,1.080594984923619
1,0.17925133228697754,0.042892575032390995,1.196825375521148
2,0.6036164109812879,0.71591622270411,2.923480352232907
0,0.9805244859686211,1.0481944799190595,1.2275376656445829
1,0.017300775788512746,0.006056718114952758,0.9672495393995197
2,0.7889890977925907,0.8319037071549614,3.8573680305936975
0,0.9503805137406476,1.0532792113609433,0.9059256722622518
1,0.07136796903209791,0.28461480500120306,0.937080449146258
2,0.8457609012819851,0.762542512680142,2.4845096924092207
0,1.0254268167013174,0.9222701487702841,1.0579714883239801
1,0.03317157236181559,0.12942708392873664,0.6465551897666317
2,0.7745859212840159,0.7947209958772513,4.335776267934921
0,1.0361299725877124,1.064688876741127,1.0644397163247918
1,0.13163953043214802,0.27571870236779183,0.7507864812858724
2,0.6831779792066884,1.078970756992628,4.246525064956108
0,0.9775742418630177,1.0001572329911055,1.0206944015700468
1,0.34133449824446754,0.37875149286907706,0.9006400019764174
2,0.8572344786896708,0.7013734848565474,2.525360482912897
0,1.0551638870606985,1.0377788310730285,0.9439092333527959
1,0.17983717189899792,0.28759729953747504,0.7718902940373621
2,0.910257050232652,0.875998849112074,3.3290036659406406
0,1.010343970789213,0.9991071300097848,0.9945108750965037
1,0.23637806956577934,-0.029564216902821877,0.9502687073915159
2,0.93274373495867,0.6516992990058639,4.884386182560091
0,0.9437978456905646,0.9319562330305322,1.0989112382922421
1,0.36815726283571315,0.004793332236453313,1.1528630135113822
2,0.7416232084243193,0.8316489280588159,4.193139185831296
0,0.91954759587815,0.9500253475230578,1.0215394503223671
1,0.26651169470483516,0.17198425834447684,0.608405521888807
2,0.697501474507283,0.6936728199332666,3.7900746441875404
0,0.9553995393688687,0.9162402361417721,1.0968944144943087
1,0.2688944068490439,0.4613425716329094,1.260707537985843
2,0.8373680912914561,0.5560916298844767,2.7744341259892735
0,1.0660788116924858,0.9510938085152345,0.9751776629929938
1,0.2584752728323783,0.423092953971155,0.9628791436514411
2,0.9802308275147003,0.9002970651795017,4.416554769469929
0,0.9609085602469928,1.0448115703750431,0.4914979077640643
1,0.25979120642333936,0.18356880845087883,0.8453099012569276
2,0.8216827370682057,0.6832754051984737,4.232411511670896
0,1.0342337354948015,1.0244855473917387,1.0954760407380375
1,-0.07143807240821243,0.2640428892203439,0.9961431652803512
2,0.7493984827077667,0.8621289579163169,3.7208521894593902
0,1.065412483425339,1.0219230127097707,0.9804061249580771
1,0.3295660824774057,0.4134805222102105,1.233286762882797
2,0.9039884091223158,0.8338240553564412,3.1647542716520904
0,0.9674899667214957,1.0179711221845993,0.9408760534478029
1,0.013862717152426651,0.14432761319849366,1.0619321346838337
2,0.7683696896328241,0.9101782217521641,3.4659084333587225
0,1.0165923197898077,1.0518029524689272,1.1526447913235227
1,0.07464868727393525,0.25699191152937156,0.8061536393240591
2,1.0103012579421322,0.552126677689923,4.642857397206333
0,1.0854756982356217,0.9481105334441875,1.009190148416886
1,0.4297222286014858,0.10492987066827578,0.9757664940593915
2,1.0813689056369546,1.0829070769083717,4.467013719515316
0,1.0001292985026067,0.9115904879857379,1.1809654398786378
1,0.3811951083239419,0.2087185060479296,1.0620310272778415
2,0.7030913550755683,0.7767804788689681,3.313811218432559
0,1.0101179325618923,0.9730624081065569,1.1595359212408936
1,0.1949140756547817,0.18959783157248705,1.0574608280662463
2,0.7655557828916042,0.7082898554132954,5.705071789014941
0,1.0558199026537782,0.9221650171796163,0.9305184156225268
1,0.03493569483103093,0.2858647492018859,0.7679073710535946
2,0.9535359361210721,0.5638769288159848,4.46989610531258
0,0.950960122217899,1.0077473587194816,0.8503320227288229
1,0.13698319751890325,0.3836039268883162,1.0764686570339228
2,0.8760495769600923,0.851216869054224,3.861436667739638
0,1.032524116799107,1.02451393054647,1.2358784695475198
1,0.34840732218427417,0.16491830728492543,0.9043503162390747
2,0.8534483501762145,0.7495151373348564,4.451175573174989
0,1.0700542217585054,0.9616171114218165,0.6640045410385287
1,0.15180373385636522,0.08832981190255086,1.4723629003646908
2,0.5756597389700746,0.7706240729046485,3.0650165416160933
0,1.072851382394161,1.0378559336107964,1.1488518514139912
1,0.24627820481715607,0.34581858989729886,1.0126372557979721
2,0.8639791018082361,0.7707737584861912,2.059291744823766
0,0.9034645194944599,0.9821475860896376,0.7770350911977043
1,0.03203285937602221,0.08174727978130732,1.096943999041784
2,0.6040463572295922,0.9648440177186315,3.067076825404055
0,0.9673038331476753,1.0198026751994689,1.0520526217275055
1,0.1379722162018079,0.4311043710207343,0.8938548804685096
2,1.0132694811067635,0.9067426337607842,5.387028630667095
0,1.0429086646154484,0.935214214203139,1.232399190232259
1,0.42110631522079617,0.22034129172570915,1.3902113904016313
2,0.6118525813533735,0.9479761611423345,4.357266716938223
0,1.0564160553989035,0.9935552364346839,0.82815711059112
1,0.3439369514647529,0.00884809490715563,1.1128597684446409
2,0.5669129635800367,0.8498971792528254,3.9194799181495283
0,1.070086329590869,0.9691990000447894,1.2088254559998304
1,-0.10658745804791314,-0.05463670009817567,1.0843333775504858
2,0.7692423907505318,1.0069192881348936,3.1322390059873038
0,1.019655048372978,1.0119433734075836,0.6976565761622044
1,0.13420157250437015,-0.10748182268455453,1.0306239886848667
2,0.8249309762400028,0.7400292600582818,3.763996693430687
0,1.033182926724026,0.9561980535510766,1.2348083673485264
1,0.11506296369740707,0.16641757617668462,1.1143282283840137
2,0.6935489619851639,0.45322839509085816,4.504071757654384
0,0.9880642230719826,1.0316559557271354,0.8271617889091584
1,0.06429535109445239,0.0929823096085904,1.3403918792458882
2,0.6949876029771149,0.8927119543335519,3.3949684683253594
0,1.0216205197337034,1.0426751277759025,1.2511331913455157
1,0.1652522213908431,0.1757771466035419,0.9566503973311553
2,0.7020908566663211,1.003369648111874,3.552251879457344
0,0.9607980091832619,1.0701517533545055,1.183152459650352
1,-0.04790069852270004,0.45933681663400655,0.8692368338374012
2,0.9026896562734202,1.1767375482702083,3.1562867781532242
0,1.0308082825487308,0.9874318332770035,1.3035470287699256
1,0.11084129351929425,0.1852514119377318,0.8576885079973731
2,0.5491963354242487,1.023164755916847,2.5507707563624678
0,0.9744921056185729,0.9337027635930537,0.9140597881184415
1,0.21091865501896864,0.3628303702586906,0.9681613157137168
2,0.649580281506723,0.9333528856461549,5.016072034491266
0,0.9619901891515279,0.8880612189474663,0.9143226593320998
1,0.41546424294379314,0.4411607759826901,0.7257897198038668
2,0.8491140120442339,1.0465501998753914,3.9405478912794463
0,1.101530641270981,1.0271228296395956,0.5365121806170554
1,0.008789083049645985,0.23588670011868268,0.9630402039580915
2,0.728825791455012,1.1989453449554963,5.05719063253348
0,0.9953820625646583,0.9578880494522959,1.2898227116131795
1,-0.042319965572836626,0.19705499329146198,0.9796623106993293
2,0.7287379969515331,1.0391485748910911,2.947729348271486
0,0.9819340799680273,0.934795268570625,0.8230950133158421
1,0.19527836542715798,0.08879632431537293,0.8213976717433628
2,0.7905976777601627,0.8871798078562146,3.929492835342424
0,0.9966447660675672,0.9358953738378453,1.4302426278733216
1,0.4209675528230804,0.027934976067735068,0.9653117323763266
2,0.9250913700777869,0.6651190004315595,4.330874201516935
0,0.9663167741889686,1.0124291131250434,1.0743537312129787
1,-0.054895249719060235,0.1894811075182479,1.2078555832227194
2,0.8842521555152589,0.5926345501558825,2.6386629316716235
0,0.9891371048891978,1.028984742030774,1.029301049276444
1,0.30879690883656474,-0.0739423203553713,0.9763627237106222
2,0.7893376465031493,0.5985425990386302,5.113382915442471
0,0.9389761538400774,0.9392639329147271,0.8925492325209046
1,0.4477463762317083,0.1603413022135802,0.9668248643130198
2,0.7351537763814621,0.7150405661187162,4.6926817421967595
0,0.9970639701868468,0.9896919545834824,1.1264651026782029
1,0.600269948849186,0.10439268601751835,1.0169146683045402
2,0.8790055617921974,0.7879327899258232,6.136573640099634
0,0.92455880140514,1.0929097222493942,0.9993529777732709
1,0.37554667459184066,0.10871323579529797,0.7134015788500984
2,0.7551599728420558,0.747566697839668,3.980302502666829
0,0.974794882092248,0.9537362608445424,0.9880972479117123
1,0.4337352797440034,0.06469204035228227,0.5781283877892607
2,0.9701958642077346,0.7925257377046219,3.644734930382287
0,1.034283509708379,0.9662733637682853,0.6739302765975023
1,0.30428608902564797,0.2948541385045365,0.9789595328270313
2,0.7972013696623462,0.8546804378801729,4.8274148147239195
0,1.0182020198219512,1.0769218601404522,1.3770396720477298
1,0.3473530318990982,0.27388326040253025,0.8712855141060895
2,0.7371732476591257,0.552572039182196,4.252338513303789
0,0.955828029057751,1.0256745341066602,0.7546291090646026
1,0.12286536288848228,0.5140870695055479,1.2086336602767265
2,0.749958924771606,0.6887199241290995,5.57358707893452
0,0.9894083225813237,1.0411952585618256,1.2307502415144032
1,0.21710890578421,0.016001883073704204,1.2150284242199292
2,0.7838858987603289,1.0468625090496015,4.407866039376178
0,0.9849071229869607,1.0418253102827746,0.9634770557520922
1,0.2736761045514021,0.37746835689056424,0.7183076436955516
2,0.7969752946964854,0.8380706841165713,4.164199581380658
0,0.9129424179219913,0.9828200511811191,1.1154030462001097
1,0.34619731728307523,0.27199385654668007,0.9678064347176916
2,0.9026824559100373,0.9428468465629349,3.405952568759874
0,0.9383418614501231,1.0010328956184864,1.082702317466637
1,0.20105010802403867,0.2746175526743865,0.8623566427527777
2,0.5950997030543841,0.853332583104428,4.659444422997498
0,1.0262399763696177,1.015675432228888,1.081429895882287
1,0.4152261566293721,0.19443040271475526,1.3259252020143748
2,0.7219030302012371,0.9762938345920229,3.3113572165874228
0,0.9090746924150095,0.9789989801917672,0.5964032218336768
1,0.37239681768628874,0.17816661163646524,0.7758858203192729
2,0.7620421835863542,1.0537685591536636,5.133082082036184
0,0.863817613918098,1.030246075991195,0.8654165226092436
1,0.11488249511581312,0.1510102443029379,1.1361641470053483
2,0.9125625813968251,0.5249845498111172,4.2711214105557875
0,1.0174556326335298,0.9987958975747774,0.8088648206466805
1,0.10200350266473908,-0.0442704324873362,0.5057294089663222
2,0.6743306240882021,0.8411026101444271,4.642528044702598
0,1.0110342697691286,1.03181641533532,0.81125931747578
1,0.03818599652271168,0.04989091460461198,1.182889961177275
2,0.7986186718941949,0.6946466893248867,3.694133182575449
0,1.06552950332356,1.0617689039297145,1.1957232728024085
1,0.4999775250364902,0.06606545160456265,0.8267882110849244
2,0.7752639265457125,0.7286632133732103,4.219169120237249
0,0.9748001687416232,0.9942556136666443,0.8095455654021491
1,0.1520428469574956,0.28929604834162703,1.0931320310408603
2,0.7495321225639691,0.7181027581863673,5.370081306452293
0,1.0131098211182568,1.0874100875208108,0.8336327479118104
1,0.048450212011013905,0.12521323664398826,1.2855303976002093
2,0.6575076107541203,0.66437104014891,4.37214970357232
0,0.9884291257410569,1.082045933303044,0.8470184276603283
1,-0.055500519273709414,0.03257810985682988,0.9226028658619871
2,0.9295428547786233,1.0544585689942847,4.584085700216647
0,0.9883685283558508,1.05945188527385,1.1256163067879728
1,0.3513950925136915,0.3222395431089753,1.0110391946647617
2,0.5911630210586054,0.6788779375323211,2.7687086062464665
0,1.004585703960124,0.9710606751850952,0.7421196738172267
1,0.3225236167722435,-0.10408450384782553,1.0268023687964631
2,0.7598925749546207,0.8616925471090428,5.594649643783319
0,0.9797009910939248,1.036488131599277,1.0833409759372654
1,0.2612439550956545,0.07403130231938562,0.8960519743463666
2,0.6330875485777261,0.7297302483641729,3.7216935542161105
0,1.0112822560064776,1.0060846524603386,1.0482925187161076
1,0.3229653098311761,0.14491547459649573,0.6807952947889552
2,0.8102585347046408,0.6612317023272,4.367572801392763
0,1.0510997900554688,0.9593009383381621,1.1107961710290541
1,0.24166653485974232,0.34028875278035886,1.0914996854072114
2,0.7727085372176737,0.9307629765026396,4.95923767205248
0,0.9758843930637353,0.9879837360863625,1.0408060629543985
1,0.44092541370898075,0.12471634814536739,0.460926557745975
2,0.8829582551710563,0.7698521918416457,4.016757242554683
0,0.9770959487354429,1.0783724403856767,0.8538872571091141
1,0.11235201971556465,0.11348945825323269,1.3258625116943423
2,0.8315295163079108,0.8209719823286955,4.888427438206145
0,1.0675928602392935,0.9790158141672677,1.0114103762463498
1,0.27497623131164595,0.20886043081147382,1.015499475187191
2,1.0397657726598848,1.0723340936743864,3.5356932437592015
0,1.0009713221386405,0.9404272736604724,1.342092261925593
1,0.3288641076342289,0.06837789587700246,0.6408853793373523
2,1.0255081195020734,0.8438559084441162,2.8983360728616043
0,1.026342935304886,0.990992840202955,1.015453950058358
1,0.05141893467826372,0.3111181176907104,1.1711677019881295
2,0.8614714941837482,1.1415402414652722,5.550974389746078
0,0.9713708185846226,0.9897001268605318,0.933384097466744
1,0.3320293957977436,0.12512036360236578,1.0762545515041593
2,0.7250122223608865,0.8886120422718005,5.517230733005443
0,0.9794670861386027,0.9985956280513135,0.819197129769437
1,0.1828772178609549,0.44394903922510387,1.242259319692345
2,0.853478441667293,0.6870103630076628,3.248526090847574
0,1.0807323547875884,0.9795526272111255,1.0325210728632064
1,0.055262965034912376,0.07678631746912748,0.7627542053130016
2,0.803073810157124,0.9917690415825328,4.314197200885883
0,1.020826556599353,1.0187555415907423,0.872286590229736
1,0.3858087426343725,0.6056265845642623,0.9251459926539665
2,0.5944246747331459,0.7725394110272362,3.3282736947064118
0,0.9504429785422573,0.9900017734959925,0.759022378652091
1,0.5230451850008663,0.06226337754940106,1.0437240968382027
2,0.8312716196256299,0.9404112731553225,4.150881302044688
0,1.0728439902141407,0.9846217315645632,0.8273383316852161
1,0.30467614131834936,0.18860161612752563,0.6866100757451687
2,0.80429117129497,0.34617402091510463,4.610323341166307
0,0.9679791689287314,1.098470124598044,1.2485333037904398
1,0.38186396556485824,0.186596515507885,1.0157920169320185
2,0.8318648084559664,1.0107069021704158,4.527323328123561
0,0.980664082407538,1.064534416118283,1.2416198396686116
1,0.08198514531685643,0.23672040084802856,1.1543402258699804
2,0.8557903213796202,0.7286261313965485,3.860184684283852
0,0.9614228307206903,1.0014874631538466,1.1043835608336723
1,0.01117506080721542,0.18163795426839222,1.1357050514330915
2,0.5917600310559783,0.6465408124261599,3.9481349221393356
0,0.988028898428856,0.9636773194249701,1.014453969621677
1,0.15153832237885054,0.14035955024770858,1.2226282802660657
2,0.8786864128279434,0.6400100644076645,3.564795589397096
0,0.9962450003335542,0.9463566083193075,1.1358724199509336
1,0.09542416571090816,0.34078350807149244,1.225998710826881
2,0.43572822665483874,0.7937185856232332,3.690471378324423
0,0.9446936363714423,0.919621203257343,0.9933999966431901
1,0.4228864821207164,0.19927916095928871,0.83537555700816
2,0.525217838598478,0.7274750484512987,4.580540771307666
0,1.024024543137893,1.0634516215935697,1.1688706257396584
1,0.2557306702154178,0.2662469889504771,0.9958192635102731
2,0.9383720443825274,0.9919036374320354,4.524259512362516
0,1.0122532710801613,1.0374647073031018,1.0237802512447818
1,0.16095378004225272,0.15559462536974872,0.8331486014645402
2,0.8021542906906477,0.7318852033856386,4.792249251973548
0,1.0251562704750286,1.0562039235949376,1.1902803414782124
1,0.422802169114043,0.18370316458500965,1.2026477956678485
2,0.6338938081396218,0.44463944528945526,3.6139241601953436
0,1.0218888668477504,0.9950290693757645,0.8121729365758179
1,0.07863417616057976,0.11317523358300965,0.7178219495715099
2,0.8829761977873529,0.6430150607515711,4.809717394359382
0,0.9812264647336163,1.0386471297687372,0.8241075882625736
1,0.21047485613056394,-0.023997494488271265,1.2836144625762196
2,0.6365834354914351,0.6919354171387498,4.214638072914357
0,0.9940776687820121,0.9933685255262314,1.2618243754202383
1,0.3096448691002307,0.44104878512587953,1.020512855006602
2,0.7057558648362929,0.8618467777670954,3.984500639397868
0,0.9396093447581828,0.9674536669236339,0.9544380711092972
1,0.0624101181282361,0.12084108084354224,1.1928377215337969
2,0.856735664811305,0.9200884051291975,3.821660566574665
0,0.9611365181620805,1.0385051200003428,1.2663285529030972
1,0.25528765378065577,0.20296040335730606,1.138724892901182
2,0.6622563049726227,0.9602116229084035,3.867905368313369
0,0.9997740655690839,1.0267563963862885,0.8535377125774366
1,0.17734668149486363,0.4834867039096179,1.550486587884973
2,0.7250082777106966,0.622788519653209,4.070474997484172
0,0.9664635053360516,1.039130759170578,0.8099734960712779
1,0.1432965269940705,0.368046208024586,0.6867116619061553
2,0.7692778196688956,0.4945849528537956,4.424042792579849
0,0.9541656930808478,1.0756384443815645,0.8581351860600759
1,0.12165290506470773,0.035886126444456656,1.1267697778527794
2,0.7171946752574,0.9947694846345856,3.1504609000899038
0,0.9581751001287773,0.9663952652786246,1.2330546667214546
1,0.4059589311131917,0.11695650793733399,1.1540802010164382
2,0.7218011973740264,0.8301140308429044,3.8861259157705774
0,0.9590634213515173,1.0183621719545857,0.9403396239312913
1,0.24719136923071436,0.26696854054325647,0.8333161652376851
2,0.8674832524291892,0.9135352247433026,6.766280282018569
0,0.9858170932903932,0.9229116993760276,1.1762347468144787
1,-0.11953693010136168,0.13725558686437989,1.1372049907119113
2,0.7990200869487887,0.6014580354814993,2.8837303315765714
0,0.9499409424109476,1.0529778390039184,1.1902825611355614
1,0.14518121685502403,0.07287333944062585,1.0789415907347952
2,0.8221592059976344,0.9553967839832478,3.181813074332942
0,1.0436170224485875,0.9534580825343806,0.9956193194792492
1,0.2954638497106572,0.1270887298809254,1.0282887633301878
2,0.7439725067366413,0.8683329623234295,3.5240469102361995
0,0.9883690706556959,1.0235657595441772,0.8339358790862639
1,0.22301318042639784,0.04795970771725,0.9671197573129653
2,0.8087284026212723,0.9889156707368711,5.32316919175825
0,1.064589355736391,1.0249892057112733,0.6302746099080356
1,0.2983434746422264,-0.13096081752416044,1.1972015206825397
2,0.9102113085455971,0.8620159514398664,3.703592171302171
0,0.9621191818095154,1.0230595411036998,0.980383202107749
1,0.3182553554654477,0.21202455180200516,1.2387105837361974
2,0.848029911764069,0.9105725769710316,3.890342180500882
0,1.0052020579109742,0.9416232387260658,0.885498395436348
1,0.3251531932601093,0.10792921674349505,0.8457978687765372
2,0.9636137902038602,0.5813599381381876,3.0585455397672767
0,0.9816104061760127,1.0634199008923433,0.9385549797820445
1,0.2381290257515598,0.4197175736507315,1.0479669161088434
2,0.678024018699413,0.5693859612574735,4.03484641633473
0,1.0354141230920464,0.9190929015323963,0.9776579798875606
1,0.11633139293896196,-0.01678779644801484,1.07918208255294
2,0.8269745168476336,0.74175407063346,3.0537171258312434
0,0.9865796548520854,1.0248609186056776,1.2435884258991519
1,0.3254981310915396,0.28072400190816926,0.8552571960158188
2,0.8586417186967282,0.9163822417183255,4.466980764829621
0,0.9773344755823636,0.9677047618042419,1.1151690036146058
1,0.09472285567626118,0.3705563724380937,1.054096691950291
2,0.463294763813937,0.949907881995353,4.375052745935994
0,1.0259498066316213,1.0478235384352774,0.7867277310259292
1,0.0762464975110262,0.3949297287527741,0.9434197262517021
2,0.9518429190802462,0.774216181829878,4.181952267598496
0,0.9678143885320124,0.9926551431088796,1.2958516774556086
1,0.40501631543353267,0.22900899922478463,1.0253754347892143
2,0.7196069111645439,0.41213471978756044,2.0145020993177667
0,1.0408624074929131,0.9870251375115278,1.3797847833924826
1,0.11682439981711677,0.021481740721575687,1.2049944673524018
2,0.6673197534085598,0.7322810572199995,3.697555417283611
0,0.9605030150794849,0.9933180772172295,1.1095429523037312
1,0.11884617315171637,0.35629125655711597,0.6378430642505526
2,0.950390134876111,1.1126311200942844,4.967699392917399
0,0.9198271082146208,1.0483750736728317,0.8842636817011376
1,0.49349668129512636,0.08030088610768141,1.115707447319791
2,0.9466007758094146,0.5733902259572383,3.8423522748375474
0,0.9909776543077412,1.0381753509293326,0.8619285239438144
1,0.19414547827406958,0.07176931571011264,0.6599431524330096
2,1.083435172413715,0.8023084321888011,3.933893129730846
0,1.016388703093471,0.9653969461724542,0.8952858026023386
1,0.12021152774071697,0.3120786634376275,0.8844382501925517
2,1.0609952265797622,0.5990226508849011,3.1631791306096764
0,1.0348985156513675,0.9560881959741164,0.7946061653321332
1,0.263718053056449,0.2803817124885599,0.9648585567615873
2,0.7448261100069158,1.0258175338796276,1.3976105227782778
0,1.023880091321298,0.930384863344589,1.5079809778827404
1,0.2622603729492574,0.17683736617390727,0.7432867870630201
2,0.9780698442035678,0.732955936025909,3.4453620753339167
0,0.9877213492970286,0.9675544987665226,0.7388737038110873
1,0.40824091663058,0.21573113765221047,1.3048157208724298
2,1.018780152990147,0.8254103169121534,4.213918795202545
0,1.0973803020751056,1.0174795248983286,1.275532967076775
1,0.4629532510684347,0.488968133920664,1.4890440830943374
2,1.2374481820881567,0.8444276331700489,5.471248184622732
0,0.9641566728107483,1.098498836548193,1.2429189192607266
1,0.09462745453718925,0.3732183702010463,1.2858578689530358
2,0.7081473267856604,0.9487066541762144,3.44421568340569
0,1.043139478260041,1.0074562227086052,1.082905075081022
1,0.3951020937106256,0.1568791537723203,1.2740709660443326
2,0.8218826157976816,0.9891895151947785,3.9709285263176164
0,1.0672531360650497,1.0194063388310461,0.6029247824575334
1,0.12499142672351142,0.346760019205881,0.8074325235536991
2,0.7508121622620287,0.8813236484318082,5.036743635728527
0,0.9611418745528759,1.025271600453115,1.179380827880055
1,0.3964533351999855,0.20891997271726515,0.8966945844849622
2,1.1498963932603545,0.8981703959496385,3.692044187596735
0,0.8971982609584562,0.9294566264752391,1.102902927275702
1,0.18443984359309135,0.29309322417947437,0.8056452970540303
2,1.0214467600615518,0.496264590648276,4.2020449725096425
0,0.9741191666605383,1.0140206609198497,0.893311013991894
1,0.4505741514589589,0.09582072293176941,0.8533219437166784
2,0.8669708358225339,0.8671981408189557,4.544642335082221
0,1.0381593262580202,0.99895467122618,0.9421797802733631
1,0.18204423428481048,0.13548836347901272,0.9973594835222007
2,0.9221301183584432,0.84162319075598,1.6933632139527557
0,0.9247417556461155,1.0153365144429567,0.9422511390119211
1,0.18913335576240825,0.24215183561757045,1.1382820873690545
2,1.088502380005211,0.5730296444484636,4.535110812957156
0,1.0341064179816697,1.0280306159629766,1.233760895245361
1,0.20442355231692985,0.2837651243639704,1.3163856771581066
2,0.9651913250959848,0.700005186214663,3.788658280813901
0,1.0423175610320392,0.9862873961019074,0.8309000946570214
1,0.0823572111130046,0.07790450342125735,1.2593268528382258
2,0.6645194408018092,0.7532943355102274,3.5876281114749293
0,1.027221716353684,1.0188055735592163,1.0172322381553112
1,0.31910414560130107,0.036130034032785224,1.2375549440357405
2,0.8484491781703831,0.6926200174528079,4.249439361449689
0,0.9686694522394992,1.094963839424016,1.260222412092278
1,0.35542900103474717,0.43825264763926053,0.8145020620325212
2,0.8174900005751863,0.9011938774701995,3.8504024011429956
0,1.0984068403901115,1.083783596818235,0.9008108784242246
1,0.06760361595773637,0.22363238241156755,0.9840297863189247
2,0.9231743516171623,0.7423234039204291,4.30804488497475
0,1.0247434655392549,1.0141212237015187,0.9366118915371513
1,0.23565962478133706,0.25860140075367877,1.011033583164123
2,0.8772286819464166,0.6947333930647965,3.75239001622197
0,0.9710879225846994,0.992107404075387,0.904106963794847
1,0.07753723127924257,0.34473132294037445,1.0883084699435945
2,0.48010316752123344,0.9140677284425219,4.607836021062819
0,0.973539140122118,0.996281768092882,0.8379018101462431
1,0.6349199454562582,0.03713429550946923,1.016818505911552
2,0.7189097002182272,0.4307141947267388,2.7809339951832177
0,1.0017496668846595,1.065356900550123,0.8252786102800919
1,0.4926246605716869,0.19606028618613763,0.8125575747586223
2,0.786971808037709,0.6540682896977412,2.3737987640482583
0,1.0405327856561861,0.9862798666084865,1.232974747992531
1,0.21482111393181058,-0.02579407582739368,0.8584840600919165
2,0.7393661426815342,0.9904195885658814,5.171281531283357
0,0.9661286124104118,0.9337913870459947,0.9513950607208227
1,0.19260015799970023,0.41339506122488223,0.868683505281598
2,0.7496776755497265,0.6175508097903679,4.482245198781078
0,1.0529361697126312,0.9916476786572959,1.021364486447222
1,0.2545806075579834,0.21269872549762198,0.4913055596587973
2,0.7484555950032433,0.4977079059805178,4.454443086136401
0,1.0044843521082207,0.9892019969673232,0.8307237421179792
1,0.08525424939887905,0.26537921166157663,1.1412039117540402
2,0.7964324012058971,0.8467349861417176,3.3781299245380243
0,0.9501931726608892,0.9819567975319496,0.8753850686921221
1,0.36114759479338576,0.3989823463525094,0.8611290174072179
2,0.5642812708741057,1.2043105718045704,4.248213423076587
0,0.9920370319910524,1.0559258033610859,1.2704926046697487
1,0.3228009958399564,0.45730113527575494,1.051660440818653
2,0.7808794027242566,0.6852737079407478,3.8000956126387075
0,0.9792435405916112,0.9137885822533167,1.136395680022429
1,0.49034547241822196,0.07171153988183054,0.7005022607802847
2,0.5732889407348307,0.8372136492148115,4.631813547829445
0,1.0463116450162662,1.0276771593429848,1.0981177957490837
1,0.21584431666984386,0.1875293126906092,1.2843688372684512
2,1.0054040364451302,0.7803463578868381,3.8895105108870567
0,0.9475598031354926,0.9768013964924691,1.1008649552192953
1,0.14658639441672375,0.14905426316537584,0.9599092089023799
2,0.9058834933572075,0.7095290404957018,3.2384399250559275
0,1.0705271151633002,1.0126446794663728,0.9502939130610747
1,0.4617358471925963,0.056875351863681284,0.7907298065789078
2,0.7213060719887685,0.7325828534819852,2.731740981629658
0,0.96548688977768,0.9223436004344953,0.8981123114244307
1,0.24644830742341212,0.4209288627208727,1.0102193419091017
2,1.0076616267830727,0.5672537166971034,2.6223392432983124
0,0.9407629318843772,0.9707600570462768,0.8339856235875867
1,0.23760436778923888,0.10209758958627418,0.9345085700278912
2,0.9268731175792682,0.5721689239334513,4.768081211003089
0,1.010202235649442,1.0226328595931913,0.9263099728606204
1,0.48415743894495317,0.2747572112146338,0.9924524814889967
2,0.7594080405806273,0.8379887730971477,3.6944048288545503
0,0.9784131657073536,1.0831756657701639,1.0347714250116358
1,-0.08408973595002073,0.34217285706253375,1.0928551008690637
2,0.7390140841402286,0.9856642154827515,3.3306349790914256
0,0.9868977459009773,1.035349172149723,1.2024891776807116
1,0.18735202789474303,-0.0923784036300292,0.7538890546009196
2,0.6356109146442213,0.6637630910329408,4.3045328438974515
0,1.0777506872461644,0.917217032244927,1.3263547366312085
1,0.24721639442412374,0.1811442430416068,0.8418366577474743
2,0.8300073127932631,0.7712841546775216,2.4201290582342017
0,1.0266549986798825,0.994342753318168,1.2390411335155893
1,0.5058518531230436,0.4028409666786943,0.9386000291436731
2,0.8809658449114656,0.7134059354828669,5.244267274984962
0,1.086693263740914,0.9838839265663419,0.764868702912346
1,0.3751690571312606,0.24833827096942754,0.9007211156791255
2,0.8145503179738728,0.6996302934022836,3.6526038977818995
0,1.0613092941694298,1.0794607426412075,1.2864124954323395
1,0.3902145087615775,0.08885576189522977,1.034111510725162
2,0.8819482638481907,0.6456853208570437,2.8161767904348043
0,0.9288317065245969,1.0305692604752101,0.6641812477543694
1,0.4037468376350689,-0.12333006630823062,0.8142059078903575
2,0.6393225866278223,0.6732926546257612,3.615449248845513
0,0.9534504727347979,0.9642490873961814,1.0658051682079503
1,0.5362407346718929,0.20744381740181145,1.1121995634040571
2,1.0256526618737074,0.7606917578113389,3.583391333640011
0,0.9974099669791342,1.0454204271344898,1.016892679944581
1,0.10498505928545289,-0.08539133458441128,0.9238836411842697
2,0.8194659034924161,0.7825029038797828,3.8731860077957236
0,1.0187055175476092,1.0938977916476642,0.8846510953755501
1,0.07268700740055495,-0.013913913235626157,0.913735046692087
2,0.9599006157729009,0.810601886882074,3.94752207952832
0,1.0189842904225972,0.9793667783422974,0.8641337994557358
1,-0.043119341454125104,0.13276575406751434,1.13972668348596
2,0.9568205611233029,0.5695491579691344,4.4541842196893295
0,1.0316050998420594,1.0002015521396264,0.9614339135096249
1,0.1736781195444719,0.3010487649525379,0.8644270246183453
2,0.9771539859498962,0.7769097954872102,4.4658410496869765
0,1.0646276341586267,0.9840153994724232,0.9831844534670092
1,0.23869758260378066,-0.004611927845966757,0.6680365244386968
2,0.7288207931550302,0.5788298999842244,3.886361906691766
0,1.0215203084654831,0.9663144568872508,1.2413244726724275
1,-0.04991262008425659,0.3008487443177955,0.8130204097510169
2,0.7737504341011863,0.54639476392245,2.500371104393593
0,0.9952312672737154,1.0189182710261315,0.7135923710681449
1,0.14256506197098825,0.2550917305625316,1.0023642197607938
2,0.884022269323306,0.856240619902574,4.77283130133588
0,0.965415311368564,0.9515708787244715,0.8641535643732497
1,0.24105041769147692,0.4601171294262431,0.9401109463996971
2,0.7946611936335274,0.8107303235019521,3.5584426872606825
0,1.0598562555682214,0.9447474402867417,0.8627358132768479
1,0.07590643074223812,0.17238796808793833,1.1135425861629245
2,0.7483964776614851,0.8857987066240355,4.275844431616638
0,0.9976231657813789,1.0220456843576713,0.9627291054591641
1,0.2744596483806121,0.2949136363307183,0.9081557057103409
2,0.5152066635102015,0.745129859010693,3.8795490729654767
0,1.0361481532336148,0.9249066806057626,1.1522573182835039
1,0.1698850532119492,0.1497012943135229,0.8612035227406493
2,0.7382022260681456,0.7213200124329033,5.515311327813509
0,0.946817408155576,0.9329595913133355,1.0137211530045667
1,0.4385439430111433,0.23289495476918032,0.7115202535739961
2,0.9317808610603004,0.8946297756472051,4.006944055391517
0,0.9886267885818065,0.9526225373727758,0.685217607855299
1,0.15894546031031842,0.39083318112692705,0.9861220996887348
2,0.40404038137769943,0.6690783384256886,4.336624624730863
0,1.1131426259645203,0.9561778360592483,0.9473869344601892
1,-0.01157364059370497,0.3602417470920446,1.0900651040249913
2,0.6473752020657091,0.6557333506755546,5.856006112384407
0,0.9888566354674679,1.1037749652171984,0.8688897683643617
1,0.26384303957614963,0.11781432189313326,0.6435255337521657
2,0.8971715506839478,0.8027851893088674,3.736867338100258
0,0.9802442932133331,0.8698284098346984,0.9800187985362816
1,0.14050748558488307,0.5126318319988676,0.9496335932764871
2,0.8273816302312258,1.013463160819707,3.6980281280240765
0,0.9154317462365837,1.045453579122904,0.8279862143627916
1,0.16848052798328353,0.24122681176257874,0.8771960333293436
2,0.8175865578345235,0.8488737391794695,4.989690807275606
0,0.9537492301827116,1.0642479852966185,1.0347300313867576
1,0.1399039274182215,0.02870595832332845,1.4406535559158613
2,0.7702970075412188,0.8201073788263642,3.873948942591891
0,0.9531746718995162,0.9880303844278057,0.9761027897866732
1,0.3018537422872981,0.39135580727866237,0.9979400313191529
2,0.7459365100561564,0.7073441103126032,4.068606579090842
0,0.9232904024613564,0.9477620558677842,1.0265575430050626
1,-0.09683421975101553,0.4075239445876123,1.0724812488075885
2,0.8204358512697721,0.7966037655387328,2.9834956936576438
0,0.976191551191461,1.023571282322594,0.6545840888619161
1,0.1929126629849615,0.13184050469494024,1.1569267835165018
2,0.6663667298139939,0.952911143516233,4.332301637920614
0,1.0968169333182736,1.0263053424172202,1.259409786148707
1,0.2364695897211081,0.2112283790237786,0.979015085565568
2,0.6756144886797691,0.6081537523099464,5.102414721911746
0,0.9552059803963742,0.9264670915414903,1.2605078937436895
1,0.1678319091673658,0.06102865773148433,1.114580256508272
2,0.64879190171239,1.0246889967226436,3.6442070510958433
0,0.8788568146930281,1.0904032001220374,1.0519196002857496
1,0.17751429389824727,0.25834158085752046,0.9660209784360809
2,0.6148721226047639,1.1175830702271963,2.923178732234873
0,0.9758711541042897,0.9271544249963642,0.9531329228260143
1,0.13247603738509495,0.09280991784898912,1.0238166348094524
2,0.6230472617569411,0.7904315519608612,4.682901054752448
0,0.9776810515200812,1.0658345051245002,0.7267087299290862
1,0.05579177663905863,0.09935576604194786,0.9009776120699186
2,0.9305287868330596,0.9262858184305297,4.566207725948909
0,0.9576524263613109,0.9509818397045148,1.2760379376271034
1,0.27514328774840646,0.19139912770812692,1.049772476519119
2,0.8798990005044542,0.7518224444919357,4.788387705524036
0,0.9259706774506501,1.0817455465245476,0.9153538406421455
1,0.16276351785781862,-0.005385680665900755,0.47133395604844575
2,0.8521857797016656,0.9035204903793251,3.6159239406128814
0,0.9318685699740333,1.0057652643251542,0.7614274589305113
1,0.32604585140463155,0.2722383439163849,0.9066742308196196
2,0.5907900788599519,0.5126442411176746,3.800789040205644
0,1.053848538435458,1.0778427348781487,1.0900907502588342
1,0.09312269900576907,0.09332689832169949,1.1757850732739237
2,0.6651159743640632,0.6105718075300094,3.5795268924140866
0,0.9492736356782299,0.9928066623974503,0.9193608886141426
1,0.258982096141384,-0.06727968163299658,1.30058123704652
2,0.9458082601306081,0.8887409767683704,3.3520235499996214
0,1.0061396597378072,1.0184588374175412,0.9362293847891371
1,-0.003469721249398483,-0.07180610221335326,0.9281181399377809
2,1.0187437683522185,0.6363699453987284,3.7383139998342565
0,0.9679250626713974,0.9487604678458547,1.2369021309324046
1,0.1516488627583709,-0.2098782504448613,1.252637952053909
2,1.0324532063047618,0.8275468765975255,3.153636397638883
0,1.0250462783790129,1.0583942930992942,1.1751160448075202
1,-0.023917000815220663,0.016930865171898374,0.9810501918965453
2,0.9571042128228698,0.9404277744876299,4.358008034962808
0,1.0018779048156168,1.0100373441352288,1.1114554049173508
1,0.5227696110060949,0.21855887700222482,1.0168499229262336
2,0.7711360688060847,0.7865494750542908,2.923988542563837
0,0.9856827833948787,1.0400859906738606,1.0593287159272573
1,0.18097549677487978,0.2507608819055698,1.012246458863926
2,1.0726706926686205,0.7077015157309036,5.45764253967456
0,0.9911363432535566,1.0358887876508986,1.160731582549356
1,0.010867300398667762,0.2975388388315433,1.2618172290459522
2,0.8803810242868081,0.974299566154114,4.053144428019777
0,1.008666586235736,1.0888372723298183,0.7660058016885465
1,0.11367523601044631,0.3618019992751943,1.1011399609782393
2,0.6693853745344966,0.7988456643545178,2.1449758180814884
0,1.0800050648063046,1.0211441855907029,1.0942676043880475
1,0.1173266159840336,0.33987170192371563,0.7969628363128358
2,0.7820961826115721,0.8242625780706824,2.5938713880868765
0,0.9787753057243282,0.9521019964147154,1.0860355186129007
1,0.060299720709457105,-0.08511014716622112,1.147774864733737
2,0.7796226326082045,0.40529776389371547,2.5536091462444164
0,1.0759417463774508,1.0716386457754752,0.7383498579548973
1,0.2558376748291552,0.40670230898942306,1.2236324162952308
2,0.8586816233725492,0.6045860790722442,3.9919456776333124
0,1.0299032387466474,0.9890097265854478,0.6174997032589373
1,0.20175084384942527,0.05072422077468608,0.9425826883484125
2,0.6557948915013567,0.9349241773071568,3.8032633079152363
0,0.9049904213263078,0.8924569631164011,1.150760646205289
1,0.39744168084855813,0.35704796650706283,0.4782470364255642
2,0.9985264936737235,0.7150306435102481,4.164075847938666
0,1.0356135320496396,0.8589225754943354,1.210137862534269
1,0.08804061714837809,0.120991047302758,0.8255602630897967
2,0.737247004741277,0.7673500086566074,5.798355774014907
0,0.9522204600203228,1.000623861514121,0.8200768569742749
1,0.27137929343327993,0.2918849146802164,0.7372857869994158
2,0.7149570346979628,0.9386334486367445,5.353943006286714
0,0.9865741159716962,1.080669304444026,1.100893926092928
1,-0.003408544192517432,0.19045492343646006,1.1521310316946258
2,0.7591098237467169,1.0287597909950292,4.745642333409093
0,1.0286295164886887,1.0767749934828637,0.8879665338057726
1,0.25973793165346926,0.1860084753691644,1.293877153318375
2,0.7677291811694151,0.5764173348436282,3.738939215738517
0,1.0418603135500426,0.9338571710277813,1.0600964411676441
1,0.48069752365284685,-0.026503540421966315,1.0422788657638782
2,0.901536392745654,0.8623548385527678,4.577384538088643
0,0.9263088734903256,0.9923741982107382,0.8380284304385885
1,0.16341081053026574,-0.016463069722221363,1.0385521893820833
2,0.8040096212199282,0.9656333896099212,5.814587686309296
0,0.9897427449240717,0.9950659638550342,1.1295709174267592
1,0.2853743204468411,0.13603777942762163,1.2129578343508494
2,1.2714927327789358,0.7779465433359646,4.012403840573955
0,0.9193040100884113,1.0564265052315223,1.023943861480645
1,0.08512621379899155,0.4254506307934922,0.8309115715920294
2,0.7423642351483516,0.579048747529437,3.0116712377426453
0,0.9163374157312321,0.9492272461716426,0.7773746559673714
1,0.034355145370004864,0.5325380249978144,1.389167093311299
2,0.7996287986381342,0.9906067857259604,3.969998636427984
0,1.0374751912452105,0.9983967500027963,0.6616272600649313
1,0.28269671250852196,-0.10869082607361641,1.371584718573429
2,0.9680411676195473,0.7065745853777892,5.733708672198304
0,0.9501830766714724,1.032896914686653,1.0592656475721252
1,0.16180654135189365,0.37204419390200866,1.2000898801876798
2,0.5070983278161001,0.8651970332474724,5.432347350578093
0,0.940720270785929,1.0207012447932646,0.6015617685165062
1,0.060173346742094236,0.3089997827355141,0.620815172890237
2,0.9219150270185215,0.7075132291116767,3.6358551614501664
0,0.9686783407594445,1.0751603836278614,0.5166285282161955
1,0.40461998845716945,0.4189191371494052,1.0019683689348782
2,0.7813952543596021,0.6059252959856833,2.6118300707376676
0,1.0447169571266157,1.0127438551903032,1.0233153299919988
1,0.2747217494115727,0.013870764229487104,0.8113688860835206
2,0.9063858348903467,0.6207617791543844,5.726111773480187
0,0.8965828302201798,1.0218775107287397,1.048151089698634
1,0.2713621771684195,0.43989059076518033,1.2913831258086732
2,0.7645972036820751,1.0847990123744775,3.762240830204765
0,1.0182011400776365,0.9489190127055759,1.2754645002578853
1,-0.0623079605594164,0.0628056675192056,0.7799396408143936
2,0.646451840357591,0.7381599571863877,3.66584537413258
0,0.9813308269186705,1.0130736216461553,0.9574213997218256
1,0.23799055127599011,0.1997976117442786,0.8003458103492829
2,0.7763398993109437,0.7504844962169223,3.3078818135673953
0,1.0073652149495689,1.049045366934472,1.106203151921318
1,0.05008019609899253,-0.013086657045503436,1.1427955101122658
2,0.6870995996224678,0.8343018600833358,3.55967752890586
0,1.1183339856223147,0.9702983777109406,1.167405423692158
1,0.31114062570539613,0.23363951981407638,1.31418984043277
2,0.6547354825028608,0.8276701849252396,3.53645446323759
0,0.9952164381081479,0.9800644245408237,1.3115914137055895
1,0.23719675129078685,-0.06793566492410708,1.058496550591167
2,0.798061140886435,0.9572098379277991,4.054791133215081
0,1.0451228705980677,1.027177760885492,0.9628239435047784
1,0.29068719733824033,0.1666879322848525,1.0170295017839477
2,1.1846364626595418,0.6869879770456998,4.5570880783766095
0,0.9443415068153521,1.0402795694245508,1.0796292713347808
1,0.14605697241765486,0.35736651267020214,0.9525481404608089
2,0.3461490937643157,1.1090425270463768,3.6787007885387935
0,1.0397206009628004,0.9904805510695477,1.1962414390875389
1,0.11391199896378292,0.2295711884033741,1.2134123907257819
2,0.6820249638178806,0.7370552148013577,3.8819562219936503
0,1.0927965851946784,1.061781403037514,0.7960358012361731
1,0.08249788242315523,0.08337478092793776,0.6716213951002876
2,0.7041137153760468,0.8466528828638835,4.371048711904446
0,0.9533134561367032,1.0158158461708788,1.002954294168257
1,0.30768272220032744,0.3056412675248581,0.9696541014537172
2,0.9250099170443088,0.8505671160131916,4.91524252102739
0,1.0349118678946234,1.0005026966438244,1.0301741169247542
1,-0.11332129110785305,0.09216987095173512,1.1518303914102872
2,0.8188965527277442,0.6381738734856754,4.030027686671644
0,0.9451342021094944,1.0184952797613571,1.2104567286328858
1,0.06430300769399,0.19137489398013874,0.8237122508449926
2,0.8247727260428814,0.9757448371056604,4.055149863936799
0,0.9599227979857315,0.8832485343786599,0.6708767130237827
1,0.16016694813889226,0.21159198436248794,1.1079328097318932
2,1.0771955461004177,1.0768205222696827,3.4364002539010325
0,0.9869306052768227,0.9516741697594812,0.8305917458107046
1,0.22617177267189686,0.3036439159654777,0.852074699779775
2,0.611097115814225,0.7163291949271169,4.546965560260086
0,1.0521627467692776,1.0029703849945504,0.7558984931723212
1,-0.005719269159924545,-0.010998250484245825,1.1481815166384859
2,0.7637374649465161,0.9004066891827487,5.709843778023288
0,0.9598474045624523,1.0193019789603137,0.8439850654961631
1,0.2135079196139865,0.32138622754184576,1.0851499274384828
2,0.7720917906575887,0.8066513543563077,4.643774328648684
0,0.9682102044458933,0.969176220543989,0.8996689341746839
1,0.21707011969650292,0.043978013632520185,0.7778016225348742
2,0.7553704807434805,0.8086065455083898,3.814575577624899
0,0.9242537524265046,0.99912709804826,1.3342742496513684
1,0.39426735977778293,0.34381568865654266,1.0771078071381062
2,0.6834151002196533,0.7281672664161359,5.110876586267498
0,0.9790741620815578,1.0273456330235562,1.2622845648288668
1,0.10576619409276292,0.300765050949516,0.9353656242900898
2,0.9067404434116763,0.9474824433650535,2.6552060280628043
0,1.0593876235010873,0.988445072128419,1.0705506098965254
1,0.3810430425137721,0.16269409184746322,0.9352777699236442
2,0.713264771870057,0.5864006058695815,4.411489288213908
0,1.0676536735934978,1.0306239221028428,1.0179133794276853
1,0.5156701514798723,0.44883052505415655,0.9365363211081538
2,0.876499365392007,0.7832824338988977,4.9408741268797325
0,0.9698827370869771,1.0044762114911159,1.3238925507690495
1,0.19906431558604015,0.046787872513459144,0.7008989088136472
2,0.9907204843723973,0.8189531196676667,5.190809118439657
0,1.1869916842614228,1.1179584097118034,1.1968788770720664
1,0.2642782118433025,0.22833143951927246,0.9371652509811765
2,0.7083572118058086,0.9265683619631094,4.232911628529655
0,0.9826489459336206,0.9546247297540063,1.0987682285957652
1,0.038588340298432305,0.28533793852988126,1.1949186730484684
2,0.5930990491644405,0.8048513383012289,4.4942278852150075
0,1.024676876175309,0.9839761242840179,1.2886138056625998
1,0.23564104956040882,0.1735450846670905,1.1949586908971543
2,0.6817140774867398,0.8312882944378709,3.4707041096752183
0,0.9292910429808277,1.009479290064464,1.5789930191259574
1,0.33518145749063283,0.46080598246583443,0.9923782762365883
2,0.9084325645198671,0.9277657107207026,3.49303395356422
0,0.9444653408165797,1.0178119006233048,1.263702118035629
1,0.13597843524834058,0.4197088089323985,1.2713232506881202
2,1.07211957392943,0.818475620153418,4.70865100801762
0,1.0441773024412047,1.0477230140782232,1.183252083388197
1,0.24814015576055873,0.16863729398198582,0.8883499623039999
2,1.0327378326048855,0.8382690300926741,3.3026254595026936
0,0.9549174218371345,1.0237930550901586,1.0130424120638
1,0.16482695562807065,0.1674588979024153,0.8630965249445204
2,1.0056042169491972,0.4490213052001058,5.399918561071756
0,1.0686817516871585,0.9149086769036983,0.8474665081778228
1,0.1874619639838073,-0.02268837049052816,0.7479410161741553
2,0.690715287730399,0.5466616108847351,4.475247238210654
0,1.0906787052595306,0.9695304464354956,1.214277395782017
1,0.09743002691979256,0.18495118915451053,1.208077155781768
2,0.8400572687876722,0.9397579348413463,4.427467425075542
0,1.0330531866616375,1.0270428527435516,0.9530619096387324
1,0.22809252082229492,0.31334680373424456,0.8182800602266709
2,0.6011838646031895,0.7297197875702206,3.9546012125043264
0,0.9705680858067424,1.02782253812095,1.1829826516527842
1,0.11387372011151481,0.2043131536936325,0.8277883135711848
2,0.9757570008526031,1.0225620168316398,4.048010991507207
0,0.9816678830846556,1.0519276410032792,1.1472595259102238
1,-0.034352599416422686,0.24523808557926563,1.1108985754462881
2,0.7918184588776234,0.8328038642087677,3.232874872577908
0,0.970971682470652,1.0206729625855813,0.9372491100482986
1,0.20793293538263508,0.029453569311057803,0.8665051058915161
2,0.7258295233260211,0.7747305322374357,2.465298300936222
0,0.9699976013042145,0.9916305829459836,0.591664323462856
1,-0.04101005938382096,0.2398802111339093,0.6954891822194345
2,0.7609480914640983,0.9382677717767776,3.7853778888840406
0,0.9583896718416742,0.9739490376344483,1.2043761072296149
1,0.21895402437052372,0.19547889696605505,1.2619407962255724
2,0.7429553063504605,0.3681794258097469,3.983336203177582
0,1.0096067276808207,0.9954326071973734,1.103880293940977
1,0.20844919885000887,0.2529829867499596,1.0772087739612133
2,0.9339696095456054,0.8378826845651036,3.210185184408616
0,1.022358442633254,1.0502078671466437,0.6278634549161428
1,0.33565305296254266,0.04875045255740404,1.370621327976321
2,1.137734098774256,1.0395514054414123,3.5251488287652335
0,1.026256563359692,0.9632230783285717,0.9177455278302973
1,0.35181275599297307,0.14144770899816858,0.9818286310643753
2,1.2137286393387325,0.7137423746137345,3.094531171393848
0,1.0668633290995544,0.985259154481987,1.1309728086713067
1,0.20908826904433955,0.574289352470416,1.176156736559187
2,0.8543712829637199,0.8237259507384898,3.498502317934839
0,0.9137678048635084,1.080627593598175,1.086468277172151
1,0.08729103927260343,0.14891488075217582,0.982837537472337
2,0.7442056215033519,1.0052842779200553,3.3483251347256124
0,0.8325786476219522,0.9282737436249467,0.9703543022959947
1,0.16649210073405032,0.32183243257486177,0.7060417957559835
2,0.7908931956970505,0.8858597691513154,3.6271223254511584
0,1.06314821675853,0.9746487724906888,0.6860651969808791
1,0.1259327349625985,0.31510724713901883,0.738276606759549
2,0.8823774380576129,0.6911318611533367,3.9836600876167063
0,1.0296108151325964,0.9654235054852667,1.0672559991728758
1,0.1752660551583173,0.17771992113509716,0.5417986116062548
2,0.9283145340568865,0.5711182095070858,4.383858002457769
0,1.0000298966353462,1.0368448198510167,0.9848324046329633
1,0.25774928742555386,0.14017769296531246,1.1881575540579137
2,0.6821295575912609,0.7249883305176825,4.38714523247154
0,1.0308379296408083,0.979377081109722,1.053894746659326
1,0.1508863934851833,-0.05275015273724465,0.6703509769813687
2,0.6673552425656032,0.5229403423260012,4.36041349168808
0,1.0159969806118045,1.0864630478562296,0.7257112664346359
1,0.12331060147333556,0.17780011658601172,1.1171551127196913
2,0.9105511433806366,0.7920044232722715,4.116243999010086
0,1.0207602558474103,0.9656175649881924,0.9930808739931292
1,0.24232105913127222,0.4526498009378537,0.7828621684651261
2,0.8652660350742626,0.7981214112093512,3.183811193367254
0,0.9906267547776865,1.0767628184646585,0.8213178365301566
1,0.05222802517699063,0.17295545005341198,1.081502870966279
2,0.8044503253625527,0.5518145336705131,4.9844708451181585
0,1.1477723923950334,0.9348928931501364,1.049978659707467
1,0.06783925843065156,0.10501604574059178,0.8555804543442519
2,0.9188300028148364,0.7302662909285716,3.306549971245787
0,1.043245910009057,1.0161134294592669,0.7578982011508246
1,0.12073729001935972,0.14030879515121097,0.8655579538388511
2,0.9668720973883265,0.7890624694500017,3.7424965006807454
0,0.9427429350170156,1.0115854600116616,1.0864065218349994
1,0.06483484162826761,0.10871111149441606,1.1702506910264754
2,0.6552995304201333,0.6429812785438828,3.9638367325363713
0,1.030545144400838,0.8753544130011792,0.9242814900760349
1,-0.06830555822818252,0.152520902555072,1.1925694800142268
2,0.6660864887235898,0.7884252988537366,5.710639996363995
0,0.999703879752812,1.0610992747298005,1.0912708493968317
1,-0.0235004614996491,0.2743022184633922,0.9050398602413847
2,0.960320480985591,0.8424140929839009,3.7764995713028666
0,0.9666792508385451,0.9834492330310366,1.2269614350321956
1,0.17408985630407853,0.16584833638086485,0.6720375403909964
2,0.736793573552875,0.5448105035411617,4.24273151046255
0,1.0219297358165078,0.9172737750029144,0.7892070613278266
1,0.09166744963160976,0.42132145818962075,0.8358972760653798
2,0.8245529902712572,0.7858442719797528,3.6895006744161787
0,0.9445926534399636,0.9633638140457644,0.9328111964260675
1,0.2010228941079231,0.2061079893875162,0.8832050229748822
2,0.5193680593249059,0.8974146423501438,3.504342738804967
0,0.9998347382841739,1.0100639571407322,0.7690104724510617
1,0.4302395006317513,0.3910469714309599,0.6133642898766678
2,0.7947729619537254,0.8031290117764499,3.8604764877003044
0,1.0167034458667394,1.1027002685749439,0.9750035020567867
1,0.0876423404691432,0.011672795937663655,0.636528128481027
2,0.6841100741529847,0.8226763602393476,4.216569525762186
0,1.001019080713363,1.0425974541825291,0.7072189022368984
1,0.36046424322293247,0.11401566291830201,1.1963798446747766
2,0.6483559546742246,0.7782362423872098,2.7725635643637947
0,1.0486689819366464,0.966853245809403,1.2137938498607226
1,0.21357699753116197,0.15971101282385405,1.1603785252412218
2,0.7067728141004139,0.6101085084054374,3.775448846493688
0,1.071073105382531,0.9681136033454583,0.9549377056979786
1,0.12306381495137209,0.46949368040183503,0.8648654244651369
2,0.8403794854246119,0.7874713941630548,2.929401857473154
0,0.9956225995068411,0.9857576819917554,0.8468482147487217
1,0.39671245441195824,0.4205408682861612,1.0866969518215444
2,0.8826052268916975,1.0282992853553323,4.07635675054929
0,0.9699443761836845,1.025310370801096,0.8226619301192754
1,0.34885568028742153,0.361295076674918,1.1881849565427884
2,0.47445683878118433,0.9024480807136367,4.576071098836252
0,0.9232780150926393,1.0004637827758212,0.8817060922116526
1,0.2536374297934014,0.06731944577088544,0.855352722036877
2,0.566110167069368,0.9046216205516205,2.663672641085906
0,1.0048431495395147,1.0082157497075779,1.1196676075370657
1,0.49007448071910986,0.3374844177558298,0.7900456719466267
2,0.9287433456069103,0.9247249612253992,3.891755971304977
0,0.9893431454026296,1.0472394475762656,1.3680251449190908
1,0.28171562919449844,0.38689052041266053,0.7729228086911211
2,0.8759019387371888,0.9442126491860143,4.042269890438374
0,1.0199300560391227,0.9673909322545542,1.030920989047445
1,0.14769381376880392,0.10954802431548638,1.0043213169845902
2,0.9570859367572012,0.6952567635735188,6.419531357542814
0,1.0353924245237343,1.0687032750259486,1.0564313894873896
1,0.3305926231492662,0.23646491986985968,0.8404108488402002
2,0.8552851896382375,0.7021776858694284,3.6465468444093876
0,1.0255835267866473,1.0113543447296656,1.3198793255257328
1,0.18906675206281165,0.2713201964468692,1.2529065498135439
2,0.6558292294166725,0.6933491706380625,3.535339442322485
0,0.998164666227867,0.9107458763568758,0.8567536975012218
1,0.32861371925871363,0.08290651422888742,0.9027547666764181
2,0.793296789805374,0.6382860565558663,2.216424211038734
0,0.9198950503550878,1.0944422899775414,0.9432372784547732
1,0.22212661434989997,0.326667580367338,0.9703513529953058
2,0.8935228730931225,0.8326074406743451,2.979462685653318
0,1.0709717472839642,0.8992727196712507,0.9043017212976917
1,0.13473782178359,0.256608614658013,1.049840026650041
2,0.9021238699559779,0.9060481090001606,4.371151980444969
0,1.0057741897115757,0.9848259071153005,1.1097518226760787
1,0.3006380293357063,-0.042660313961991214,1.07836503958369
2,0.6606513786699169,0.55650493372152,3.0284432855090593
0,0.9904844063070255,0.9449262602503472,1.3132307239130714
1,0.3993616351049951,0.15700919852576656,0.9071509525196962
2,0.8309192476012098,0.9802769529108937,4.163497529129987
0,0.9831739962526267,0.9710540986899631,1.0538991677317053
1,0.290172031972355,0.07026687388938785,0.9200087146410965
2,0.6946237409795232,0.4735366836275167,3.6947527516035126
0,1.0390332131359108,0.9225176558892079,1.0996752093791733
1,-0.06119134846046731,0.3642892994196911,0.8988592491616142
2,0.7964703370356881,0.9018499258117244,4.064155076952507
0,0.9382349020173678,0.9928090865572614,1.1459371031273864
1,0.0751008092281349,0.2176741875373515,1.4537491614901132
2,0.49830701952333806,0.7250989447245377,4.824408175842733
0,0.9735270682084518,0.9368074250499281,1.180318687209975
1,0.2821529186657485,0.008151505358317823,1.0088214664680673
2,0.6637672072505023,0.8509222030543971,2.804650243321273
0,1.0122911088236208,1.0158073191568746,0.7998664542395288
1,0.30445555592167795,0.28542353153392913,1.0732656956872573
2,1.002061189870057,0.8141699302150592,4.803849926593132
0,1.084084813995044,1.0254437993618486,0.8750238231076951
1,-0.006522396013115023,0.3655777164752292,0.8934542118579026
2,0.7658583525128949,0.8594626470907032,5.611647835526824
0,0.9784947524927422,1.0551145266077782,1.3431334371937766
1,0.06989245861134141,0.026331945674872542,0.7487055794943647
2,0.8142912917686692,0.849492778280112,3.0251781603474326
0,1.021931035069418,1.003783955077281,0.963856905703223
1,0.055552985950893,0.18314529795083165,1.1581877054070528
2,0.8750564132934027,0.8893996060705163,2.8266850916172843
0,0.9733166625092441,1.0129192268643252,0.5763406991741529
1,0.11313734523682877,0.2835540554348057,1.2365406159730175
2,0.7985726967427127,0.8938937312578108,3.9793908390640422
0,1.0108771096011062,1.016266479389688,0.7401917817880058
1,0.5130371520876862,0.27858662787685967,1.2205765156226551
2,1.0366834274349952,0.6779452265171084,5.843041674248196
0,0.9905278543344423,1.0012772156273688,1.2561450233701514
1,0.1892906460448424,0.3312230699392936,0.9930984870037032
2,0.827946076201033,0.5502160263537212,4.427642357611899
0,1.006832143269433,1.1428354251180795,1.1717691952848077
1,0.3822289787652883,0.25369992912686373,0.7327969113366124
2,0.9718573210015296,0.5755288284412546,3.5898364348408043
0,1.0526700713777417,1.033856527729498,0.916509528880326
1,0.28665839108882174,-0.023528529752177646,1.1154164578509471
2,0.8591482677805438,0.6546399376524107,3.5903322079336695
0,1.0298627410641272,0.980651250068801,1.1497076427452262
1,0.02532147146909311,-0.07352272517104025,1.1836908674457178
2,1.027219271583105,0.8505426010521786,4.447290322878203
0,1.0251896034576826,0.9677053847279364,0.5850485520247173
1,0.07099611821653162,0.3095674828986136,0.7648616733995489
2,0.9883210897181498,0.6785767476537383,2.6589480285766465
0,0.9759107788672658,0.9664507603284951,0.9556676836356035
1,0.2214756188871942,0.1903492840354555,0.9917135043542831
2,0.7031300755426738,0.9427030317782537,3.1921995726680104
0,1.0163955185721734,1.0034612967047467,0.8836428046381799
1,0.010355545177802267,0.20979482231923022,1.362422180252212
2,0.6487572391989279,0.748301191054671,4.250528956655784
0,1.0580619533808868,1.0104789014263762,1.1097107799271348
1,0.17365852426048736,0.22089530076507874,0.8747492436670824
2,1.0600879243403405,0.8483554076998151,3.3081714580928585
0,1.0674420877818427,0.9475622839655969,0.7733484913312016
1,0.45412894244414775,0.29217727090479817,0.8518142290293336
2,0.847402915841165,0.9729886567205439,3.951114889881488
0,1.058345952716795,1.0385918214674155,0.9048379178262899
1,0.2622137863098742,0.3134685998021571,0.8548275542924894
2,0.8620485532102049,1.0485632632078548,4.1828853615010555
0,1.0026971515893521,1.1443504295495983,0.8843921391071803
1,0.1716433417533161,0.19482567706324044,0.8880584195887526
2,0.7775682073390335,0.9770256279877245,4.1575959945243985
0,1.0135814332188093,1.0672618310755284,1.069322917194698
1,0.2017816026056336,0.18159407318797452,0.7112591216645208
2,0.6579752804397416,0.521655024795423,3.5315102061119372
0,1.024582853015457,0.9501568655473921,1.1481976504393236
1,0.20315511430374325,0.05390412298453334,1.172091026008205
2,0.7987177794641988,0.5397206507508373,4.584704736342912
0,0.9938139868072721,1.0005352228005624,0.7413558866108629
1,0.12547974800013123,0.049437615773088306,0.9094629463182399
2,1.0424498611409927,0.6732113582320961,3.3113247800834835
0,0.9809631030067206,0.9704660100962564,1.0196981303535717
1,0.016226721437095054,0.20627568127348525,1.1006585932459292
2,0.8714608904471647,0.7971145956047847,4.345411572387022
0,0.9820788756723238,0.9850732918224859,0.8784147528442257
1,0.12197713058077199,-0.08032277346309469,0.9724089022062116
2,0.8156606559805255,0.8097281335115505,3.7550875212505694
0,1.0380681557664173,0.958908039011755,1.1677934837516575
1,0.29149612506988815,-0.00538968194873371,1.1004606047990069
2,1.0625255995019054,0.8318982257432003,5.318557294069575
0,0.9518462314904897,0.975879076722731,0.7601179450032778
1,0.28411596103178927,0.2898295334708928,1.0580913529998432
2,0.8266893786093971,0.9423467334502971,3.2682555140088048
0,1.0164127752531202,0.9633565573667409,1.0037854318249302
1,0.4489027458684568,0.12884964976997254,1.1806420198978063
2,0.637875462671282,0.7738895848631114,4.211566721002987
0,1.035610112474872,1.0027220367604552,0.9578777735674818
1,0.15363080696206488,0.14562606317984675,0.948980159337987
2,0.47880981635063763,0.6607384953382909,3.945052282427271
0,1.117759287641422,1.0631434079196116,1.4064370707998266
1,0.1980630040471798,0.21637340399698454,1.0427267063756636
2,0.7823872039551749,0.748388725290322,4.743512259073756
0,0.9501653446293774,1.0106035598983718,1.2196964947931193
1,0.24074698764486524,0.07488978226095117,1.162327276834889
2,0.8615825140462626,0.7331231716564789,5.019341044639248
0,0.9951693026002845,0.9827059271767983,1.1932185001493525
1,0.235363159852002,0.13941903275372952,1.210320399594157
2,0.8528655653868207,0.8351255382578908,3.7902665930227073
0,1.0469621886013407,1.0024037661847949,0.5925249107873765
1,0.12356524536222431,0.20625800586112658,1.1134249896714083
2,0.8689050389891273,0.6924318688615888,4.1724663328798535
0,0.9093399777130269,1.031744731090986,0.7337212006082507
1,0.30704273925494596,0.05013034647353645,1.106563721044515
2,0.839062603685917,0.9362503607108517,2.8760393311413672
0,0.9207799897651853,1.0015689483567225,0.6343414889268604
1,0.23001791745524292,-0.006131569109990215,1.0969346283604935
2,0.870898015701619,0.8852769335735533,3.7302611329713296
0,0.9941198154501977,1.0165719221505685,0.943423010577749
1,0.24173373447591495,-0.0021263258927211592,0.87232808462709
2,0.9067158372304636,0.8531101802462389,3.5992543355856306
0,0.9918699283481699,0.9861241033745359,1.0429794819346494
1,0.2127037211718868,0.21854237646814798,1.0566491645268448
2,0.7394871958016502,0.8480167010723243,4.757069140978801
0,0.9376989177678895,0.9324086662283634,1.1005814165468677
1,0.1231884874285778,0.3198802887913761,1.038010457399633
2,0.8304536045957279,0.8790370125658356,3.20304196177922
0,1.049834234511509,1.0498515556699295,1.030009213692951
1,0.7422810416238625,-0.07535998921109138,1.185440300956839
2,0.34419756300728815,0.781309129028152,5.934843762618527
0,0.977833657803791,1.0076017107815363,0.8429245284552098
1,0.47339822119869895,0.12455536649828784,0.9756525943182544
2,1.1091183761392085,0.8327522701979796,2.7627976783837997
0,1.0239316366435613,0.9622621632041424,0.9283826205311274
1,0.5666483606721177,0.07940294351487559,1.0916213158972947
2,0.8190993411307164,0.6575533839023228,4.306009563435108
0,0.9990032549073106,1.021761150888627,1.499376971450824
1,0.3935240953741693,0.10702104246760182,1.0106862702209667
2,0.9711830520477547,0.6756633760522065,4.444029802057996
0,0.9682337796997524,1.0069769446313634,0.9611238829077194
1,0.20849079348451294,0.2652913697590188,1.0689876055142833
2,0.6327827495044721,0.9014078225305047,3.8643474993746487
0,0.9626860341282663,0.9778143179946177,0.7547777204231325
1,0.19339970101210324,0.25587471608166895,0.9597702446350079
2,0.9726314971030903,0.7503241765317796,4.849464179639822
0,1.0628583282585042,1.104917411777865,0.9133199494626262
1,0.11991762080893457,0.09124935268179683,0.9998807128041238
2,0.5590347451659247,0.6373664606432264,4.768898150122056
0,1.069354851714238,1.0476552349200303,1.2038062997672658
1,0.2469302486974353,0.05455496458444051,1.0241554010850893
2,0.7402640203435261,0.6545579445806993,4.660632192619285
0,0.9836849228545026,1.0214769469939307,1.1686522828048505
1,0.19689073355289846,0.3513887228616054,0.8198791369062948
2,0.6379404354489518,0.5054251506274876,3.4095226296989756
0,1.04098822676313,1.060611907673516,1.321712244696707
1,0.32377795914048685,0.3408441739405044,1.095786289260985
2,0.8454034681011767,0.6209781472829907,6.532050017852237
0,0.9614097218425728,1.1229168812427524,1.1309070648641462
1,0.19248929063895007,0.2859718324956489,1.0945486461352663
2,0.8506650473014051,0.9161751502255995,3.8001735040246545
0,0.9880353801359352,0.9621431093252074,1.115159914412194
1,0.148634034959247,0.11138732743220807,1.14018081569396
2,0.8543288063820927,0.7588551318860778,4.711057406446552
0,0.9282702868817925,0.9705801693765015,1.1343052080864393
1,0.11767918310199428,0.36439625020363464,0.9571395059019603
2,0.8003716032551583,0.7972538243052445,3.4611879892400483
0,1.0143374187216645,0.9814410786697313,0.6386181542845457
1,0.25585462053715735,0.18469663356362395,1.1325689621519706
2,0.7702882679458303,0.7907804247831036,6.164863892328341
0,1.0686057691727242,1.0567650592518627,0.8820301453908039
1,0.06158817631830024,0.03453806619837155,1.018477613070664
2,0.8252809691758146,0.926405086784836,4.875207196280936
0,0.9890296957156556,1.0169029034633654,0.935287362743666
1,0.20518112376701836,0.21634788947561717,0.7728784456665467
2,0.6923157520642541,0.6520051404899767,3.7426737194610338
0,0.9802851787648748,1.025226886357087,0.8384031862162165
1,-0.14749058766947204,0.19831706339329125,1.2001173891160428
2,0.7177618091625096,0.9966939234505305,3.677693436193309
0,0.9135563668992278,0.9551691496099334,0.9632588606480917
1,0.3700378701313508,0.04904793522786216,1.2041439277903057
2,0.7275607089552828,0.8036173902828773,4.5111098580836755
0,1.050187209664962,1.0204449235745805,1.2313971504825667
1,0.28574147749241086,0.046432849269071735,1.1269649669391333
2,0.7015260175064024,0.6759377658815391,3.714722912742426
0,0.9080323596698306,0.9847797314337883,1.067597744232347
1,0.24278030388376098,0.1424790717591713,0.9875961053440042
2,0.9347735879752544,0.9863515448180892,3.800012831056467
0,1.0361363408974416,0.8594504217832029,1.1629929980288127
1,0.4252689277107259,0.1736104274652806,1.1549782468950522
2,0.986806420481741,0.838850907041047,3.5684867120012576
0,0.9969365183576914,1.101242795806842,0.9103616762462593
1,0.37299504644416015,0.24544077823395233,1.4239555058193936
2,0.7838526271133407,0.5773353990670822,4.192802369366886
0,1.006192021349537,0.9757405513737334,1.0355327462575377
1,0.4255218436385801,0.2656771960686316,1.0619628096624463
2,0.9409793015736237,0.8862403208814146,4.140447298349443
0,1.0093075753361647,1.0412539934276037,0.8962428563604908
1,0.2552325650431847,0.10340608295367308,0.9272504047434112
2,0.9981146711301001,0.8577647361343844,3.401007485170168
0,1.086189871381653,0.9547127290057218,1.170879377518411
1,0.2056139048193497,0.37716323075304137,0.7495718803811426
2,0.850993795849317,0.8673963746948069,3.0383547527734134
0,1.0104339737851196,0.9601704152944762,1.0809422874507872
1,0.31737982031255263,0.3566607224790337,0.8449717606657003
2,0.7853884899841624,0.941199090996635,3.827764176311639
0,1.0121830635037297,1.0287161011480481,0.8426298451877854
1,0.22674788798823878,0.057857414290601095,1.1274192227462227
2,0.5863612637452782,0.4834603521289718,4.198435146978607
0,0.9259982386903877,0.9349878040560535,1.2208839834790803
1,0.3842342827423572,0.028712172112341033,1.2023635813515463
2,1.110891005692555,0.6253724182758121,3.699430460750961
0,1.0413316375584045,1.0191446815068586,1.2506677295161182
1,0.013255043677181194,0.5272850303296518,1.2892969287362581
2,0.7420905479580107,0.7984408944062358,4.9074844415133025
0,0.9798770049445228,0.9934249361281993,1.1477561282340918
1,0.18342774656459077,0.10300616252155317,0.8910111501509888
2,0.6836843445512822,0.8445530094554651,3.1815964756638913
0,0.9876243689218405,0.9855471430353943,0.777342425675262
1,0.2614338409567706,0.0441294428352082,1.2179670662439206
2,0.7623051553771815,0.9243733551803788,4.657675062524711
0,0.9610536423498971,1.0678921968336659,0.6102272123301682
1,0.279708661323752,0.0073188132225945335,0.9116794454191282
2,0.6346697059660611,0.7832611359457208,4.525854164574845
0,0.9873426773115036,0.9939000790335949,1.149065669623225
1,0.11261885381507081,-0.02046231833680867,0.9287231525458265
2,0.94903262570783,0.8552223922192274,4.8273203145065455
0,1.0030323574301145,0.9771883677166758,1.105943759085083
1,0.24615667493419852,0.09658893982971178,1.1312450862391303
2,1.1151894589018518,0.8311325573466575,3.9404400817871874
0,1.081700570414956,0.9414772956247377,1.2528647167553024
1,0.28509684226392035,0.14943826551848322,1.1186408349031902
2,0.7754852844283252,0.8554572662493775,3.2885131977524953
0,0.9771393644989977,1.0098820629416687,1.0126749779921282
1,0.11769733127648897,0.29195635230365585,1.330404822464636
2,0.6074326290119632,0.9250328394371296,3.873280888173344
0,0.9734344110633503,0.9195471292378077,0.9183088015373825
1,0.10134526689467695,0.2701520815077987,0.9919001095144008
2,0.7729851694925028,0.8752890534539451,4.818053048679199
0,0.9973405907599354,0.9741115441076194,1.1242683486272116
1,0.49137094204750653,0.24725623218187426,1.0001647356186354
2,0.6727726447965352,0.7689354978447664,2.479396731553093
0,1.0653267781914475,1.007453304977054,0.49771860290745373
1,0.35497430199721547,0.16678530556968618,1.0241608745542525
2,0.7260777979436774,1.0158769918986197,3.644507464076351
0,1.0513250446101743,1.035876630702449,1.2146253673969445
1,0.3600233754428589,0.06378862598445698,0.5911850119198244
2,0.9947466563756084,0.7608403273434103,4.507227681154422
0,1.0123272812687634,1.0643060783957954,0.8628352430680691
1,0.28261596027608327,-0.11119276158430796,1.1703702605357202
2,0.815136662484596,0.7324823555726497,3.546706662893617
0,0.9565509230554731,1.0002385941176934,1.000699953479444
1,0.1855299251713713,0.127462366209658,0.6954512928968348
2,0.8468283788268687,0.7551259965529432,3.5730379552376834
0,0.9973011734353896,0.9821595479311432,1.129427070607995
1,0.19640795533371705,0.039077387281172854,0.8101439974968592
2,0.6888066609923912,0.6716693412768548,3.140947096619078
0,0.9526810990947105,1.0494044399619977,0.9280712641270357
1,0.17044445609643089,0.2880633149270039,0.9716935087321311
2,0.6644162195691725,0.8922656112706339,4.44236563900694
0,1.0410317512605338,1.0781004252083923,1.2192740890268348
1,0.1193121489994685,0.3708306870022935,0.8796609824033013
2,0.8913046690196846,0.8591307628634788,4.6647705567264195
0,0.965975637203467,1.0116435915483906,0.6821999560452163
1,0.22564531580440694,0.07065003815683471,0.7894883838284211
2,0.5870823571738768,0.7850021902010612,4.518916729499037
0,0.9999614230724351,1.0576949319189073,1.2982869283777623
1,0.40630451001173085,-0.08821794990010973,1.2951867911104606
2,0.7271843774772652,0.8619231577260454,3.959026535432703
0,1.0135031785441448,0.9743951896534346,1.478572335373061
1,-0.08589889096380071,0.02531173941602516,0.8441483536715072
2,0.9201425476129239,0.7503722567664957,2.9966833439698766
0,1.01278921157134,1.019321114306714,1.2922994392686662
1,0.5284812994781874,0.03697362435318946,1.008231060600932
2,0.7497623904172365,0.7046912390944361,5.065370335110188
0,0.9633047764285211,1.0447505458816322,1.0255187130788839
1,0.3216905998526295,-0.0025645883129128966,1.06335857537378
2,0.9755486233386133,1.0258744801636017,4.905761866954612
0,0.9472559531312532,1.0955424217667002,0.9449021804179721
1,-0.15108999175162585,-0.006382184014858433,0.8920666480963962
2,0.7267329312970794,0.6129194937899984,5.3372478351110875
0,1.0757921581319354,1.006268208374105,1.1718385450992783
1,0.3747485904951674,0.158899622517314,1.0682104582415095
2,0.757418619634289,0.794545941534712,4.547314927289189
0,0.9631357004027068,1.0016286642970031,0.8296648980837495
1,0.1519489529726452,0.0014454237358343114,1.0671564322753615
2,1.2469277505455438,0.7363168988638398,2.763137784142434
0,0.9753273712764297,1.0093531584890372,1.055827228396366
1,0.10306600545436238,0.291302373861952,1.150054476180491
2,0.6689753627332202,0.8744236429281964,5.502649935116189
0,1.0120360894749099,0.9909673397813811,1.465721467481359
1,-0.06252993464688328,0.4413391142824581,1.3012987067492192
2,0.6665350172701238,1.004538876845448,4.328934856687961
0,1.0601713645421487,0.955483147343815,1.2595138265849375
1,0.023718348782597903,0.265082393826751,1.1421467762137898
2,0.9338283863075425,0.7562074614164365,3.517102858355874
0,0.9897808006802663,0.9387918309361512,1.0220513385718482
1,-0.020870604962057587,0.021014978615489927,1.1119064624598147
2,0.9861771457503559,0.8756554091900417,2.121114067780856
0,1.0329571574494048,0.9371889489470473,0.9384484686871529
1,0.10450431776493825,0.12693394260685537,1.2066488823176342
2,0.6172729486747919,1.066627735792446,3.5240765988658302
0,0.993177647730734,1.0625264338467777,1.1245604433248215
1,0.4244965719149373,0.37600663996564565,0.7402250004553084
2,0.8643588372273646,0.6091172941252002,4.310420960923939
0,0.9462171868204333,1.1357081153520578,0.8080062747844304
1,0.19329934887712819,0.14633344708580479,0.6048145618839408
2,0.8455540142321999,1.0190495964641841,3.354574795034109
0,1.0732831368737783,1.010138462038167,1.087353380467352
1,0.44119607539905126,-0.19858498241351713,1.0016544921499633
2,0.7020097757649192,0.6749685477783862,2.9800307023647066
0,1.1343346091957245,1.0462865292495886,0.7216389699744414
1,0.1001374941562232,0.3548230161755751,1.2025736846679838
2,0.8043490150076763,0.9102054628354521,3.8141006825238453
0,1.111846973059852,0.9550512719952082,0.6681179784830182
1,0.23532837715938312,0.32181142309973143,1.3126301873663502
2,0.7686695797390398,0.7519780173237777,6.17158868699134
0,1.012556655560427,1.0303030279604874,1.3589184490558543
1,0.23408115939650337,0.12134997297348986,0.9864726131153654
2,0.565457616201609,0.6894009705920204,4.346683335153088
0,1.0499501308255428,0.9910821655349595,0.942838738770029
1,0.3971391265420381,0.42603488386021593,1.113986380279702
2,0.8037564308136207,0.8219404575512645,3.4952015328359813
0,0.936443907950009,0.9578199428602623,1.3523434250000552
1,0.14500653236082056,0.13578343680277097,0.708599646834035
2,0.4883311137436535,0.7976901502068557,3.681614601495579
0,0.9879202759694671,0.9739115605430718,0.9968914578397043
1,0.28781676019078073,0.27137573851778996,1.2503603458073864
2,1.0314636282754526,0.6955022373109945,2.9074859798873853
0,0.943052970847397,1.0339791120390367,1.0637511274578266
1,-0.030386351912998738,0.2406628909881259,0.7165805617324887
2,0.4568071574924172,0.8331349044293938,3.6459465704937184
0,1.0053832693463605,0.9977152910393959,1.2279874946277543
1,0.15347793698503992,0.3725744067328,1.0950538145367261
2,0.8343716981363348,0.6784826703857861,5.077645576407894
0,1.1515394556849434,1.0083054449061912,0.732528929073277
1,0.3365907434399251,0.05538217407408691,1.1243573850763087
2,0.8554346052193875,0.992965802891389,4.813070556046318
0,1.0140323832682228,0.9517734240909952,1.3049881674892323
1,0.030313939351912123,0.22241346904490134,1.0886046335734756
2,0.9243015188932373,0.8135657177630186,3.8832592923401124
0,1.0006378678201375,0.9995654604512343,1.3168252056794132
1,0.2548407176833546,0.37382077807609115,1.0632398237948233
2,1.1391086892281117,1.0389147451827205,3.670535199608804
0,0.9222008615601549,1.02980362375282,1.0006435675276641
1,0.21407035981521078,0.03848381882297977,0.7827084057430185
2,0.9125986226544561,0.6279452969704711,2.628601238377586
0,0.8750418305896066,0.9856252249703039,0.7348501117519128
1,0.2765577548278368,0.2674481573306389,1.0688096820893958
2,0.708645811256012,0.9137994954168274,5.241363262817692
0,1.0633740541107888,1.0571182063749776,0.8926106630613809
1,0.24245121227208838,0.0113792002069045,1.2073265908475583
2,0.7339936314277591,0.6232609934628848,3.452205595739468
0,0.945265987839734,0.9644512135897403,0.9100672544581242
1,0.24966638015523002,0.10243932074964679,0.9789070324846513
2,0.8229038379343312,0.914510467999687,3.397925576937496
0,0.9495796794375211,1.0461328352117627,1.0214638010066321
1,0.19587256206623085,0.21164513304862367,0.9535261544651827
2,0.8300856138882925,0.7556623097561938,4.987567359227796
0,1.0672788321613569,0.9827304617876,1.3659425855999179
1,0.3147381696375804,0.07926614070167362,0.6177190095093139
2,1.1237126152986363,0.9287369567294018,5.761847755867348
0,1.001444173755363,0.9524975538991076,0.7937428323593776
1,0.29344408643222897,0.24504298536737662,1.1078632663753158
2,0.9056764433756348,0.8511006891996551,3.2802847916029267
0,0.9545929434972219,0.9786579289347409,0.9878002424257215
1,0.17977984390414262,0.40165890016121647,1.1496768800592116
2,0.5914959630841128,0.7748731317456166,3.65097099806817
0,0.971160562414796,1.0119762229136964,1.0724459432544982
1,-0.01063426732818537,0.4893957499536972,1.229963046673367
2,0.8161282802100381,0.6104942680734291,3.877574271205846
0,0.9480379202966371,0.9671517896486351,1.2379529093987292
1,0.0907375496187408,0.04720910411046547,0.6902023105242231
2,0.7585879282018596,0.7666284402282517,3.186535009683612
0,0.9786115212825321,0.9478552825695091,1.1876109524986338
1,0.1930839691347289,0.4328472940351743,1.0418252600017048
2,0.5691623401157978,1.0767567459035234,4.496946799611661
0,0.9083891203984138,0.9737999279379435,1.129212054471606
1,0.25511722789112773,0.015070760658036947,1.030372997563644
2,0.7603408588893631,0.9086273524273002,2.4737559126441413
0,1.0022206102289242,1.0044255092676608,0.9235761048644373
1,-0.007488603655692205,0.2806735019860257,0.8818283893294736
2,0.8448930834445534,0.9826217247842858,2.571543557901525
0,0.9798784511034028,0.9133940413237527,0.8754762452203565
1,0.0649939055670122,0.06618353737329497,0.8509490059400948
2,0.9659773003985341,1.030083027400941,4.292032188330573
0,0.9178777225552567,0.9992278082729238,0.7618859380037074
1,0.18158082037386666,0.16893497641703342,0.9642069126844306
2,0.7976014624669169,0.860148772652315,2.6959361390293903
0,0.9795759693272553,1.0166283670021634,1.1727772826925487
1,0.20046527268505318,0.25552517055957313,1.477905259190207
2,1.1159765711100529,0.5795133690656471,3.4913200366234487
0,1.026193657857765,0.9591428357999847,0.7551140719583073
1,-0.08981828769644895,0.05487987038341857,0.8521140547477106
2,0.9075216274756541,0.7347176391645539,3.635604083351118
0,0.9903912048007073,1.0782528713368766,0.5804668687794827
1,0.17399571438533934,0.32021149606935284,0.8645990940329729
2,0.8399213944001535,0.7730700346950891,2.7560811519917943
0,1.0033362905167766,0.9701525358763704,1.001864409019622
1,0.020829173232606718,0.24554631334290591,1.0317680480660203
2,1.019099414982906,0.6700256635257167,4.400630985113823
0,0.9468936124870909,0.9349632763609623,1.018018326900521
1,0.057294177593345125,0.13954041708839224,1.0003474994402686
2,0.8348759507907015,0.7435605020763165,5.121733706381741
0,1.015176865135196,1.0746505941657953,1.4111481812208853
1,0.2950382964681755,0.49018261414943654,1.053684324144202
2,0.910766905740876,0.9938865710719146,3.8028266106425503
0,1.0673673981567422,1.0308876765184727,1.078835127954491
1,-0.08048889348391491,0.26117823566077114,1.0942774523986691
2,0.7044655706178132,0.6829410996114686,3.754932954379241
0,0.9762591844568999,0.8676648662168056,1.1846988298124326
1,0.2051363005042696,-0.11677599499628866,1.2185659341330743
2,0.7020160693938806,0.8775826424934602,3.6178934707719703
0,0.9954939288197583,0.9486758167158492,1.4900711979814996
1,0.10416740795062342,0.2611687482911394,0.9380231964297111
2,0.7140442200250364,0.9801343059202472,3.5244517796253176
0,0.9617225893392732,1.0330488225753007,0.6092683515065981
1,0.14945023457072845,0.36247534623425415,0.6813891741225604
2,0.8766142843154268,0.5694062214624533,3.8636592723562
0,1.0560142617497439,1.0360669420809752,0.9217082853288172
1,0.03298444490607727,0.40757161950086485,1.0102142252827815
2,0.9860453093687758,0.5717667435064887,3.9375096574731843
0,1.0085618606202644,0.9947901329345327,1.1165417321753595
1,0.16097858543979257,0.3678212376149286,0.8355347052421196
2,0.8084710270880615,0.5079523971871651,2.8000037288494077
0,1.064134983415569,0.9213389494209485,1.423303850192012
1,0.2040430605971318,0.46781404100505614,0.713930424749081
2,0.9014935031774469,0.7571894838436207,4.632985143000848
0,0.9559228751470746,0.9958490024955154,1.29517833731689
1,0.012303531837090986,0.34565817206103133,1.1945597378928825
2,0.7555784004638649,0.8158867012426048,4.711212030782835
0,0.9808230286577596,1.0332813286377798,1.0429221306763379
1,0.09104733671485231,0.27175773476607756,0.954021158493451
2,0.7101546588385199,0.8323569695477838,4.647528429713825
0,0.9675124224243974,1.0010494114509023,0.6686966426369559
1,0.291995421196133,0.20523158368280425,0.779012250137312
2,0.5557445293212974,1.0955851588466665,2.3064235573598504
0,0.9894392133970664,0.9326344741857021,0.6154384053907582
1,0.15653801021428393,0.006241310501306774,1.3541033583898754
2,0.7871603981004085,0.9312705053965675,5.030810547828839
0,0.9761766097194469,1.0486144938742492,0.9563179029422649
1,0.33206388281591787,0.19541981448490253,1.3795002054329808
2,0.6736145267981336,0.7074022213317669,1.673287439116733
0,1.0461190301276966,0.9743830159108549,1.0280796709894637
1,0.513549960629174,0.03671993797042036,0.9493689495521681
2,0.7075396212253134,0.8855327532014438,3.4212608456297393
0,1.0311158355452457,0.9376825824442468,0.8377201291638356
1,0.3294820946827196,0.19558191137765657,1.388036688243293
2,0.8137301235847144,0.8082251822829221,3.7156266060199066
0,0.9152097203813461,1.022279913051738,0.9337068334633052
1,0.19779579011896,-0.01805691938970308,0.788834968382921
2,0.7302546379849402,0.895595542059917,3.4774069286843017
0,0.9139157044251347,0.9859187256788555,0.8594624137036878
1,-0.10974295823110386,0.2575916386449888,0.9249708335509028
2,0.8774289828102919,0.6399790795457904,4.2578046834449
0,0.9076703169738067,0.9560999331661846,1.0074467394746807
1,0.45829303434930807,0.09683430718726606,1.3616262846603158
2,0.9634705368660901,0.8686818237786084,3.3979099032194187
0,0.9169679600273881,1.0061697786269146,0.8609971430479377
1,0.4106024957632476,0.4814185146997275,1.102282023958213
2,0.8121803636246934,0.8478003562538255,4.63902113583876
0,1.0911971952798676,1.0667880389280981,1.3507261605261736
1,0.17947292836281178,0.04233765626416372,1.0908020420268996
2,0.6697334164875743,0.9440907251788342,2.380480107571252
0,0.9921852814591628,1.001975906567813,0.9794830340052483
1,-0.094738904488198,0.28868517540557753,0.6083180000680952
2,0.6615982722194431,0.7153255901709853,2.551227376409021
0,0.9751313162540716,0.9968411913558023,0.8012455897162464
1,0.16923239524399872,0.28658200565477887,0.9230246333236379
2,1.0134476698378747,0.803029249043072,4.175485816840266
0,0.9956954136560902,1.0063257212720662,1.3105127975000725
1,-0.08858062922281107,0.3756544073082151,0.8797574485231808
2,0.9323141124338261,0.6369781885278534,2.587642519320874
0,1.010135691702442,1.0145816294362568,0.5623791861163716
1,0.07250900253554338,-0.008240064690956284,1.157211228274515
2,0.7804747549698766,0.5970971277082824,4.3947458995111655
0,0.963510646550606,0.9861892379356059,1.2877425503870712
1,0.19005347850675508,0.36288870834228903,1.339677759094299
2,0.8667683975701574,0.6448045444979216,2.1964144884922616
0,0.9545417777072966,0.9972452249471945,0.9548399363071081
1,0.4080747379529232,0.23517077821800558,0.8028605690949653
2,0.7950474993056379,0.5287960939174632,2.7492761076447945
0,1.0046206936567679,1.0080991425181531,0.9953514204477362
1,0.03914501203400178,0.4426562011048837,1.107813413126725
2,0.7184641100862761,0.8935553031889785,3.890379750609102
0,0.9365468904934633,0.9295696212788247,1.2765605057212155
1,0.024148620805711785,0.11042663960432599,1.0015692957580113
2,0.7479224694791659,0.825839201504606,3.991601136132107
0,0.9496122861051743,1.0679593869839843,1.099397794457693
1,-0.19044003311460245,0.22007429009305246,0.752231164263785
2,0.5227887489236223,0.898679613254078,3.905732580401852
0,1.0123551594008613,0.9455664786172452,1.2789848697034683
1,0.09008272312571304,0.2928245945911694,1.178407886611426
2,0.7549451945676632,0.8078988453897208,3.9041614730213245
0,0.9862007894069702,1.0453786014229571,1.0214894072278986
1,-0.10472585097604187,0.39943929020520685,1.498156639087157
2,0.7470610400946008,0.6637815849590804,3.550070796931022
0,0.9866128540444369,0.9894923479561677,1.0388017696509104
1,0.10104640185846551,-0.08998720073376332,1.0160395668703244
2,0.689303627628406,0.929531027649504,3.743150934479794
0,1.0511632266431552,1.035632079567419,1.2475519487854396
1,0.2591922049207655,0.07710945006326403,1.2910889105895824
2,0.5916553708556365,0.742069457295571,5.776579624021824
0,0.9818639916571231,0.9646369926987769,1.2100620430241
1,0.1416357576746099,0.27711271457043063,1.153639645697976
2,1.0654434466475742,0.5813439598463568,3.5338502997621006
0,1.0057325756011977,0.97432287921035,1.000490210081889
1,0.09027136828105438,0.3523457810656397,0.7919979422514358
2,0.833113109176543,0.6526797548892921,4.184931458899532
0,0.9630174340126929,0.9745718757775976,1.132620796322012
1,0.17564154162348838,0.25606828058725156,1.004793488775976
2,0.8603401300941734,0.7752484953217267,2.2914183549954688
0,0.980796084734136,1.044946298820836,0.9928590902787491
1,0.06156211275631002,0.16964083916845749,1.1485350931331144
2,0.7802595809184133,1.0479904962178175,4.084691614796988
0,0.9991989925212456,0.9617197558081605,1.2421166026790789
1,0.213456051055427,0.34929384236002514,0.9365279698024783
2,0.5515013404746256,0.5538580172333627,3.278847861181582
0,0.9812733709602357,1.0344130677641716,1.1816780441472097
1,0.03407736770531075,-0.1771940399090356,1.0223835538882937
2,0.9277499143858757,0.8977413407748753,3.9189439246636137
0,1.0452038901197753,0.9379341841314646,1.0614759714243327
1,0.027419068024078036,0.2583292555005383,1.1778081935865152
2,0.7718232649731617,0.913409276547503,4.846784465243728
0,0.9926865496928067,1.0095596674497247,0.8131572372122646
1,0.1966075701869465,0.062292500109051935,1.1773714503974468
2,0.8741383023928213,0.9409017237456831,4.195308027870772
0,1.0153311959100313,0.9843988320094036,1.3863285958122913
1,0.040398007217223,0.07068054009293664,1.375273157936265
2,0.9215868523173891,0.6150874095607396,4.781796563922043
0,0.9788098142593953,0.9700338877641349,0.8270640789760213
1,-0.08920917290727515,0.3255915440097609,1.0091050748786448
2,0.8577233841681107,0.5853895134767809,2.799630469045967
0,0.9803298384346291,1.066390780484465,1.2700064992446318
1,0.2857344742425765,-0.051347123307595666,1.2870727760940412
2,1.0221786114979006,0.8151377401053128,3.453654745889117
0,1.0000030966852849,0.9271063141605727,0.992659724855916
1,0.356493544777698,0.33175491817263864,1.149001980154422
2,0.6295763317974606,0.7826468893865434,4.366142151072571
0,0.9494340642359632,0.9395537054833867,1.2171598489852864
1,0.23731909788625644,0.10920355905315778,1.1651883450551446
2,0.8255237408318126,1.0422181239243975,2.574348913868337
0,0.9339446809689577,1.0161565584311971,1.1229943274303036
1,0.07065522433142854,0.17101114293267866,0.7253885714545772
2,0.9255737277958374,0.762196871336486,2.7800408522782227
0,0.9842222126237758,1.0181022132520814,1.1884147900628628
1,0.3341276266137278,0.15223562139052804,0.5793351401761416
2,0.5603801540597607,0.6360322326361142,3.023073438414462
0,0.9613244978678256,0.9214623416281649,0.9737395391961274
1,0.3708096043019026,0.08588727612828623,0.9572189187627619
2,0.4790469243657714,0.7222880059072796,3.01685718511019
0,0.9259571648720827,0.9718991365081383,0.8165998762634084
1,0.3072612889311069,0.27727285981788724,1.2305874913261972
2,0.4763929016317745,0.8683856188572049,3.0637599699486837
0,0.9532231716125728,1.0038274523491655,1.0593141550684528
1,0.20504728368790345,0.004832672337510752,0.7827189724315597
2,0.903797544334279,0.4377502186902193,4.29047364672628
0,0.9800167995125285,1.027089468680799,0.8640999363265355
1,0.4814601686149571,0.20967933626993532,1.1415227735637836
2,0.8582845661273069,0.9010753309568728,3.9407254056859604
0,1.0095995118559429,1.0476568681602811,1.1131954744084636
1,0.1106761573755032,0.2712753897539202,0.8893156274101832
2,0.9329702633852074,0.8694134295589544,4.811048705140508
0,0.9434168836153889,1.0910477602420503,1.2245123790333188
1,0.32526106613071004,0.13880607216829638,1.1282604429716536
2,0.9836986144391089,0.9973458742415272,3.5908773815985575
0,0.9680606944165578,0.9778831883118881,1.1016654302528988
1,0.35567130469892116,-0.13653823566975826,0.7612426986520909
2,1.2007344118555663,0.640137084053783,4.590760037840462
0,0.8312087526087049,1.0048796768396757,1.1142629433205018
1,0.15497255336461144,-0.07644759342971408,1.1070367658229294
2,1.064573633725805,0.8486689802393279,5.193096969441592
0,0.9997854610293121,0.9347240531510864,0.9590473250813539
1,-0.00640069396837753,0.17745776008322647,1.1184864435897555
2,0.9157196234298584,0.8590487651448887,5.076212541279956
0,0.9934076263713352,1.0540100701549477,0.8280651632785596
1,0.1633219969425299,0.10626001018716301,1.0442844499741195
2,0.8004936047186758,0.8395347523498461,3.289196154004305
0,0.9880006805812005,1.0804243624638272,0.9954278666716577
1,0.1581340767746626,0.2412564824139758,1.0961185281565393
2,0.7908291781493447,0.8057390974953521,4.705373661890227
0,0.9680430255271213,0.9723636475180768,0.7825454485713813
1,0.30230118868039796,0.3039385193783898,1.208812169113602
2,0.7334234784853593,0.9895549127088121,4.143218245436489
0,0.9826453985351891,1.0181555154377435,1.4338399422839958
1,0.11039320327574441,0.16321370090848653,0.8459867020789981
2,0.7276674239653281,0.7787144269242603,4.223910473816355
0,1.0083683524790292,1.0016079329333114,1.1444113659544877
1,0.3744686964856445,0.09855971495321315,1.1620102073834766
2,0.5761353601015675,0.7732647459346739,3.5160889336986787
0,0.9820342437598337,1.0104085010963537,0.9089182898537875
1,0.1713343389919707,0.13692499798745195,1.161471365735294
2,0.7280897987220402,1.042187531330082,3.5891451202574767
0,1.034729048588198,1.0594191591487783,0.938563544637412
1,0.23483347100357496,0.3279720369453798,0.9945005753973392
2,0.7239602822580549,1.0686546284735607,4.309155450694909
0,1.0421593412402554,1.0067381438536451,0.7559752156906963
1,0.09938003571742669,0.0930114661295225,1.158489680342765
2,0.5122652774982089,0.5316524597477708,4.694750269240105
0,0.958909990689695,0.9272454442497554,1.0225833689169523
1,0.3089279564765244,0.2947257483552717,1.2558710000226816
2,0.7477104467779916,0.639102783100654,4.648527197209584
0,1.0011280303004009,1.0220312641006275,1.0239779975690573
1,0.3545151996892632,0.174080315841763,0.5373769985835044
2,0.8627817556518338,0.867406558805195,5.060401588527116
0,1.0252160014573255,1.0626173565229649,0.8307665173407877
1,0.3254171027550727,0.17241277242083536,1.1379938565559296
2,0.7174881265594129,0.9736717097073226,4.032154424327484
0,1.0206831347196572,1.090044698039711,0.6779394147614906
1,0.4497468459167686,0.36669467918862597,0.6858669685836061
2,0.9556427932642496,0.6821442627848076,4.773029998475925
0,1.013696309617239,1.0005221736102152,0.671497132146822
1,0.10432623906579643,0.35361552986923056,0.9668444120813577
2,0.666274091259889,0.7315413071843412,3.3642515187689934
0,0.9688669086023536,1.0416048776823252,1.4472293426986333
1,0.2430274806326852,0.21992060946791656,0.95898022824877
2,0.8460275066062081,0.8548717080652095,4.0650888242264775
0,0.9787107951302508,1.0964517935593832,0.9966902122872094
1,0.21982393858791205,0.1074924396598009,1.2360078329669322
2,0.927396311781586,0.6989931058987797,3.3978450987053948
0,0.9430669035006575,1.086210991507225,0.9668296555981294
1,0.08339687144651382,0.2603613364699327,1.0313268946579386
2,1.000184859952896,0.8586238928428446,3.9456736598748834
0,0.9501124142173267,0.9712444646963924,1.0815371090890016
1,0.3443987454262084,-0.11197700779212061,0.8726149507754756
2,0.7575473976922327,0.8491928455394387,5.170405574632052
0,1.0267683037554527,0.9745549459205589,1.034843566314824
1,0.22556490717237992,0.5385382838857213,0.9662969802759388
2,0.6854343859231882,0.9051178538342493,4.789572215765489
0,1.0343352514876585,0.9862902826238421,0.8625197766762325
1,0.27193891578501195,0.10277580307038735,1.0342109212668742
2,0.6252045093723815,0.6575005512475023,4.553318303006318
0,0.9989937019546091,1.1518710049137542,1.199172084085664
1,0.37472432816527923,0.448996689727686,1.0640628840950406
2,0.7264625601414387,0.8418623597850091,3.9401818325145834
0,1.068092940518858,0.9628929430563993,1.2859109660797974
1,0.04314783273017353,0.20029132501258926,1.4118954421280816
2,0.7605481006064662,0.8945858347706112,4.1853114513940195
0,1.0294669455882257,1.0090214177520465,1.3312340291845826
1,0.2876211014629239,0.49244256730782116,1.1910975913282835
2,0.8009398117039273,0.730814900270009,4.07944599644057
0,1.003408673692899,0.9676768745489991,1.0904361376813068
1,0.00923306203291896,0.2201705021018508,1.280738718152737
2,0.7167459320003096,0.6448815183923376,3.848026420939598
0,1.0339529190181813,1.088694983028443,1.0249193993121344
1,0.1625199074564716,0.18409455501562913,0.593944624103627
2,0.7092335974249908,0.760936005709821,3.411759122344894
0,1.0897249554483948,1.0537206040166003,1.3245983276715254
1,0.15539398728404752,0.11104037860021551,1.0868869142743645
2,0.7319271168968676,0.9049104538077658,3.942097520513372
0,1.0633599875319781,1.0132468158321675,0.8871474083748088
1,0.2326030907571694,0.15049867289096142,0.9872428060074259
2,0.8008482147698308,0.8734546344115633,3.510966685637418
0,0.9701208300647188,0.9781768986825748,1.0746865548910187
1,0.18048139162237847,0.1590741632313922,1.0168953840581345
2,0.4493255311688817,0.7847717026630688,5.393570818858021
0,0.9905334793027201,1.0235674571633446,0.9361670070931636
1,0.1902147860417397,-0.0021744573734193973,0.7797685380437528
2,0.9520663473442025,0.543518689908618,3.0878241512240234
0,1.010595761093704,0.9921491166557599,1.0776650355933357
1,0.49950654232074976,0.26551741040652294,0.7364316136543638
2,0.8339035378261066,0.8821122609394036,4.515476742987174
0,1.0526010258838905,0.9975278688564696,1.1195746652628982
1,0.3078167327876395,0.08883113025005233,0.8141546569609152
2,0.9028039723973211,0.6285228803028406,1.7777495483406427
0,0.9250057772239297,0.8645045949976596,0.901034231312387
1,0.39377498920271325,0.20917993450985628,1.0122757860470075
2,0.8423398352656307,0.8911378865833574,3.210617988770913
0,0.9886122017660818,0.9734961145881302,0.9902168760436385
1,-0.09580898576175378,0.36740054647592774,1.213674932745485
2,1.3111627631391258,0.5967846960768888,5.6048192984267144
0,0.9469645566906646,1.0384430984282906,1.014696694779505
1,0.3147681209874943,0.09848265512868119,1.2257377498117852
2,0.6688781402601895,0.7154032540809663,3.176993782028208
0,0.9596899948007631,0.9411900000541922,0.8368492183344942
1,0.5385950931956798,0.3692630144665611,1.3413149265973483
2,0.7382577888730064,0.6793067916548056,4.813867427508904
0,1.0552031708554854,1.0998773045851205,1.376458075025868
1,0.1571103997875728,-0.2264205326859745,1.0265984499408878
2,0.48134728908661567,1.002978254686751,4.505551411149809
0,1.1008591021005318,0.9592436922218915,0.9467922925643592
1,0.5009188204689272,0.20288585225030403,1.2947608955213994
2,0.8908335162175234,0.5456323928896142,4.455275696193808
0,1.0613184512428102,0.936048622480011,1.014262461252736
1,0.3745337247959546,0.2605265754210946,1.3584951908132679
2,0.8402313505142057,0.5355089863038167,3.228545099174256
0,0.8980770816509203,0.9952898708420206,0.999049283177519
1,0.04207744375810207,0.2758325505686962,1.1135628219726863
2,0.7212008483227437,0.6866744965941644,6.010192997686062
0,0.9941727391356856,0.9611274223060229,0.9434574855329955
1,0.21831148913146908,-0.11599106340766147,1.1123810313611928
2,1.1265930118490275,0.8396641523063224,4.817763596064156
0,1.021725101443906,0.9823227087842392,0.76767545230492
1,0.2988541536400563,0.15479076016833623,0.9237179129219968
2,0.6820606395394326,0.8546283020027751,3.9032039415195374
0,1.0757656043702424,0.9590501177741682,0.8399443690472033
1,0.22585422226736,0.2249692951330481,1.098157883092473
2,0.8539962690088302,0.7513969868963097,2.789797989256516
0,1.0162427103530278,0.9899720769865875,1.2695689315734349
1,0.21244214349870028,0.2991012481706713,0.9621995072560117
2,0.9275834897466888,0.7826192068044309,3.1448547860712885
0,0.9729769125839893,1.0442056957065062,0.8049910174384853
1,0.2442973268012141,0.15376804131913013,1.1056257210529203
2,0.8511022228841502,0.7953500682280009,4.493505094943949
0,1.0108898960149786,0.9643112213429621,1.168025595461983
1,0.42355208274628453,0.2596832859689871,1.0226740354190282
2,1.1357165101660112,0.6813885156783435,3.6637397259283175
0,0.965989178087888,0.9930841638974088,0.861537840278068
1,0.1025878452076601,0.3675732310387513,1.3717322972914383
2,0.7986416393060051,0.8473618468884501,4.276682970904637
0,1.0686420467873061,0.969743906641139,0.8512784083849452
1,0.09337774292738267,0.4581923153039602,0.6357489344912488
2,0.9233025517534212,0.8549567414198631,4.684623391031515
0,0.9211601475422444,0.9128430907438496,0.7615201686623336
1,-0.07812305907318101,0.12532141906334737,1.2239503476969094
2,0.5743844070374172,0.66705261877064,3.958661102394443
0,1.0037423201339912,1.0534842420595742,0.6929203798416171
1,-0.17078910767513783,0.3060054725757617,1.3087874307670464
2,0.7821994920172665,0.8963837736094475,3.529917433244801
0,0.9343226512506921,0.8991634811347621,0.7874413647472449
1,0.1402413099431879,0.1258683960875619,0.861316409325204
2,0.725983723339737,0.9563880351341122,3.3605994904055865
0,1.0077618113742697,1.0812299218062063,1.0188435491780174
1,-0.010631797494345563,0.1267853006213608,0.9720749911848192
2,1.0020535429344646,0.7574231241431276,4.772609419160438
0,1.0698807049383223,0.97397021003868,0.6813235374988725
1,0.10518026107674545,0.3799055999960603,1.3607539381433111
2,0.9930765380956972,0.5786971328699234,3.0666091215523332
0,0.9729951637877006,1.0047899283554536,1.0410287986477271
1,0.019947117108840867,0.25578098174942404,0.6899228217786436
2,1.05089815032522,0.7417585159552982,5.126668155091574
0,1.048208646379625,1.0072509181181226,1.2196520904416888
1,0.4873188951270195,0.2909389401542464,0.9408828927276192
2,0.8390259712469194,0.8414801346080948,4.144999823721593
0,1.053907273138219,1.0405748429973418,1.0255861477410957
1,0.13679639005876912,-0.006620435835610644,0.8997376366067813
2,0.7844264840489491,0.7901067177653015,4.254141685582782
0,0.9307957534593757,0.9998450029412818,0.9284353887342145
1,0.07537129145313247,0.06061946942511773,0.9730299498752751
2,1.040511815833494,0.7827482306663398,4.314371650127249
0,0.9125451980964012,1.0240176104178642,0.9065439538313592
1,0.09029060530736756,0.17754380795761127,1.0226229126421635
2,0.5394638242604228,0.8593976406056241,3.3875768690563
0,0.8440909366531686,0.9642298038878239,0.7944497645772196
1,-0.0925716056373021,0.19505676906640887,0.9201051493944472
2,0.815573019408048,0.6468219547982248,3.3894714775273744
0,1.0165681281101682,0.9357307159387309,0.854051586907579
1,0.2240387815296812,0.1784382667921824,0.9989089694590626
2,0.5999243333214921,0.6572189321967978,5.562794179073669
0,1.0064498063198748,0.9706879499438134,0.8535619516869464
1,0.12771279653437473,0.2704095381585192,0.8725848605651737
2,0.9375603641797712,0.9865694281884166,3.904639967574737
0,0.9309805600371539,0.9844856210935286,0.9229635685061388
1,0.22346603582870442,0.314660891766356,1.1322873877274107
2,0.9657631907976701,0.7825313304055543,3.9282476491504936
0,0.9615185466671288,0.9885750749443624,0.8510237765945771
1,0.20344280812531412,0.12486663351989567,0.9656731361475521
2,0.6694157628019886,0.45315616030116634,2.653777315861456
0,1.045131795845838,0.9986284365057102,1.066023411064053
1,0.2596757275602726,0.3811521135085215,1.0079172661907772
2,1.0762836354841507,0.8103447276436295,4.818222926047232
0,1.083470136897195,1.0423800952040085,0.8671031457092828
1,0.272553892043054,0.5160611339511599,1.047277677422107
2,0.9310071529154164,0.9198745413957248,4.356478381033881
0,1.0086803093037944,0.9908270409442389,0.5981991486361484
1,0.04497021268802717,0.025773668349560935,0.8798299030934613
2,0.781880095170789,0.7775441047363122,2.9693178589722176
0,0.9476769025364556,1.0470119063297125,1.4081770006269703
1,0.03767074047027749,0.20981184533252678,1.0411375161765855
2,0.9604430845439038,0.5685215886189531,4.346736305291619
0,1.0174923167821603,1.0679683020921387,1.1368674493362305
1,0.18018341381221278,0.11958946708808636,1.0708747241392615
2,0.9048708751988814,0.8002300615033201,4.155244513155603
0,0.9958175031372871,0.9709145730894267,0.9309617684120992
1,-0.077140682448401,-0.08112667090853837,0.7384557988027602
2,0.9860773340001429,0.7328999578320663,2.8950210256861593
0,0.9921005681956129,0.9706205856784819,0.9310150471961496
1,0.1474596886026534,0.1202931597785881,0.7164124603524508
2,0.9892745401750539,0.9034600719437157,3.9411429542947802
0,0.9519479447571745,0.9866187808321679,1.1381074494339498
1,0.37836268240924004,0.0723498880319492,1.0009977599124362
2,0.9686044777742959,0.82049863245245,4.292524726372109
0,1.0326490190145792,1.0060567260673923,1.2954255222809146
1,-0.020308929290127703,0.6246425105326562,0.8355806888358861
2,0.8367724610180038,1.0248565394348257,4.066577434243372
0,1.0586717995400714,0.9429024567925309,0.7780799904765761
1,0.17514727136579994,0.2952436530632046,0.6536544117573373
2,1.2318171108868288,0.7746678940500196,3.8919927234086766
0,0.9746556366942891,0.9191743796223689,1.1791103959542126
1,0.10758178685513146,0.2908297884110207,0.8948318475783832
2,0.6249798871736836,0.416135250536432,3.4563784275613827
0,1.0407588797431595,1.0384456559875446,0.4857214565443301
1,0.3311443818974155,0.18348939265462932,0.9122231435924262
2,0.847680886394185,0.7434836115758259,3.3635738432562636
0,1.057370493502413,1.0139640772809615,1.2234916119994366
1,0.2706048346699627,0.31304029235621506,0.9983964061615592
2,0.555786071479068,0.8399693748228444,3.6795980176927476
0,0.9879276046568819,0.9976773893864261,1.2878589451517675
1,0.32205551201303073,0.04730205364105586,1.0082126385502623
2,0.7066201390500096,0.8808777974291768,4.203057624294967
0,1.017901402550369,1.0141456984600972,0.7538964877487611
1,0.20350415388877335,0.02648776827703575,1.0153140140597159
2,1.0070015316883891,0.7385633023162468,2.8900198748158292
0,0.9545473763874864,0.992246402014596,0.9068343952745073
1,-0.0737715762427752,0.33735926094671664,0.9564391386604651
2,0.8454452092653356,0.9113751101283819,4.218418267900395
0,1.0290064206290026,0.995682841033926,1.193044474815069
1,0.4172420366212956,-0.030890091761149485,0.7785471840647795
2,0.8996473903411654,0.5034972216294831,3.93936649810739
0,1.013720491083661,1.030077450582206,1.0984180284289249
1,0.26530166491542284,0.3560173980003112,1.4829107874624203
2,0.701438174572836,0.9268837844215062,4.360102652305226
0,0.9959210824930499,1.0018999617719386,0.8731564522708504
1,0.010357085818368084,0.19790362872613754,1.0606714606443324
2,0.5858751472010197,0.6327048115018341,4.112397608766337
0,1.0296091776760854,1.0466753470819439,0.5761022192073313
1,0.30709215413009056,0.29085548303263314,0.7603683212042744
2,0.7991769944742436,0.8568792460481067,4.390305889854874
0,1.0141234191601012,1.020880153297375,0.8294188224217218
1,0.16116938847564194,0.379526188652207,0.9086430577366967
2,0.8769998809695048,0.5803856531192049,4.605405068116633
0,0.9541876621615502,0.9291705137431052,1.1583782694889124
1,0.024962646524942678,0.4596593443648982,1.036307335075638
2,0.8756194899795235,1.1422150990454425,4.000402615350159
0,1.0749261694496033,0.9777140445129876,0.7846761166004688
1,-0.05793204916658862,0.10973622112799597,1.0266108175694262
2,0.6153680961974701,0.8426823257385352,4.869052674773033
0,1.0116593539720355,1.0959394440298167,0.9423087212139402
1,0.13193257766348185,0.11717093754980785,1.0257559116612567
2,0.6483410695571244,0.6371298445689986,5.169048345956545
0,0.9507740993702127,0.946062606843175,1.2645104773726648
1,0.2905855580989981,0.10403998379397414,0.9935063007495765
2,0.6800796011994542,0.871541219620731,4.749104820054367
0,0.9577907698590817,1.0319026354475431,0.9604810095646322
1,-0.018147924250282887,-0.09507798987933747,1.1703648146802148
2,0.5940306238337788,0.6988736359361979,2.7629604088530595
0,0.9880851295754033,0.8912952852926662,1.05706990976251
1,0.056189236376672225,0.25688901940619363,0.9949684576582408
2,0.8408401077581553,0.9340401176549169,4.342075964830871
0,0.9527624344433088,0.9786876236561285,1.4062755230805675
1,-0.028467486276805565,0.28583408659737636,0.8259790733661689
2,0.7631571508380004,0.847717758041824,3.4454094752568714
0,1.0624039043268305,1.013028329524697,1.1036924348326946
1,0.1919126338037706,0.2787765784902422,1.149584235474423
2,0.7700090733431374,1.026820593686014,4.1087949247885724
0,0.9522842193904878,0.9395571603948292,1.093737358802791
1,0.14245117373519134,0.023953139712458466,1.2232616006291566
2,0.8719789406714884,0.7521545914307131,4.711571711263206
0,1.0386278886942153,0.933472160565376,1.007195854328083
1,0.24520117609467598,0.10911737302937173,1.1975911917935427
2,0.809537187298415,0.7863368352171586,4.845958315056407
0,0.9580448811819688,0.9107453713855873,0.6976833526034094
1,-0.05292208174954349,0.34170006178950574,0.9344712146451598
2,0.5720339360090888,0.7663619998956474,3.6536534677089447
0,0.9697623398593218,0.9849227768621297,1.2748002477949356
1,0.062344799461997225,0.34082632073849156,1.1533743236255543
2,0.8706643507957125,0.8789795778678462,5.809715333023569
0,1.010675748464643,0.9797526857151684,0.9665594134662477
1,0.2594088745839192,0.4552775026301878,1.1154226738380562
2,0.8756669189919957,0.8021524498054697,3.6345469830521298
0,1.0386318588637709,1.11104580737301,0.8472810134146955
1,0.2698445640699617,0.377682724521421,1.0764244292830925
2,1.072503669063145,0.7200930873452852,5.035753427869532
0,0.9680937376045854,0.8998249979244766,1.3453043279317474
1,0.3265638340253052,0.2724727727151572,1.062006280583149
2,0.8107994530913483,0.7372390552131035,4.484468912331131
0,0.9918218601277797,1.051846883134047,1.0174667055507158
1,-0.09270700355617162,0.08822501277402782,0.8771351772419635
2,0.738500083542933,0.7870899510763423,3.1840651424203097
0,0.9809905883834139,0.9806960897242911,1.0588412587952112
1,0.2092031523951253,0.3551090619652305,1.2408560979653567
2,0.5784724412656052,0.7159218475296366,3.4887050634195322
0,0.9474474582306511,1.0324817161655695,1.0019423759810582
1,0.1473520866361014,0.2729323403329192,1.1492023586982139
2,0.5791674522983673,0.8656776022191447,3.6057353377152404
0,1.0120363641632637,1.0096761704633914,0.9073930800820926
1,0.3398254429287018,0.38870384641957106,1.244780107514455
2,0.694366339217775,0.9596630647567542,5.21200841732694
0,0.9638451015367163,0.9293634525470843,1.1118862428780558
1,0.22225906022289538,0.32461223679694995,0.8324510100307685
2,0.9598053147373232,0.8922772725348269,3.9173482113956766
0,1.0146958379609146,1.0299945473909435,0.924365359510742
1,0.3222846968462571,0.2587411352262415,1.1615596477427714
2,0.8297931666541059,0.9816895440895606,4.724206245123147
0,1.051259632005581,0.9961494714611101,1.0255531897859607
1,0.21604902225430192,0.13772023974409614,1.0729675026672214
2,0.7030964377986718,0.8714100969212241,3.5098137689655955
0,0.9819079721309776,1.0079271543735575,1.3546220266928968
1,0.2759350718977775,0.06311764100049186,1.2728711889161664
2,0.8190944030516698,0.9512693550985494,4.749891651345463
0,1.0036997890520174,0.8987943730273865,1.0867262311836088
1,0.1584479303912184,0.38544304183691813,1.092727524507198
2,0.7011996581174134,0.8316016063662857,4.031928883798142
0,1.1177819828063664,0.9932964212021981,1.1829428002175015
1,0.13980306220912453,0.1209487751044961,1.2428810840798468
2,0.6286244891073717,0.9932499284029142,5.469983682979953
0,0.870789358219864,1.0135612327676213,0.8990064330873977
1,0.2383171428159735,0.24658775978797925,0.6930467955835249
2,0.7622771639027114,0.6723065195612983,4.617802325982349
0,0.9546083104873515,0.9722181251422642,0.9136698256288565
1,-0.10585363635022782,0.08962457126977212,1.1775873061310798
2,0.8781917592403622,0.6410718417239296,4.171703731649137
0,1.0036960569111013,0.9231402827242831,1.2853691602831838
1,0.2724526061446896,0.18766042860613708,0.7940455639856037
2,0.6690963831214094,0.9796482720188435,3.1410576563801413
0,0.9767023657021089,1.014792559580884,0.9676690832032782
1,0.05015976161732008,0.20966846498596892,0.9360730368526841
2,0.5693175222958358,1.0064302013342483,4.5929128492512135
0,1.0850836689666983,1.091376996850548,0.7001473981297921
1,0.03541945848117117,0.42619315042122174,0.9619015163837713
2,0.8537193980616735,0.850985444314086,4.018659146624023
0,0.9817903905630745,0.958758273788451,0.8525770248844742
1,0.284721256361131,0.26192450225488634,1.1670112734760023
2,0.9944632574731868,0.6999102048291581,3.1480176695354447
0,1.0367739845570294,0.9562270638784913,1.0685765623416112
1,0.32130893969266555,0.27180561193476577,0.8731051301803604
2,0.7412914229327985,1.026237101892005,4.479855256301065
0,1.0677390894185181,1.022632203165762,1.308926063032442
1,-0.129622973289518,0.19690038959445924,0.9686975563891531
2,0.9522316967380298,0.6028962007132906,4.203225721226551
0,1.001956163317647,0.990530285753406,1.0932427619564045
1,-0.03883393029803833,0.17924630338373082,1.2138279993760246
2,0.8950715450374676,0.6927485901980838,4.43650014515735
0,0.9624696153386124,0.9972295305627432,0.9293146919265116
1,0.27304892232683653,0.3491238397270145,1.3419193964695704
2,0.634742649607331,0.8544185508756379,5.003903918096997
0,0.9590406115035198,1.0211679178927424,0.7731270114382078
1,0.027166803879614093,0.15097827884578296,1.3405473344854406
2,0.7236091553875462,0.8639929637939112,3.918905995426222
0,0.9537684913809507,1.0276401301331866,1.1912842869397697
1,0.2363971768453677,0.047857287262128484,0.9206791510781795
2,0.8031767291619027,0.6751433838076379,4.45498832182623
0,0.9884186925351179,1.0220730661790114,0.6709488746877219
1,-0.126094728761231,0.3808476791637887,1.5627456876386345
2,0.925318128115973,0.5936667822929573,4.913713620273725
0,1.0662783238581939,1.0215542955832162,0.8945124139923982
1,0.3818562903666366,0.24652941327518796,0.9936451476105929
2,0.5984440313006785,0.9222851658874096,4.569832803368478
0,0.9684209017080976,1.0316662007798756,0.859544828650314
1,0.17507391710332143,0.030944426567064476,1.082301732795775
2,0.7335812220919938,0.7520009993353157,4.632763652164467
0,1.0347542701186092,0.9697355418692212,0.8189173011975672
1,0.09714852737399679,0.2724106709683243,0.7786249001988803
2,0.8098332375900746,0.8040479375791952,4.502311846825427
0,1.01034404209472,1.0343792027415448,1.0064653232815703
1,0.32787728760887563,0.16278125364433285,1.1205419442363567
2,0.9099013061606023,0.6674053162790095,3.8710958806267373
0,0.9431480262564138,1.0555034666670657,0.8908375622147948
1,0.25172702461999447,0.004057787303906962,0.6072320080053413
2,0.6890870713576339,0.7862551361592289,2.9097362140840906
0,0.9878091238242624,1.0680043204013143,0.8092642433781049
1,0.13172313184676365,0.15979376728502614,0.7031179350147323
2,0.6108134126124496,0.9124330049168508,3.2066137424201213
0,0.9418016556844849,1.0663786053684101,0.6765454381874039
1,0.3288864597258251,0.03593530735636799,1.2318281446911323
2,0.6323713216507046,0.7746370809799613,3.4434737244816014
0,1.0243820330033095,1.070056484963542,1.139941618689626
1,0.2085472415189501,0.2427049188707023,0.8826606308357091
2,0.8335583608799273,0.9952624441372306,3.2986139762926614
0,0.9467172414879657,0.980350857076626,1.2160926475121951
1,0.07102039846308655,0.13379482160536307,1.4005894725238306
2,0.7089418292123866,0.7560512812853332,2.962520240612601
0,0.9870483363977929,1.0665845344237623,0.8296340509742577
1,0.33917590828064215,0.29689850212413216,1.276507694703706
2,0.931533779545592,0.5947780475201974,3.690203030831942
0,0.9848420872005699,1.0497873177461643,0.5684460683094559
1,0.2215831564269842,0.20014523211140764,1.1027939840139693
2,0.7772019854747149,0.7211625029577025,3.901611847299796
0,1.0007022806024364,1.0300952818368476,1.0466071111931299
1,0.6292623137419866,0.3285156867957122,1.0826448346308513
2,0.5666726053645865,0.8306617756881581,4.118659771058942
0,0.9718677278468457,1.0037643333436475,0.8975899627668871
1,0.22487397793616987,0.35249938394404834,0.9957225580091668
2,1.1184815457760926,0.7163123565525559,2.8036514278926967
0,1.0220899146434304,1.0013047820286964,0.7100170141623583
1,0.05932402669155892,0.26525245875879844,0.9111215256237585
2,0.8995288256435624,0.643896519285396,3.9240128688312916
0,0.9978645601013779,0.9995327034785694,0.7588776788730176
1,0.0628167575880968,0.1682404127810445,0.5592032301237388
2,0.7544153487373139,0.6715264240545175,4.430307587560997
0,0.9866528539753203,1.0220526104069136,1.1245105069390655
1,-0.09614040213633063,0.21032458302171872,1.286624445517667
2,0.5235147773782785,0.7298591685614727,2.948266266358889
0,1.0283609383393852,0.9985595056797878,0.7644940412057505
1,0.24176847972356252,0.09706301335049577,1.1233860131139481
2,0.8101733225587701,0.9057270679049967,4.130469473158708
0,1.1271374661481182,0.998625464851585,0.9573786238439176
1,0.2607816437365229,0.10614187814553831,1.2939579642973627
2,0.629473075642325,0.8706902053085146,3.3351024434712526
0,1.0435737061452572,0.9809985116338947,1.0960958264172667
1,0.2727135277162398,0.12874407876108457,1.0864273862969116
2,0.7019427117593697,0.6815370498682533,5.910716667248294
0,1.1154556689600228,1.0267279590169291,0.9577446077618728
1,0.06946723628609333,0.2194383715620174,0.8353240312306651
2,0.858081651735855,0.8048952081474058,3.1690858714021526
0,0.970379912868326,0.9824429316297429,1.2151667802822543
1,0.20575696108951333,0.12239255339029188,0.9016857153178908
2,0.7953843898363121,0.717852686927305,4.345746379433684
0,1.0598767375875997,1.0926922713432214,1.2573060045837747
1,0.23610878319983994,0.17646188484921843,0.7735317337179801
2,0.7177704617804104,0.85446032798986,5.334910156661981
0,1.0026357539717337,1.0414247707958633,1.0539827594218656
1,0.3000541810610444,0.2767663426671697,1.4402206517337242
2,1.126099058573149,0.5689117435275464,4.4206309908083865
0,1.0307313939394729,0.9706474402856966,1.127744279149203
1,0.2847533844591774,0.15069644082080666,1.0115486219208987
2,0.7157510823179106,1.1188582385199912,4.576897362782399
0,0.9787856754083737,0.9888469453705051,0.7178298490112212
1,0.2778454942169764,0.383157679028871,0.690525676911445
2,0.6246964122959815,1.110025916965789,3.217034678638821
0,0.9271374300299104,1.0443958080185887,0.6796895202756954
1,0.1477465385858926,-0.048682444492525456,1.001779232197968
2,0.7963131020607596,0.8120205239122509,3.662540955007091
0,0.9023557762569945,0.9058039675782449,0.911218192424434
1,0.01442005846353836,0.11806771667086045,0.7155252856557646
2,0.8441628556837942,0.7069356565544633,4.657919237608068
0,0.9875739976727956,1.0029734134760409,0.9366043533773294
1,0.06240850177896548,0.22992753774824545,1.0966102114610006
2,0.8973016669025579,0.8923439844501981,4.7892724048030635
0,1.0036717316700434,0.9684178378800475,0.9689135036986611
1,0.04210871581174033,0.31777956023925313,0.9416898126263796
2,0.6963166435626098,0.6181154733602069,3.671233352398222
0,1.0432328934605604,0.9635433571519972,1.1313178103125576
1,0.049139488060340686,0.20866698072503304,0.976722432813349
2,0.8695479024976485,0.527301556765442,4.4894271916849755
0,1.0213447588435678,1.0268731649727318,1.1127531129852424
1,0.1082732178549832,-0.03309170448635268,1.3648328808617354
2,0.8188890607938872,0.7351284818492699,4.038658258979915
0,1.0539342965874359,0.9906290069913314,0.9689237282150205
1,0.11026376764250759,0.11480487968659629,0.8726294979484345
2,0.5668098832796709,0.6374522822718652,3.9740040355004487
0,1.0124223320804684,1.0475290027904174,0.7540558039327263
1,0.19814944805227497,0.15862373245797282,1.0244880939174459
2,0.6377643993419129,0.9973138833024834,4.126212109110914
0,1.0113605938244952,1.017883831655903,0.8372120296554937
1,0.1648495987997722,0.0004636892732942932,1.1062543648327374
2,0.667897995740895,0.6973436063216569,3.861731335128544
0,0.9317368816255145,0.914166968301678,1.0245564551001753
1,0.2796923177703927,0.2792139005313901,1.0899787954120712
2,0.8250939053410303,0.7404603766487546,2.426678461754766
0,1.0177301640264034,1.0496661925606083,1.132920500181228
1,0.33534590671084175,0.21180778764307145,0.9577098372816535
2,0.779089508811098,0.9684279691513737,5.09337366450009
0,1.0040457771247249,1.0813854011606996,0.8232816417599448
1,0.2216641298065583,0.40825059467769176,0.9548393659640787
2,0.8489330856501326,1.0093203433314262,2.077749853999511
0,0.9844715889437581,0.9557454088546944,0.7217637371820922
1,0.038371076633343215,0.31254704085239426,1.0535373368015861
2,0.9411236601527198,0.9955035937600165,4.983639242380956
0,1.0479165075331993,1.059124589659988,0.9912368252075013
1,0.010113649481899994,0.014517185828716167,0.9450917263589211
2,0.8874974848196164,0.9506691377393414,3.622189217316944
0,0.9670315865162706,1.168314306261824,0.8093360088748238
1,0.23445882424469083,0.4412155181879137,1.0179533073721934
2,0.9065630472620992,1.0092601729477426,4.000792926911343
0,0.9721418995562336,1.0494693792793237,1.315990828822137
1,0.4592278817975752,0.30522339051615177,1.0449743741118696
2,0.8694548554710836,0.6500445448080467,4.300130862374515
0,1.0534876347098374,0.9783316816193686,1.181790776443376
1,0.22065451427690863,-0.02870678348306141,0.7588598370850163
2,0.5591878922981366,0.792331846998081,4.714007450801001
0,0.989364009431194,0.9620803425291273,0.816504850382993
1,0.18779300734702536,0.25694061974605226,1.1966529124486849
2,0.966928689716624,0.8491413271727454,4.437708727082381
0,0.9720124376307727,0.9263392029118436,0.8114850712466047
1,0.2332009181137182,0.026391435757153747,1.1787999548883292
2,0.9437295685530791,0.8209486638272361,5.298393073596201
0,1.0359674444057987,1.0492868386180239,0.5898833274934033
1,0.10666244516775371,0.14030154773316683,1.0706413535426071
2,0.573928898763264,0.9856069912836303,2.880895021692063
0,1.0843676486914946,1.0065125415058047,0.8976785658867728
1,0.20938868449581624,-0.2583265413864831,1.002989775646682
2,0.6593682265652575,0.821213767314858,2.9874999017068378
0,0.9808042264822987,1.1068750615021754,1.0592010650665429
1,0.0045577878971211905,0.4239700560537154,0.9641771980443917
2,1.0233487825882182,0.81236755043046,4.52760544983161
0,0.9870482272512971,1.0576695933334308,0.9621941503069769
1,0.12174264221977939,0.312827499877087,0.7028161235964109
2,0.669957806230455,0.8862635392671134,4.485787243030105
0,1.0162793837949635,1.0300027371621507,0.7593836811342446
1,0.3391449870060633,0.26643709296817947,1.0736406268271166
2,0.6774116927961874,0.862772417671446,6.292758919176466
0,1.0385325526990576,0.9027426762280053,0.9090071664272094
1,0.11393587611556986,0.24987849469751133,0.9406261914097176
2,0.5444299625157694,0.6283101139701854,3.8563158476234185
0,0.9291385821032541,0.990846153906265,1.3474914380998306
1,0.00579672905557202,0.16711423320975036,1.2015569710972263
2,0.8242806652465123,0.8544608540143894,3.0960049199099333
0,1.0094242181132225,0.909452546865819,0.6980414845871052
1,0.14443342542387727,-0.03200895728127001,0.7766395650951237
2,0.8084085602105663,0.7861803179066545,4.044056198889078
0,1.0658362503066283,0.9888495009694949,0.9804491865157444
1,0.0524065217706387,0.15455381779184021,1.079477372612455
2,0.6692841672411,0.6967697483746578,4.0693830583386275
0,1.0008346275829034,0.973812371871049,1.2023772116076916
1,0.09510057625519512,0.19641081084472628,1.1952583576981575
2,0.6188549674574179,0.701643130010361,4.057936132307242
0,0.9439069249890372,0.9249461347401291,1.1141968626353713
1,0.11369622460522627,0.08546599078482936,1.255064737003714
2,1.0081544145239107,0.8066015079308753,4.1514289593853775
0,1.0345540805190263,0.9729790134711723,0.5696767599613317
1,0.14481085463850477,0.42899524662356436,1.0297813166791339
2,0.8999237824277778,0.9272334065645328,3.71460308128814
0,1.0930723147952097,1.0069389893143808,0.8246794052013401
1,0.1523422678615749,0.27357679297845133,0.9546902344711122
2,0.8375601671471122,0.9682110111559,4.266309438717451
0,0.9755107632605423,1.0400869797972117,0.9625310822243336
1,0.08056676138645653,0.22777765536292185,0.9641810740324138
2,0.6577391328055106,0.5769581291717751,5.374941848097359
0,1.0185288174239844,0.9298831200947681,0.7933315897180524
1,0.5219067976115519,0.1312502857897279,0.6830865787086027
2,0.8492856338533563,0.6618208973343436,2.9405954532787026
0,0.9982590906485259,0.958392149987287,1.314296048879213
1,0.00561976008992543,0.05536224776488319,1.0785496527669765
2,0.7653604265971138,0.8563201281714864,2.4995750377561774
0,0.9418657244408329,0.9615833267275696,0.8153556708311418
1,0.10599545022252227,0.26645877542216845,0.8342132505432408
2,0.7010557420094178,0.908997687171412,3.710661087845939
0,1.0400164115835044,0.986243965173146,0.9440499040721927
1,0.2089851426208977,0.18434169844341106,1.0873192706129828
2,0.8381348085307777,0.662817765662351,5.10737983158969
0,0.9729411965898884,1.093079010670351,0.831171899786344
1,0.15527108897611144,0.19290099249707693,1.1651436269046742
2,0.8869037105021769,0.7600584019370463,3.7093960444464686
0,0.9112120080543205,0.9309961901776719,1.0841170479412485
1,0.3509734981859435,0.2856736902349357,1.162688965446466
2,0.8020596194842307,0.8762639078803948,4.360520422399977
0,1.0135169908038582,0.9735182916478959,1.0151277173294944
1,0.33394044760797686,0.23480451442979416,1.022260199806268
2,0.7662666487299876,0.7812589326484579,4.806988563326855
0,0.9564964666932769,0.9625289667389506,1.0733729922870034
1,0.21058575043664246,0.04884799854178845,0.8937679165539207
2,1.0529937990020501,0.7043440465114191,5.1175766154200275
0,1.0597657844846613,1.0484169549884625,1.0508773794530493
1,0.1536580910190799,0.1831052099124728,1.128010549411539
2,0.9427204875308461,0.5981073930413012,3.4728802403617545
0,1.0691760879925813,1.072456066627396,0.8577423784635783
1,0.28177155971789725,0.14129829446367415,1.0792988329478814
2,0.5548841726428322,0.8491925516337163,3.981882110537699
0,0.9371876764476338,1.0308555163516537,0.7830069014383986
1,0.46294218260087,-0.015617751911377348,1.0532117885271395
2,0.8223774426448438,0.7950238879318487,4.709389305429557
0,0.9763466336216627,0.9660126780072902,0.99426385377005
1,0.4960504054166918,0.25141685712850853,0.632718897917462
2,0.9283330140268824,0.8261537871673269,3.0058024356672752
0,0.9887634781891478,1.027186657476985,1.1381766256647412
1,0.28379015548601144,0.42718495669600876,1.2902368121301873
2,0.6996159797773933,0.8318549128216369,3.6888334556072335
0,1.036816105847413,0.9336224264284035,1.099677792974015
1,-0.02005830887546195,0.2959305320155652,1.3009673887655364
2,0.7687006599879624,0.6741218202276502,3.6257407322652595
0,1.0134442773413925,0.9821707412878596,0.8898371694186288
1,-0.0530373046384266,0.5075482154882028,0.8633920753470428
2,0.7523891845749636,0.7669728908019506,4.129022231320412
0,0.959064531252773,1.0334891512493745,0.8685608933227968
1,0.16525170376038148,0.3422873101842174,0.9246905957342921
2,0.8439625693760221,0.6631346929455101,3.1894170386553324
0,0.9223002000507134,1.0732357894658924,1.0373761172196998
1,0.20041991083808192,0.10497135397405104,0.7485126615103559
2,0.7363052353499704,0.9642550276048454,2.98409610162971
0,0.9325522764065534,0.9807016019315419,1.033203360806038
1,0.21411057358677124,0.1339708587627053,1.2006793225570096
2,0.4824746533738128,0.7610160887541533,3.3216649696572755
0,0.9586022746981862,1.0289832695552346,0.9589959892686307
1,0.27272242451109907,0.28326639257131464,0.990860752045525
2,0.8977543063505603,0.7502603538872086,3.8859916876632274
0,0.8985433405487827,0.9764247110390804,0.7714863234814704
1,0.08300015371115693,0.05877511743015015,1.1709491841169686
2,0.8007578619745928,0.5298558067386072,5.799383774389373
0,1.0587539582029597,0.9312030308821702,0.932442639897853
1,0.1691667833480981,0.2036238123884387,1.224009025843144
2,0.5289172121218455,0.8656037809796495,2.7848728999314005
0,1.0425056303613571,0.9733533146414513,1.2298949145543199
1,0.2947936666799764,0.03673625536446537,1.0628817655731169
2,0.8389742104324035,0.8481287686638643,3.795011166041961
0,1.0444212175311551,0.9103702248808604,1.1521209951780933
1,0.12863828146986947,0.1859876218093786,1.1869902665737195
2,1.0075924589989274,0.6561343374926125,4.896073348497186
0,0.904438901568703,0.9902971493291468,0.846957566874082
1,0.013793258854882112,0.2482592733396674,0.6889086053430047
2,0.7841847478052792,0.9994010050293898,3.2972696608401577
0,0.9763406524870338,1.0192337644084315,0.9069751527896189
1,0.11689410797370163,0.3269744406782945,0.8090742893608894
2,0.8820659562591555,0.977441504542829,3.8007660194281123
0,0.9601756358441347,0.9637573930462,1.0815861363434573
1,0.14648616144514087,-0.1245982890495349,1.1924443842076238
2,0.654970609083035,0.9156703671082381,3.04540115055422
0,1.0586428985499106,1.0386389119091592,1.0688777731115908
1,0.2334988813568844,0.14195142680703657,1.2737417516898424
2,0.7515678592022911,0.8094844449426118,2.0932207300693326
0,0.9626717592792253,0.8804000789568139,1.478819877350798
1,0.28600457942350127,0.17221892604246297,0.975215953850461
2,0.7896883895302215,0.8787845182846252,4.85606220330559
0,0.9692682206605427,1.0280924203067954,0.9712418386326844
1,0.21612225364628204,0.4431507163692837,0.9616594868831354
2,0.8488539105610311,0.49861920882681077,4.7859718900015
0,1.0588029405605304,1.0255258274376549,0.9360776134569676
1,0.3047223849479239,0.47568756619512637,0.864503012962026
2,0.6575550809586569,0.6336579648414786,3.4886374673849785
0,0.9664754514970303,0.9941410818277235,1.170967591809883
1,0.45637367429144676,0.4985693356946336,1.0920450708554097
2,0.736873972011912,0.6643512669094533,3.7653631764175413
0,1.036863193261955,0.9770346635442062,1.073177111461062
1,0.33973198342028005,0.21118778961764806,1.0510748973716337
2,1.026702525955441,1.16144060836635,3.0684541679469155
0,0.9528892469836044,1.0426246371508763,1.050953473312078
1,0.18534677774505642,0.22477250767760518,1.1299817440521644
2,0.6938302745946047,0.8475640891397394,4.37523709827998
0,0.8957457651975808,1.0086654295904156,1.2091885992938523
1,0.18010457045188388,0.033864700116677915,1.1663175635686507
2,0.651738803743861,0.7931116598318223,2.373005835453406
0,0.9794399686263646,1.0471329597943804,0.8392773115332377
1,0.20428201317446176,0.14776350049980477,0.8507446955769937
2,0.8262922617461856,0.5855335869268947,3.474962826878448
0,1.0747001645487106,1.0087699231184617,1.3840470279809516
1,0.4158982840192921,0.2892037556638854,1.4268442954914202
2,1.0679862931784077,0.7000442586456241,3.7052631538490104
0,1.0470468684171408,1.0372065832845174,1.0982544624973953
1,0.32741005566203985,-0.04178451621141843,1.3352342789282827
2,0.6980684930259082,0.831340098701174,3.9617980846707272
0,1.026793214762814,1.0993917056205904,1.46931047088383
1,0.044079694043837464,0.18028366687253325,1.1445481036779566
2,0.7423915292778447,0.7156975553530083,4.6272384500540715
0,0.9613856651429582,0.9382066911248966,0.8546509267268115
1,0.1448480244154033,0.17224699390711506,0.849131251359701
2,0.6736388086396923,0.7223468630258632,4.514223304317898
0,1.0325305152319648,0.9936932085836613,0.7231699565184031
1,-0.019436491627522062,0.10105606471329091,1.002639456297597
2,0.9270636531446769,0.7932131917703842,2.7976671935245445
0,1.0794976265026985,0.8759455860992984,0.8440136663706921
1,0.1259108915896357,0.06120874166115284,1.2047578289469576
2,0.8500773438517913,0.962558771888413,3.685542761849895
0,1.062880619059372,1.0414275854589603,1.0983850370263453
1,0.1351361794059378,0.32809209105763015,0.8833722439603111
2,0.6968160986714854,0.8062331964477751,4.055000488896964
0,0.9652226415461372,0.9986992262938833,0.7972956667960365
1,0.31476395214324426,0.034184449206689976,1.3412044963916878
2,0.9717597952046897,1.1636799385620475,4.174179291964479
0,1.0098011331972347,1.046813566088312,1.0220588662383403
1,0.31496901223491225,0.29031118738019057,0.6818764765030119
2,0.6401324755930289,0.7505765226477383,2.858610367379523
0,1.0760063999146452,0.8711087677819779,1.0504335246783612
1,0.16054326796165924,0.3406399140069585,1.092385783662698
2,1.0711873058953667,0.6805484015306839,3.988126528522802
0,0.9722811667462898,0.973745885729256,1.0112965323144802
1,0.19958098122831647,0.20224969042225083,1.0175100158301031
2,0.7586965064567168,0.8750348433644051,3.369839109838967
0,1.0075821007551369,1.0517967138855147,0.7716338059016609
1,0.5119522580360181,-0.05402318269925943,0.6694943601536294
2,0.7765157564258148,0.7233934670450994,3.4315851193440263
0,1.1059352442332993,1.0027669488592288,0.9738657532771094
1,0.09392423032485277,-0.027622935596636755,1.18278138448457
2,0.8229908300858046,0.7778051769860789,3.9132010054798223
0,1.0263298603221587,0.9693847202449054,1.200805740638212
1,0.012052980620490428,0.42593121082770574,0.9032594052288374
2,0.7103226268582298,0.8120348577095419,4.253603984050283
0,1.040497807020746,1.0020742007463972,1.1170047853768723
1,-0.026057393268507423,-0.09956990203354393,1.0505640690117293
2,0.8814964152026439,1.0329633601780606,3.9289359205788403
0,0.9758449426690119,1.024205986063916,1.148802201212837
1,0.08120602618462013,0.34153364220370674,0.703767855923039
2,0.9591540712622718,0.8256501217732335,5.024347799089115
0,1.0160158402633317,0.9803077072715102,1.2546824833445482
1,0.004576404543088691,0.0845845184959333,1.0804416479884589
2,0.8224048492646603,0.6485392785722733,4.639228272329205
0,0.985385544214734,0.9889928557005411,1.471916615877085
1,0.10687986894774497,0.15713970382510412,1.0071409732536978
2,1.116718557178584,0.5469285284518787,4.4340935298917
0,1.010418275878951,0.9106482790432227,0.9393283798142189
1,-0.03601618240891011,0.18462563349387617,1.0012728540320603
2,0.6310172344713731,0.8778662447037178,4.383765572072045
0,1.0184619532071733,0.9323072918601005,1.0122063803674382
1,-0.040493751565387426,0.22272387008856556,0.9356115235375959
2,0.7143585104766109,0.7096002994691963,4.828627187910369
0,0.971664561378151,0.9840460399871934,0.9655227096174447
1,0.09621880408141363,0.24574380606199028,1.027016479493522
2,0.8981186773536924,0.8256046189133888,3.4493587660128266
0,0.9863803340162813,1.0166347507123399,1.0472223535609604
1,0.1977667761928417,-0.09061107649327044,1.1412344674865897
2,0.7921211075418523,0.5987501261722826,3.623454247222472
0,0.961062185423632,0.9925842683413472,1.067112527963507
1,0.2384199302452454,0.3100678251679181,1.2977911976167926
2,1.0064682285992725,0.7136311494427637,4.061618389393541
0,1.1112612008726244,0.9713933282648151,0.7781414469481334
1,0.28242360570202185,0.03411529499797131,0.9310974155804885
2,0.7283665530714831,0.6854775838927741,5.841710947122531
0,0.9331597328534245,0.9528247662527682,1.057016703497847
1,0.008911860417053663,0.42679027836302236,0.6367085425255542
2,0.9682855274474091,0.7345140568074627,2.9465979353998053
0,0.9312717649684931,1.0854731407866196,0.6343196123872747
1,-0.060108856207926886,0.016328571116917545,0.6773872772655529
2,0.7645226426469837,0.7164718158659098,5.283015819949046
0,0.9793242166765194,1.029501589041127,0.973964463971647
1,0.18658113500247914,0.3895125958847767,1.1071634879931176
2,0.9889159447695177,0.6086730730683989,2.4483291733373314
0,0.9651897188931019,0.9837435085617391,0.9529224198444785
1,0.18061430026087397,0.022613830940322543,1.4047403653394295
2,0.7630377982975546,0.584864405017084,4.816739443648768
0,1.0625844385659546,0.9893551103650264,1.1280598101382393
1,0.24286041492682903,0.4670508691362001,1.0620065696575351
2,0.7828573063080513,0.7651897862047846,4.1664050059349576
0,1.0166992803823585,0.9652167454090576,1.142681145416249
1,0.4530924777544018,0.043634322882168675,1.1573895630318092
2,0.640175140037708,0.6372074180539968,4.84499096474426
0,1.0163911835220645,1.0201227885913982,1.0431254237151473
1,0.33331472005262597,0.261709780240286,0.6796782318327281
2,0.8750339479494027,1.094679710508796,2.673953634356838
0,0.9988456152319682,0.9885006498241021,1.0674678299925657
1,0.2996287729175479,0.12564239828103277,1.0485602081562233
2,0.6919294259345887,0.7598225158217717,3.675527740119443
0,1.0183366293505651,1.0609946737469766,1.0332492927060788
1,-0.026090493886563815,0.3408580171075525,0.956290256743364
2,0.5681189913999515,0.8004816795161922,4.883724556560187
0,0.982776829836091,0.9763818639649193,0.9945312317756485
1,0.20765469844374113,0.2528797081353059,1.1658761595560048
2,1.0812156855000468,0.7568787710680978,4.963152310463482
0,1.0448944231090036,0.9660061669860727,1.0970780532446114
1,0.18111860622074605,0.05590424123589427,0.675948765808652
2,0.8848699451461014,0.8384658088599669,3.7708026173233415
0,0.9486298807830612,1.0769404036786636,1.1716929468793942
1,0.11937947230219222,0.17220777961932832,1.3270133869712961
2,0.817635125113763,0.9633871790006783,5.0901291602161765
0,1.0888627582822252,0.9031061298650469,1.1870387619042495
1,0.25110394486247295,0.2907802323132566,0.9640696153434378
2,0.8763729970170341,0.7232123943854475,4.310317562018445
0,1.0275629712837677,0.9885455699488886,0.8849306898781495
1,0.21564199529014724,0.19676285714172573,1.0476707928069213
2,0.6666842818779963,0.7861873568287033,3.3804001223745406
0,0.9542774542008405,1.0023679566769603,1.1545390101761686
1,0.23123446201924522,0.24347900453236085,1.143469122467052
2,0.8074763719975513,0.7069583330811129,5.19326483735046
0,1.0799392649020938,1.010952712946842,1.2754504286603607
1,0.03241209672575371,0.25477200236752195,0.9474902429583751
2,0.6330858484835375,0.9756670304347568,4.0560545894346065
0,1.0242676994702213,0.9980765471579953,1.3251872149712964
1,0.18850112788942722,0.3101175086011312,0.8869064951170668
2,0.737242163202453,0.8852288503054462,4.815007573999952
0,0.9381704837803649,1.0094424089925589,0.7702433727952889
1,-0.038399913973439004,0.2583190141252495,0.9885581682934445
2,0.7505181376580534,0.9339436342690238,5.123405188903109
0,0.9374395206858286,1.0064500530813953,0.8991638883695278
1,0.01371826775123658,0.04991767689679508,0.9473122376491769
2,0.5929203847336386,0.990198166690319,4.1038452371054674
0,0.9765934483483546,1.0294521631029376,0.8642047555529785
1,0.1613098873960827,0.17335790503959098,1.2812421561044955
2,0.9700951667802177,0.6384701055421064,3.593304681026878
0,1.017637083833003,0.9273345599453205,1.0364614400939505
1,0.12743320036518696,0.2704963378066542,0.9922364413943262
2,0.5728896905614362,0.7877892918831912,2.961883852795897
0,0.9907860176893862,1.004079604630016,0.716784419666729
1,0.2825968481702667,0.35009004160639196,0.717829223890182
2,0.7853529746021412,0.6836540493231935,3.773556302113007
0,1.0614351281875478,1.0042061269121305,0.9153541723816678
1,0.5321137221132863,0.079895799523345,1.298847045542895
2,1.1273889015419372,0.822262557904212,3.402615561535891
0,1.042203660213474,1.023685860910891,0.5207262914391073
1,0.044637489226303645,0.26698002110249675,0.8415901855530202
2,0.8968029963532971,0.7484208738621151,3.837699977623702
0,1.0436811419610592,1.0429655416051022,0.8949031994432506
1,0.04714997528856793,0.38876308513533775,0.9558382140354797
2,0.7866877061623262,0.8147155097243539,6.162127024131076
0,1.054889796861297,0.9759985214796942,1.1432775079520219
1,0.15598966864998678,0.22925393375418257,0.8237080259627876
2,0.5991386445010789,0.7268442507102136,3.4788168958270194
0,1.0548835022196852,0.9646414415830687,1.3532781225441965
1,0.11407802415998776,0.04607728254334634,1.261310090765519
2,0.728421952022877,0.8534262742404994,4.403096512120269
0,1.0785499682510917,0.918192661996109,0.6516214372993989
1,0.340540402071248,0.5310336506861615,0.9290757424689584
2,0.6605505983738521,0.8991360241070533,3.355460237165783
0,1.102811314456605,0.9648081894536763,1.3303628322538448
1,0.18314834708879693,0.13921517486880997,0.7703071565896352
2,0.8640418824253052,0.7703513832351859,3.5712189957231213
0,0.9313144581666705,1.0941746475893646,0.7075574002936011
1,0.20366982148492996,0.11086518611760117,1.148964436096768
2,0.8092220480742768,0.7141742178238669,5.347197133801778
0,0.8472208368792667,1.0007962343062822,0.7931293018944021
1,0.5847852490620109,0.49585570455473593,1.0579211353756615
2,0.9457449487802706,0.927147990550772,3.304699258531314
0,0.9676574518229365,0.9865197248335839,1.2416794571449858
1,0.19451813794144407,0.06329540840735534,0.9712863856898138
2,0.9438304785618985,0.7949400722448978,5.410420596857348
0,0.9691955687109086,0.8823331429893593,1.0870031994922416
1,0.2698896833034043,0.17266397205941547,1.0250825355096083
2,0.856202329606064,0.8703155865263417,4.11200581315819
0,0.9624101276714666,1.047396165090895,1.3907089043058978
1,0.1893571542757368,0.03860167003467421,1.2452105117867545
2,1.0615708373870207,1.0703832923981014,3.8112098618253754
0,1.0209588858783616,0.9138527593256929,0.9180206633146198
1,0.1948650572721012,0.1045008523749532,1.1142120179384982
2,0.7511946164910379,0.856838286595671,5.241894810781577
0,0.9717368858964878,1.1232810667236963,0.8181629780124461
1,0.26980593320931245,0.3562090833487126,0.8948818378123321
2,0.8211484586027089,0.7435663401629562,4.0971903153489695
0,0.9687600182102235,1.0144504774654104,1.2323386674846206
1,0.2430877366154569,0.1603003641548764,0.9569717964514466
2,0.702051179270205,0.7732258146911049,3.4623174971175557
0,1.0077309892190645,0.951679891331954,1.002647051088635
1,0.23648192891394076,0.37455688545546073,0.9306058011530463
2,0.7314823418057137,0.6188441124941158,5.435495644846505
0,1.037480073580032,1.0222430381417194,1.306896335923798
1,0.1749917565604266,0.3736154548017556,1.3353439403789307
2,0.6846002601235253,0.6854012421172496,4.003060996089948
0,0.9263206518560037,0.9990183581137738,1.0930606658311748
1,-0.002545726778174301,0.1469088119150585,0.8216698242185078
2,0.9218146558383851,0.7640918917722785,5.494023938372322
0,0.9988860659165409,0.9567998645997954,1.3593024709055581
1,0.10105149508796452,0.18524590366488614,1.1997430213136802
2,0.9212710316862213,0.6053769809544229,4.086135942496327
0,0.998007797636233,0.9539497775177622,1.1452290591045566
1,0.3994233720754442,-0.03282549745424612,1.044343852171893
2,0.9173194549536909,0.7376235840377826,5.121956728114096
0,0.9482762126924699,1.0472420609028759,0.8418700335876327
1,0.2834587335462755,0.4052497916602119,0.9509823066503262
2,0.9945236161662558,0.5679023712020539,4.4503245398343525
0,1.0036900200344925,0.972171606936767,1.1624023250368707
1,0.07090691937704671,0.30737512787681864,1.0700293178137807
2,0.6823129805345659,0.9268813901683307,2.5761088502425844
0,0.9981964585372285,1.0217713727366202,0.7020521226843635
1,0.4287345935457654,0.0996923959790396,0.8631511493291425
2,0.7318243961689394,0.8113635344641106,3.4066718060151615
0,0.9995340325010477,0.9144137072595642,1.1664652039849106
1,0.3778340278476845,0.1483723585924191,1.153482549742439
2,0.7934056002142619,0.7479884141054705,3.2489612005177895
0,1.0453544336293352,1.0556930848904214,1.2629848031821633
1,0.29173054453737357,0.44789729413246704,0.8572646404279123
2,0.6883401833792638,0.7017991044615427,4.3457664636485465
0,0.9570943528893577,1.0052949315211532,1.039550665541351
1,0.1550044092359702,0.3288085874655278,1.213835587580522
2,0.9845186298044039,0.6897760156304408,3.599532634284058
0,0.9990260322241521,1.0220885975489302,1.183287513734756
1,0.16132718954918743,0.03731183935886148,1.1423560764144283
2,0.7565679727810863,0.8776053059286448,4.730132404256773
0,0.9770884284868119,0.9712322134534422,1.2865034593176015
1,0.22633155110815267,0.14564474622948348,0.9528743615982108
2,0.7918997158118528,1.1041704073965861,2.4469432613525313
0,1.0884835814805407,1.040724230862165,1.1090679353388995
1,0.23056468538104866,0.07929035782215414,0.9332306449603849
2,0.7664094009816039,1.0550776360801615,4.602653484535913
0,1.06417753944376,0.9975189048528389,1.03606098756337
1,-0.06791355482146622,0.14010056349221903,0.9597791649821534
2,1.0244377209415931,0.6244064092382395,4.435704439171387
0,1.0501405900184815,1.0717711510077963,1.121295115062505
1,0.43326837588075817,0.1405602069603875,1.1505879291950751
2,0.6618033002458144,0.775846984091452,3.53730663604026
0,1.0225191636027742,1.0136078142448488,1.0364171250446779
1,0.06707226704890981,0.22962947275546655,0.7485064412556941
2,0.8563061405192419,0.898718106081459,3.1828789368946904
0,1.0684911622916828,1.0898447133173317,0.6378227032421087
1,0.3423955957946446,0.31649498937222775,0.8232024957573116
2,0.8703019618753337,0.772489092148492,4.982239587439636
0,0.9873695814665716,1.0318169145221936,1.1294680768608218
1,0.24363528665043624,0.1576613943420454,0.8227301945287738
2,0.9888039029933242,0.8291682434886634,2.792203640310776
0,1.0209569884146457,1.0788745570930502,1.3114638292698408
1,0.33910817077969224,0.13510654201233624,0.9877915236594427
2,0.7258056398348016,1.0024601732750438,4.992776149198038
0,1.0443692553139647,1.0357560352434252,1.2174642611641544
1,0.20743906965617429,0.35568755631201676,1.0120033086461886
2,0.8959118380713376,0.9045916928447232,3.53816378443607
0,0.9926536453490725,1.040855754654583,0.8156850113862383
1,0.22733905706959262,0.4074503731785329,1.1691183042184201
2,0.9888468911376286,0.7825967431507452,3.45547922306302
0,0.9752460861468009,0.9851890923527247,0.8454114482430117
1,0.19345301238146892,0.0222910626309073,1.1910005609733554
2,0.6731305959476277,0.7705486637024259,3.966878392022419
0,0.9240515949128649,1.0173778015766355,0.7766928448975299
1,0.37948505044180253,0.31367654757422847,1.427569518273309
2,0.6883862005573431,0.8425813757735425,5.027047111290866
0,0.8846632158405178,1.0073074269602433,1.120269320529615
1,0.06673426351566342,0.09231365570997183,1.1430299661722405
2,0.7991289975807486,0.7735011356327055,4.7976871398542364
0,1.0661560379763544,1.031211424181616,1.065109317864122
1,0.3425610712687814,0.32949099981360574,1.2042972970073185
2,0.8974178523492514,0.9339844432836082,4.514440612185575
0,1.0569504318777605,0.9491317187038752,1.101346356623253
1,0.4541720311809494,0.2864799110518907,0.6986727933605996
2,0.7041678139125557,0.7836620879171182,3.6095360040137137
0,0.9519265958610957,1.0783093615610977,1.3612597648616795
1,-0.055163602160823166,0.28696767036165227,0.8070497727448016
2,1.0797168772566532,0.667289880092148,2.3847291479828545
0,0.9426340114218468,0.9493341529865251,1.453972753531269
1,-0.09097796675104414,0.2479821359673635,1.0317526687486482
2,0.468096332769556,0.9316799217194649,4.358944229465373
0,1.0310608564053763,1.0242829277986896,1.0164075699264719
1,0.030053358675137837,0.1431383141887913,1.1652644272363786
2,0.9083333507253262,0.9765377255829474,3.495834133319048
0,0.9911559480094895,0.8644423157521589,1.0544790653787615
1,0.11683134500792997,0.22981049417547722,1.2436065014532574
2,1.0770914327414713,0.8856968549659449,2.7176425145910263
0,1.0814339755727198,1.0663378569007322,0.8129786460725256
1,0.31572985472084103,0.3329448568452432,1.1166069263258687
2,0.9202645188881435,0.8560246541409323,4.296548045153797
0,0.9895421131446517,0.9959343289473802,1.2701606931211145
1,0.1462657742538581,0.18928935498627275,1.1660074511484886
2,1.0123059801460708,0.9716432530971119,2.710159750449785
0,1.0447667764730422,0.9815694974811697,0.6877285703110014
1,0.14576452002338808,0.5091359187363201,1.0869103614199684
2,0.7504984216406112,0.896171341944241,3.0636219014362096
0,1.0788716775469998,0.9784321083035701,0.9486605968330366
1,0.18686713694601803,0.2273163930580563,0.6158692797321204
2,0.8455443344188376,0.8574972228616532,5.542488783899438
0,0.990661427498378,0.914461150338684,1.1520770326138323
1,0.12804270987752647,0.1624354978601277,1.1188913678257548
2,0.6601164086577178,0.9804934787945888,3.0946162891102325
0,0.92856726184024,1.0318359517837516,1.1413615649646363
1,-0.060473328674531535,0.2995568226754702,0.9104202621419516
2,0.8675091553632295,0.8395234963011976,4.829841025931431
0,1.008894506578372,1.0796140133285859,0.8408228829559077
1,0.2694237885131633,0.2345856773313494,1.0382716245132915
2,0.5979316150177855,0.5293055486634579,4.276989876513343
0,1.0006683882490002,0.9221833272236207,1.3289698675460253
1,0.16833012688868815,0.35868570702354435,0.8910055302514217
2,0.7877570804295171,0.9032511383431876,3.8492307469794818
0,0.991389028400059,0.9778744080244903,1.149978291459921
1,-0.18509106596495822,0.30692369511603995,0.9660626590100463
2,0.6703599570965666,0.8096183811166902,3.2739270901348494
0,1.0584348735397435,0.9785461656312467,1.3260473944802715
1,0.10640144182524662,0.07609167938696783,1.1306404196489899
2,0.6085542274838555,0.573070419399365,4.202529938009501
0,0.9263320768634864,1.0346541508562355,0.952938160785265
1,0.31349687557872075,0.12793047275042735,0.908825593220251
2,0.882923013185869,0.5490762543761972,3.476306937938789
0,1.0190889349101835,1.00711442826957,1.0440057592610845
1,0.3317068393956577,0.22320200613882044,0.9604221423812797
2,0.8083913502675627,1.0551080704568185,3.673614141250752
0,1.0102397873530637,0.9658009626048362,1.0717536078623362
1,-0.25313054698857246,-0.03250012879454414,1.0202614687912168
2,1.141442705391349,0.7362192540159419,2.63837382250505
0,0.9251746801074194,0.8702183580052442,0.8273731443413818
1,0.24213701999760007,0.18389026820828802,0.8753231379389471
2,0.7131333776947397,0.8563434042683506,3.938434402342277
0,0.9583006827618915,0.9492588833785911,0.7505795818673133
1,0.1242459609324076,0.18735141925208007,1.0543452537385472
2,0.838959718992955,0.7267737956873201,4.6789906704662725
0,1.0505110970815439,1.0355452645847587,0.9462461548136917
1,0.3686780757558864,0.08922202685861305,1.2780925871789233
2,0.8563131581867963,1.061800902360036,4.526752834114299
0,0.9470293736182824,1.0945736179104422,0.41566430217881145
1,-0.03368078108589881,0.14926683742562324,0.9219793289656195
2,0.7507732199887401,0.7320890780951138,3.9603658585860617
0,0.9561469961127059,1.024050482895325,1.1657582847052956
1,0.24861303915557795,0.34855775897991015,0.6699386997872685
2,0.5545173114779379,0.6409116335241195,5.81710437995776
0,1.0981070901869203,0.9953798075141616,0.9395933723823123
1,0.39351258132471567,0.24009639107453995,1.0141501886234427
2,0.9373459275764295,0.5385896032008259,3.442291681719772
0,1.0367648150313518,0.9008333981297089,0.6948051631409824
1,0.45389634790853495,0.4381746401411156,1.0904571620957353
2,0.6684575246567812,0.44513604283758407,3.759281397432134
0,1.0755154542758936,1.0034919187277838,0.8751256992735087
1,0.16978338176817045,0.3229322278791821,0.8884899880698288
2,0.9881031849062163,0.6809390897865949,3.308474124994821
0,1.0174452699090057,1.0239318279985257,0.96924428593368
1,-0.046962926754435474,0.026400166125274876,1.1339964784128955
2,0.6893772155821828,0.9159993395106709,3.494455577062592
0,0.9896741442554783,1.0131614821925061,1.1706041010370207
1,0.15384294983328653,0.172474654915611,0.7751398283432378
2,0.499361647308786,0.6895110880686356,4.00319097596376
0,1.016366880142348,0.9780724207678706,1.0160746474920785
1,0.386926643076397,0.2777261286070482,0.6801663937345226
2,1.0126890490917588,0.8070416401251949,2.8314042346312305
0,0.9328915099651341,0.9558003855320845,1.231742879353447
1,0.18278599789217972,0.2641105518843937,1.1273120949613524
2,0.844163864682372,0.5911798509290768,3.3808735500642246
0,0.9519598006848953,0.99185341284085,1.12746181988696
1,0.2933290951239582,-0.07345636953269358,0.8041012518867883
2,0.8172644982105217,0.7656976292158701,4.258693770191748
0,1.0131643446729979,1.0428560128108304,0.8225501495546734
1,0.05243630581530165,0.2187146573477716,1.0153609984990202
2,0.8626795672628013,0.7581478534167803,4.124426445515942
0,1.0265248764657926,0.939151650729772,1.0691465362208554
1,0.12627389578148368,0.12332358426584843,0.7426121817272212
2,0.7058520913889897,0.7353714257016593,4.05713411356822
0,1.017716753333073,0.9562783147263562,0.8135372888047033
1,0.2386938847887759,0.14303228541223523,1.092279137917942
2,0.6422059351328294,0.6582238428118997,4.359288574665795
0,1.1005295324773032,1.046376444294922,1.2725636725653906
1,0.3988851183480624,0.10245961042785584,0.7419437978710994
2,0.5946520548293843,0.7618564254000283,3.6591578272663363
0,1.0315579642247668,1.0363476581656053,1.103226430154287
1,0.0868574476235407,0.1417361786129057,0.7765740629818071
2,0.9859367012715752,0.8926640679332977,3.9383133370998546
0,0.9442498989974293,0.9318803654609883,1.094797331849762
1,0.2386422318029877,0.3070773283652117,0.9384307847600598
2,0.6570004894528907,0.8600564649309592,3.830103757801139
0,1.050550473555448,1.0164582994028877,1.37317643730786
1,0.20072095638974405,0.2893332991257191,0.6190220093399348
2,1.043929217346379,0.8091563149115231,3.823753945771493
0,0.9611373870768273,0.9938702943229508,1.1359242477479707
1,0.13901842922237584,0.16333833302339235,1.1809344246388562
2,1.0706237447456992,0.8273286948799279,3.359512428689709
0,1.0839427563067485,0.9909365790511815,1.0432074609522528
1,0.11883448064278716,0.24718334435427464,1.2411757948636288
2,0.8860236978732773,0.9755663577519336,4.228252335951258
0,0.9500953975398606,0.953181397107462,0.9908242216554926
1,0.3169729906062833,0.13092597995695296,1.152393428054801
2,0.7087711431374183,0.9298988459992956,4.556887311790327
0,0.9890408343454877,0.9947294428448077,0.8413542269216057
1,0.23564205165844126,0.3352591916607536,1.0071681193497335
2,0.7922676088382492,0.5772808455781262,3.556679285763389
0,0.9773933343289273,0.9988833824303687,0.9692596886146769
1,0.357408612068026,0.007186165478450357,0.7831916852256691
2,0.630591727376517,0.5656862665197671,3.371997933449294
0,0.946105905250603,1.038853578580181,1.3954664701711499
1,-0.04720982354806752,0.1395197982317229,1.4872747516499107
2,0.7424125286325731,0.48451039865553847,6.421230152948302
0,1.0324967284127047,1.0904609300823762,1.0902215887851374
1,0.18668227060346484,0.34181743886955035,1.0716392388604046
2,0.8407612589341085,0.6214192233152623,3.368380802203308
0,0.9642177790396358,1.0558741307656414,1.1037846009908328
1,0.0609116098972545,-0.046068283410368255,1.1182255833908172
2,0.9318033402199746,0.8545280122322723,3.6849916085259684
0,0.9639141085227977,1.0346492106098433,1.0321021790789604
1,0.059863197390517736,0.1792303094948216,1.1367693544758442
2,0.6155022649104619,0.581281894490858,4.630066919409574
0,1.0756409674023417,1.0873585155563363,1.2050521812950525
1,0.18900431366200907,0.11516775599251688,0.9238648449783275
2,0.9526663244630139,0.6705327334680353,3.6801427831223643
0,1.0389546850893454,1.0517274154108038,0.7765068538784259
1,0.7045898290292174,0.1359702570971702,0.7285255947878395
2,0.694517189873342,0.9226741581712593,3.2369851022697977
0,1.0871065346526747,1.039694986168271,0.8771343820781341
1,0.2876257793435488,0.028942211490016218,0.7002766465195089
2,0.7230687916039695,0.7430742538241962,5.874131610572144
0,1.0541189471388217,1.0318733294863567,0.9140583925432224
1,0.23280519651238685,0.28562851626868707,1.1612395834229
2,0.9446987284015441,0.9091849968646619,5.422822463068261
0,1.000412283535481,0.896913056885711,1.1425070988163615
1,0.31695036206529825,0.080857669666847,0.9265664461644306
2,1.0827533163079426,0.7304878506630865,5.021451604276036
0,1.0442495964915743,1.00334159774614,1.0505750802642264
1,0.06513273467077782,0.08283956197520197,0.9175841978406194
2,0.6547771362676115,1.0210427626393168,4.218457954949114
0,0.96475865677017,1.0479401184579278,0.9865078713998973
1,0.0819346052598105,0.1549672019712891,0.999304244813228
2,0.8709504187246662,0.9516220806080256,5.131523925019748
0,0.9690722102002135,1.0515337793188981,1.000955995393694
1,0.29802903072286124,0.18079682759096072,1.0894682891020597
2,1.057267312286035,0.8929837985561129,2.898894805350313
0,1.0401914566225445,1.005174398128003,0.7620880302604269
1,0.05767862232392801,0.1715866663466205,0.8042472306178535
2,0.8867624176167259,0.8274778140685702,3.942841186059008
0,1.0251611155677098,0.9447027773992084,1.2740616435905214
1,0.28339323756891494,-0.26174206381445586,0.7933147754511786
2,0.67087337477411,0.770732054209415,6.012482467778954
0,0.9769049329611006,1.0018600657819698,0.6728515279072174
1,0.15329127172508467,0.39994238799239046,0.741867875031959
2,0.5709955117309826,0.791319317824072,4.407805174045541
0,1.0527129511770639,1.0040459235261465,1.4467383960604856
1,0.3152765644130052,0.15984697521357163,1.3245860283083521
2,0.5431029184176479,0.7637067275692613,2.7800682433756476
0,1.0496257855101516,1.0488566153264365,1.0162410377520714
1,0.19738164865645796,0.13214777682882567,0.8181028012362984
2,0.7070754712415647,1.018452090832939,4.556648425327092
0,0.9395414960480891,1.0138049156783404,1.036443817729654
1,0.06762847588756729,0.19596404479835086,0.9064668239088072
2,0.8536046397655827,0.9574513536736413,5.002343662414299
0,1.0699359171527798,0.9946118503301048,1.073666250960842
1,0.2541160975595741,0.13502458181895777,1.3671534989309546
2,0.6656311480048407,0.6079889580377963,2.790949739206364
0,0.9665387012637942,1.02131474687087,0.9256822275228129
1,-0.041906792125648296,0.21490232121096278,0.985260612845498
2,0.8249336178828449,0.613159912474663,4.710765995860919
0,1.0099570410073533,0.9489830620709743,0.9440483518175852
1,0.1818167377794075,0.2369493645149816,0.9124689159513284
2,0.7390492964542044,0.85674829092116,4.233798252209997
0,0.9711911224053906,1.000549446403788,1.2014029247917504
1,0.10101354656996035,0.20430053646558038,1.0965493200826488
2,0.7519125369356686,0.6954030812967311,3.9089638927073365
0,0.9949807133470827,0.9861493018189429,0.8251790205799026
1,0.2908411521122606,0.17999450829662378,0.8280156137822136
2,0.603049275955416,0.9904435797017206,2.8784772542743884
0,0.9725455799150525,1.0068022442587743,1.0383021370898762
1,0.4005107995744367,0.3018986505197558,0.6713184487131181
2,0.9436809313622929,0.6424826397631668,3.446790898621635
0,0.9773164951629119,0.970182805052349,0.9375176395392638
1,0.16735919348500683,0.30727627979060307,0.999828421091303
2,1.1409690674174444,0.8663471820296026,3.435999808519359
0,0.9945207356852473,1.028517086538582,1.1085871153407687
1,0.07115194073387901,0.4063239162754698,1.0284971309232365
2,0.6549609047514573,0.6342624532367391,3.5987638220507105
0,0.9504825947927323,1.021039204190334,0.7322165018508375
1,0.347038873436835,0.1653327713711823,0.7900058103576448
2,0.8435280975238162,0.7505242941166627,2.8030965786691446
0,1.0794385559941913,1.0318957955365131,1.1208783480958022
1,0.2227358896485452,0.25407343482346734,0.9505271346171846
2,0.587715882962313,0.6952777517815746,3.327197296141912
0,0.9730662701549255,1.0505721941927189,0.8453047868080648
1,0.3130257835464288,0.4040240060563025,0.8664253637882787
2,0.45586370179142705,0.8689004873490893,3.673964537801233
0,0.9413016571181327,0.99169892105207,1.0797632572134295
1,-0.031321141436564615,0.2445394245602687,1.3379800848055523
2,0.8086081133061832,0.5119572971400177,4.083490645049139
0,1.0616761872310436,0.9639149902417361,0.8735661340154206
1,0.44667111161592,0.0009944301331108463,1.2451261248101482
2,0.64595084083362,0.5098479149822204,2.5689919429639496
0,0.9702824491360286,0.9739836224029595,0.8776737023491955
1,0.07631800560226669,0.35414030302541194,0.7173100601080811
2,0.8633439046058786,0.8454981669303284,2.17436021936936
0,0.9576342463023448,0.946627286285569,1.2764604918952798
1,0.056370861061212946,0.15423420597593127,0.8185877133579298
2,0.8421629055383513,0.7454773646768474,3.1403380479774006
0,0.9706427984693725,1.068471686546637,0.9980603523588432
1,0.14459858894848568,0.285752503136862,1.1637952597640493
2,0.9445286964907582,0.7337198562539734,3.7877527245473273
0,1.0669237359703028,1.0035117708018073,1.0786066778310415
1,0.33346640561130125,0.18895167633790727,0.8924880773390909
2,0.5312077553551323,0.5332921515265228,4.181285811633308
0,1.0447638653068023,1.017892377386132,0.9722569753131431
1,0.3631841611893139,0.11094862620420427,0.7048530518750165
2,0.9821080915355038,1.0145970159002087,2.3080135619735422
0,0.9662131273706207,0.937291499104668,1.226993390893043
1,0.2750731797445355,0.25785404708331233,0.9091518772098887
2,0.7079014344233842,0.6520293893425317,3.5297506569654047
0,0.9978522536324121,1.1369507514039434,1.2634836164098324
1,0.3408448880300289,-0.12265501627572767,0.9849001984897628
2,0.8028843545951572,0.5151585294402543,3.5097914817927167
0,0.9235507059971729,0.9901189190031116,1.1210810240035125
1,0.2461000661229384,0.3722964550210565,1.1054147995797678
2,0.9073550485126949,0.8309708067666322,4.017454112036231
0,0.9132326270417132,0.9686749946516159,1.1895830383954014
1,0.5241963499698366,0.12767613061803357,0.6709736577492154
2,0.6698870298022427,0.9069593376202857,4.948224046045639
0,0.9258480384271022,0.9516432418622068,1.157429265496762
1,0.2531848115498492,-0.2043920248415566,0.9531803532454245
2,0.9630950995954051,0.8926092403535254,3.3501218779936974
0,0.9973105283526836,1.0705262886681883,0.9140351116542981
1,0.2746687555093493,0.23735538760255398,0.9380484306090836
2,0.808304541897513,0.9500166146533966,4.474872405427745
0,0.9709437068233794,1.0193268594612643,0.6569278981704011
1,0.17294871358629368,0.19180957484380007,1.218633729736878
2,0.7080229576712811,0.9787048110367793,3.566611888637596
0,0.9795600370060764,1.0584221356594725,0.9001230500738145
1,0.09117477972579219,0.1964532652090893,1.0033815793185745
2,0.9466553879473815,0.5191263283726353,5.66054079846062
0,0.9604149055603366,1.0313727739914824,1.0438632129362568
1,0.2910239226317823,-0.08149378643274219,0.757963478288261
2,0.8200336014333444,0.6142773953541325,3.9922303319178924
0,0.9857466791585686,1.0052093951585153,0.7274255152601561
1,0.277356377421537,0.1279094447701788,1.0694134639401893
2,0.7364136600788601,0.580685981751867,3.535057095094781
0,0.9474086374105514,1.0235116647364673,1.1861308372650115
1,0.1259430863834825,0.4441696098951079,1.1160451245333158
2,1.007352305212145,0.787014883668327,4.160083742985936
0,1.0053574442352688,0.9893469228622611,0.7885131563576102
1,0.06824056638925452,0.4672322092421146,0.6741682966380249
2,0.9225694037183823,0.6709241941790371,2.881812262745001
0,1.0486282954146264,0.8422906275581341,1.1842523245747547
1,0.4843703382742757,0.19271998326296985,1.1577961816691529
2,0.47923460203638485,0.8564723405886725,5.5666619133755955
0,1.0224332416796837,1.1275281624318052,1.30577799106352
1,0.25817654556290676,0.23063889846622912,1.0685135702115365
2,0.8987478529485244,0.8011263076955332,2.7241788037619257
0,0.9358696936142035,0.9741353584828578,1.2709618546847103
1,0.49849480980895744,0.018234760645082254,0.7602734381312986
2,0.9717634302787552,0.9430020244886685,3.6220382054205773
0,1.0243987151899192,1.0521437367984297,1.2088801715177655
1,0.058864433340838324,-0.025358039376423946,0.9380775115447544
2,0.5063862126317442,0.8055470745770795,3.7653605981601856
0,1.0748041236768653,1.0360860340619398,0.8335761258718715
1,0.0810318862621328,0.440863470519688,0.9742801918187494
2,0.47942023781255216,0.6034229145725681,5.45466993997824
0,0.9208857244770039,1.0626180843358088,0.8929704275425878
1,-0.012348658771382942,0.11272249999903153,1.0104256046087896
2,0.8759467127853889,0.7260196184298549,5.030156902876878
0,0.9580600907632582,1.1865723629693088,0.9491412572815
1,0.2396426103862199,0.21169147451799758,0.8658628467381049
2,0.7369149750037378,1.010643256592787,6.284726271013662
0,0.9466357219339205,1.0040917003536347,1.091936629495984
1,0.3069262749419687,-0.08426170854049941,0.992652546540459
2,1.18173356347966,1.018623376228879,5.2927544717290385
0,0.9652175712982258,1.0332761204463836,0.9366976436420229
1,0.15490153858109035,0.4412182730380806,1.1863522099360058
2,0.7052452046772036,0.47122626930566586,3.726028697666196
0,0.9850922219367717,1.0047491967482851,0.7066017167372078
1,-0.005330202438443787,0.392902032590992,1.1963624076261568
2,0.7818992104725189,0.5930845199274655,5.066044107744416
0,1.0939276484797804,1.0444984307394576,0.9484220416371925
1,0.32379322063983457,0.2817085173404653,1.171252760766793
2,0.5891304884872304,0.9324686239037461,2.7796751576208028
0,1.0498063441687189,0.9778218391187167,1.360068838937629
1,0.5005125363479689,0.45402161033222166,0.9544999136516585
2,0.6114771199630289,0.6381462828456755,3.9572717127961625
0,0.9815475910160029,1.0714075510824108,0.9872456190307871
1,0.26992991967503693,0.3438949913113222,0.9198159460113138
2,0.7226044751485133,0.8034628059520514,3.0994032469933215
0,0.9982393627274032,1.068483928800595,1.1806893531745224
1,0.07804191729614544,0.07150479409806085,1.0776249867144543
2,1.2935031298849111,0.7161111713970789,3.336214250658565
0,0.9362256653451495,1.0681350948847756,0.8322741303366776
1,0.12122806042936206,0.36398451781870034,0.9606202155499071
2,1.0794792472756891,0.772504066363197,4.875187540174208
0,1.0435564574143186,1.0162240811837537,1.2162506165716642
1,0.09037050858817165,0.2113544897960326,1.2426680273812547
2,0.809946635331048,0.9117439594386458,4.158773000282885
0,1.0263442316855904,1.0137786034954712,1.020585232122518
1,0.22138609158728167,0.23222506250899205,1.0172899273770837
2,0.8164894317741371,0.6485547701774952,3.314372757866872
0,1.044363693001825,0.9794355371567675,1.0739146611553705
1,0.5675951405786791,0.23343168795135794,0.9503248523816031
2,0.8005107808395455,0.8962218877471166,3.725226002652035
0,0.9666313911772739,1.020078136251772,1.0655266781947947
1,0.3252702703258294,0.23638728447264024,1.1656968695640044
2,0.9570591467814648,0.6684593993643633,5.194729735131371
0,0.9896725483791108,0.9945979579995792,1.384770230255296
1,0.21272021779505848,-0.09079169697705641,0.7352631065014761
2,0.7581864600947886,0.7512755362460932,3.5578792733521216
0,1.054778273082306,1.0048303843579562,1.1543175959362988
1,0.1111569946871109,0.0710680449558796,0.844435818933583
2,0.7031482998868442,0.8787511800068937,4.224473573930628
0,0.9878998693302645,1.064707078564255,1.109109716624143
1,0.16054596755241454,0.04088870880244039,1.0886875992106517
2,0.7931270879224086,0.7170572455575196,3.706982493556238
0,0.9413970105261502,0.9939682214910771,0.9139787946085038
1,0.4243318030585347,0.22316673639168472,1.2352735828853638
2,0.9203287788778101,0.7328045194972354,2.390005563054171
0,1.0280774437731637,1.050914159096543,0.7519570359504516
1,0.4271754961274307,0.12942485934780446,0.6593642829309114
2,0.7792574226745147,0.6986581020261038,4.286911963095537
0,0.9069139678734119,0.9338842357793726,1.1344561252474044
1,0.1410025473775108,0.15682446951649115,1.0056046746984435
2,0.5316321809182561,0.8609144273765511,4.097542311867994
0,1.111898988925899,0.9123586315743681,1.1710649028255844
1,0.09488194891195517,-0.04683515550801998,0.9121665570380078
2,0.9590800155843305,0.7427828975062544,3.093232534505368
0,1.0046701505599196,0.9769155137730724,1.0736415261083532
1,0.17229650836937924,0.12407440407436242,0.7363108021562456
2,0.9028883952776569,1.1003462473481438,4.351709595762211
0,1.008438851384246,1.0074838373424402,1.2994689804228567
1,0.021211734390216647,0.22641104643848015,1.5442688294934235
2,0.9614078566868949,0.95164167383006,3.6559860916825135
0,1.016273002428228,0.9800308265374743,0.9177420075763671
1,0.08625302317136692,0.17234825772181883,0.8988812812854683
2,0.6318649937122812,0.678949841482136,3.7297081792200295
0,1.041644240300588,1.086087642082571,0.8672012973028712
1,0.09031414676091788,0.3366322350228089,1.3287403952800176
2,0.8769996248591826,0.9764469079458088,4.9313170235256925
0,1.0699054205903566,0.9465932227561653,0.9007133848970537
1,0.036947287519652594,0.053672689466039286,1.2416984726560465
2,0.7182096436590436,0.8490638148978267,2.8512867404863864
0,0.9395835574824553,0.9752063473152068,0.8114244121494203
1,0.19720848618265352,0.033448246390857805,0.9421766881122969
2,0.8002514977312376,0.7744205171594876,5.986666221541016
0,0.9579876202486309,0.9661189411125991,0.9757750501687787
1,0.3531894983112545,0.2678793200800195,0.7375432611512451
2,0.4374229985689863,0.9322170842562018,4.339334733274172
0,1.0554775966742609,0.909614587719505,0.7828617241384203
1,0.05670971260526439,-0.1918370583093194,0.9609425306732169
2,1.0296656286772645,0.5081539782640268,3.7277811702943158
0,0.9830803564408229,1.050345666421158,1.0338367872616314
1,0.4044676128402671,0.18832106528028875,1.1137114685065015
2,0.6608310632875242,0.4200587873498524,3.9253477296067674
0,1.0036402086714287,1.0226607703101818,0.9050058059149736
1,0.49463292569041284,0.010127982177843442,0.7009655561720349
2,0.8076776957471977,0.9618071119063384,4.454552676630142
0,0.9705990243116033,0.945311663031624,0.8883079263997952
1,-0.012499412831582651,0.10637869139624939,0.5845443638529857
2,0.7832009425991256,0.8195009394964008,3.8528252347519585
0,0.9436280615769785,0.9768807237673027,0.892990439540893
1,0.34713837431599914,0.3455073625536663,0.7395407703119756
2,0.8252191625146378,0.6841805438948688,3.0562965205539205
0,0.9366097294002782,0.9765068922406424,1.0904649281289085
1,-0.024333293715388754,-0.13110541762235428,0.8086904475495953
2,1.005188953820163,0.8860793997397332,3.8814978463953125
0,1.0470572124084683,0.9797732138106352,0.7824067739341557
1,0.15101698529180824,0.31630048373611974,1.0008498129542498
2,0.6985226888997687,0.732182330241544,3.67256542037881
0,0.9450479634429282,0.9572648299107971,0.8346648886764677
1,0.20498654699639246,0.03522786830949354,1.0835395457211159
2,0.9525112735552825,0.8619400568652158,4.794465408539487
0,1.0177062765992304,0.9531327198144561,1.0174015838044004
1,0.21237112425602184,0.1689714681594144,1.075698009424141
2,0.9463798296981989,1.0104729294906472,2.4720269752266164
0,1.0110750361861767,1.0448075857698065,1.043461131676493
1,0.64023640580731,0.13121238676646302,0.805235327931416
2,0.8560556735804961,0.9606830962963482,4.866723566172739
0,0.9766342606798076,0.9959013176809297,0.8720779108549375
1,-0.07275330054555912,0.2518867855594753,1.0562448567998497
2,0.9252831952169736,0.9868130156581658,3.965152057155451
0,0.9988330267211265,0.9924008443484716,1.3992509119375593
1,0.04370838588373674,0.19826076270679183,0.7637468531310301
2,0.683629797867974,1.02063175373691,4.500697013394585
0,0.9961555984067362,0.936883451072649,0.906810877041535
1,0.6353648248454873,0.39385727329000986,0.8794979359905036
2,0.9214298060466787,0.687434730802197,4.337890448649318
0,0.9772957234574597,1.05082944262755,0.7758181993195574
1,0.12315585531565514,0.07411975396472992,0.772554945859477
2,0.6578791849729756,0.7280643683901239,3.73692160062864
0,1.0146494024382273,0.9798081357086119,0.8326628026857005
1,0.3276487990690251,0.39848225652393376,0.8889378609665314
2,0.930715682200043,0.6522321884064272,3.968937312750275
0,1.0317978712552802,0.9491830054555591,0.8571256955544371
1,0.33614926110881044,0.39956958561623646,1.0633545958916506
2,0.9503735088956436,0.6030982916425776,3.719779972577565
0,1.0306155564045287,1.0576913998361048,1.1462859047074079
1,0.18199399391543117,0.14740770566509145,1.0773735043290635
2,0.9573114522906898,0.9452264361907168,3.3904366186748494
0,1.0314603583524897,0.9623917798802674,1.0451272457566374
1,0.36410918277991594,0.272124887345744,0.7631106176962694
2,0.6271750868158148,0.7558987697291456,3.7486470209800866
0,1.0170460358356483,1.0012928060619681,1.709670005025759
1,0.40314421064555783,0.17047770753296396,0.7338784510214378
2,0.8606637279006148,1.084422878407384,2.85773328032072
0,0.9389578283294642,0.9677945188731281,0.9069664113671874
1,0.1490310069566956,0.23115183138889533,0.773902507866974
2,0.706705199976406,0.6629256529543681,4.38042864431982
0,0.929811651665155,0.9204242006636295,0.7624503779522772
1,0.3701217147225313,0.31123860185303787,0.829569120519539
2,0.7954014983386563,0.8605780627617774,3.741578863576398
0,0.9734276944686585,1.0149415648340525,1.2498523511162543
1,-0.01779211121143623,0.33296613430907795,0.8495200039772837
2,0.8786736169724749,0.7374104720300404,4.7931035538827755
0,1.0418089054119446,1.0877062672665982,1.259492100218133
1,0.20538248393628938,0.12118596471036741,0.8226848292821582
2,0.7252037213988294,0.8071308710762981,4.062095032223166
0,1.03154276872849,0.9812418468194489,0.9957602113572955
1,0.364065953521659,0.21315481266043895,0.7776269251744452
2,0.8338275100482347,0.5809866366822927,4.146641753682305
0,1.0484036205451102,0.9679154783544601,0.9571794846318518
1,0.24564553127496924,0.06216122907459229,0.9367126387235571
2,0.6377145594627971,0.901078284897281,3.3440418513064736
0,1.036091681797953,0.996216807757182,1.1505334986774316
1,0.27854279214209593,0.21895765700793104,1.2647793867798593
2,0.9647396023423778,0.9082449873844417,2.910486229154292
0,0.9958731299933498,0.9912701781631231,0.9841378682617399
1,-0.039317580130180274,0.0023600664226934853,0.5464229143227455
2,0.7313579885050333,0.8198119528116566,4.4659505266412145
0,1.0375514884915376,0.9715481625380578,0.8314437471003628
1,0.30096089508586865,0.10048583987470838,1.230469607186135
2,0.9062248873342134,1.023554036187507,2.873515453844372
0,0.9633071882152731,0.9746304135495052,0.9604836944176731
1,-0.16876310180966658,0.25227226106645934,0.49246993907344994
2,0.84921017091963,0.9948092567950132,3.3845759339159223
0,0.9786877645148431,1.0170182494649334,1.0522899967254051
1,0.5007324375956095,0.1425078074085488,1.134324168421618
2,0.9130113626497744,0.8397274686010762,4.471935057222693
0,0.9791522690563063,0.9546837744178127,1.4231009822752467
1,0.10454331268738404,0.3772382714108884,0.988411421404553
2,0.8691579998337005,0.9350755794745007,4.041560649503743
0,0.9696316353995709,1.0159146544494382,0.9750117359353538
1,0.3071586432611275,0.3146358007203113,0.8771475724584066
2,0.9738910581578534,0.7100170174501281,5.603882357574996
0,1.0398511981619385,1.0514102025320797,1.1767471854956868
1,0.1683700979356689,0.24724179899341986,1.1925628644607023
2,0.8420997604232132,0.983905193127681,4.704112360230528
0,0.958351821249201,1.0761791670743945,1.1793211571799747
1,0.057994483417473125,0.4181996969725961,1.0392663086582834
2,0.6608501708480773,0.524384984074112,4.902526202186248
0,1.0118369511993095,0.9815461828766463,1.3028145246561982
1,0.4208047695979188,0.11714816120332959,1.2053207670067816
2,1.0399166458510467,0.7102568902112009,4.301877541648829
0,1.0434813582491678,1.039971959186042,1.1144040997525189
1,0.3330123675312777,-0.0022590297609139387,0.9003958379291112
2,0.7175561422696399,0.8713190481774694,2.427258125513111
0,0.9107659190613115,1.0005961909109244,1.0766803261959044
1,0.4030873437568675,0.08511578396112986,1.2029909263117546
2,0.7949790517016628,0.8397092266783515,1.7056177136503394
0,0.9888089859604766,0.977403295394672,0.8629366558582781
1,0.13102635285554082,0.0479326873115154,1.0516715975364734
2,0.9270326671669107,1.1116084988304489,5.332146431153106
0,0.9712884414540225,1.0795072406780415,0.9346379526362129
1,0.44675724378770454,0.19974359185749058,1.131622134212571
2,0.6842449479294324,0.7389358741761628,3.405668825483426
0,1.0146170939747847,0.9804266290313105,1.3505907511525157
1,0.14244076239980014,-0.11997796951888667,1.007476312115542
2,0.9930639685965639,0.6349343580751186,4.159382836992364
0,1.0137774484231319,0.9595149003854377,0.9209269350000674
1,0.23522769750531972,0.16823127219803918,0.8437316745575438
2,0.6328384907263362,0.9778419815111359,3.306044551107822
0,0.9644772622029519,0.8907215534105132,0.8037693298288184
1,0.19092140448429173,0.14141672300659897,1.0361776492863988
2,0.4810511435394729,0.9305535314854662,4.381149827179166
0,1.0177357358130292,1.0422791638759963,0.8551158308709406
1,0.3838976762916353,0.24034486301660626,1.2042024253211687
2,0.6826360599767719,0.7138213367214424,5.330664821406057
0,0.9901477227632354,1.0618461932002676,1.330669374766162
1,0.08750731284187961,0.28628518296224825,0.5913103823483769
2,0.969365088622758,0.7304432775189387,2.770894964115948
0,0.9510201127061433,0.981127544493221,0.9505762165773985
1,0.16295932439783295,0.41378545283525925,1.0690794202323395
2,0.7292393029026365,0.8713552996458883,3.9050109973794127
0,0.8801702606475181,0.9505720648683635,1.0346519736279285
1,0.24559956461626548,0.1066336091558724,1.0032603584473372
2,0.7944830641581897,0.4183268315031188,4.416205955826807
0,0.9776714602526239,0.9046428872510778,1.5596959251580165
1,0.16776385153075216,0.12345148421753545,0.9187491455623112
2,0.9208024280523373,1.0547587490002808,4.174049833848572
0,1.0173821182800455,0.9667296968960913,0.6148013550305489
1,0.331167300533933,0.1673540565476353,0.7191257908683022
2,1.007942650899529,0.9372329104647863,4.214191672709895
0,1.031227106968898,0.968320636501618,0.9129160145903331
1,0.13113496733865035,0.17082753569059397,1.1604650788326432
2,0.8731813682304685,0.8875942466310607,3.490994682291875
0,1.0171448702304127,0.8968144878056652,1.0875359629075048
1,0.301822855046314,0.36364295157802073,1.0348688070287095
2,0.8917099939394176,0.9497329785617874,2.5963164400592182
0,0.9004756738681625,0.9776721585110729,1.1032679559031409
1,0.18342979382321806,0.010935173846549712,0.633659736570436
2,0.8578935265771295,1.0179179668970435,4.474503002879769
0,1.0540171272941572,0.9504417010863704,0.9988743973525768
1,0.32185720848874466,0.33925211596511445,1.0230286494498502
2,0.8583386271094445,0.9695461078840556,2.853377068664228
0,1.0500973092746329,1.059194223655837,1.0004812026579764
1,0.15993468609601647,0.21133523812335644,0.8761180661651984
2,0.6753455363366442,0.8783446945198341,4.5082564725373375
0,0.996258736935866,1.0072369251018096,0.9575785212951027
1,0.16827439295895852,0.13914409113788978,1.0005172473619504
2,0.9875458680676021,1.0319899702243336,3.5775715061632116
0,0.9315531721487038,0.9785963382594987,0.969125908258559
1,0.022254252346303127,0.5452120653663631,1.0809996164102524
2,0.7797428311312544,0.8400775294270937,3.5878201462275205
0,0.9627261031983881,0.9927502791382871,1.1804093078661593
1,-0.11540100286688643,0.13709208368373943,0.8304948154804862
2,0.38099870218256776,0.9542583822713633,3.3880710566987355
0,1.0845480541187331,0.9902640291610757,1.3434669386617841
1,0.2319559905409752,0.3305855432393566,0.9724760678755682
2,0.7172136822009829,0.7236667743307992,2.6612499553890347
0,0.9662394895374391,0.9625718724393194,0.801473498681377
1,0.2015170063531255,0.2725413671949831,0.745935578783129
2,0.7379746784459692,0.5361254597676219,5.001407030397447
0,1.055867241771113,1.0756183769043872,0.6336133323915715
1,0.20951685028027062,0.1718789551599527,0.9978640576036912
2,0.8760741506563796,0.853837742112572,3.6323921196496176
0,0.9816524942422628,1.0646533975996186,0.8233688476328682
1,0.11790832545436093,0.16547380474205756,0.8333229237424598
2,0.9266776041166704,0.9428896857816441,4.903952116949906
0,1.121330916554412,0.9471556151518687,0.8989571274082879
1,0.16955932292819148,0.15466395863668947,0.9467415530315246
2,1.0232369113051312,0.604237893390669,3.8105691045732177
0,0.9658443932942278,0.9414325963031605,0.8808305883575299
1,0.13310695222964247,0.017534829094080606,1.0856591428205542
2,1.0196611624082694,0.8261886691331592,4.218643661151875
0,0.9988952993124013,0.9248521855578289,1.312329755600512
1,0.24281099836552325,-0.13207173860060012,1.0509398201184057
2,0.7513010336883983,0.8076200589285193,5.143730717357738
0,0.9787846975849837,1.0404893084426936,0.8933623249936534
1,0.072764531221335,0.5146667791894606,1.0017229136204853
2,0.785281960475007,0.6269771846094837,4.0202206414372785
0,1.048104542790955,0.9380972907595981,0.8191184283253249
1,-0.03825951456419577,0.2540472522458242,0.8354334851316099
2,0.8988001325052236,0.6170891239413896,4.315275774357886
0,0.9854690402477249,0.9716036992395571,1.2674766391439878
1,0.04833231101259289,0.26898128607563054,1.0221453710167503
2,0.5971291405185253,0.5205923293295424,5.351591893189401
0,1.0148805204198525,0.9371457211641447,0.42888046025581184
1,0.08400643168537253,0.30676310110163346,1.0518269644265361
2,0.8760003754828166,0.6203968777072977,3.892759193356265
0,0.9455302832068635,1.0022043946671437,0.7549285158019157
1,0.285859738202788,0.5649595214351049,0.870587056080649
2,0.7993101805516876,0.9208161816570278,3.067173311112355
0,1.046929813673364,0.9857254458002229,0.9989184855913866
1,0.4981369590666383,0.1132890961756155,1.1552154198101372
2,1.08088630774476,0.7948575188238823,4.493775936646712
0,0.9508473531245853,0.9584202790800467,1.1276318780497951
1,0.41586291959955524,-0.15699222581654093,0.9065703364585521
2,0.9569020924488993,0.6697908679079785,4.862530942660112
0,0.9759009622030137,0.9976032030932148,0.6888888715987713
1,0.09413712270660456,0.44333557835409937,1.0691804586209006
2,0.8022206924458808,0.702016323521369,4.199486993169219
0,1.013991364370561,1.046858112852873,0.5746283788876727
1,0.17827148162275788,0.2177067632165607,1.0799563539165773
2,0.6099922772433318,0.8143851979255073,3.3453333437333908
0,0.9784024079723035,1.0174940497212583,0.9580524888443169
1,0.15935986624836054,0.14616206871327905,0.5746168786287511
2,0.7735412423717382,0.9262500088962003,3.7771388170206825
0,1.0508455200790994,0.9286641253672046,1.1380951040882097
1,0.44975912023140074,0.12893224191692473,0.769287100588222
2,0.7021511686512344,0.7635569492906472,4.419079841074761
0,0.9291675162159705,1.0594817807059356,0.9163818129917567
1,0.2966130047906995,0.014778624574901228,1.3025255814701229
2,0.6605547621524775,0.4899189784636377,3.5408472897782683
0,1.0692141648459406,1.0698287121420054,0.7796336465797522
1,0.49955704032335646,0.2945942459405591,0.8343339773887369
2,1.0423857171291668,1.0203457017130138,5.247545263485845
0,0.983450408742243,1.0430068366343774,1.1251699309017846
1,0.0828378565817236,0.10875946570779589,1.0380493269992954
2,0.655190889193587,0.655869743833055,2.1508607977680336
0,1.0609989878901465,0.9616457941613877,0.7703434848718294
1,0.19848665553688663,0.26078894390324286,1.348637651343652
2,0.9834962067633554,0.5905470389809425,4.528109578366359
0,0.9750504451011195,0.9605822144453469,0.9336839521229737
1,0.1765293595183147,-0.021079708652292722,1.1195938437351316
2,0.7492775515696412,0.9235529501678935,4.639781263769095
0,1.0759485396815864,1.0175326192041902,0.9139040083203994
1,0.03614813421495702,0.20093315199664302,1.2568924180408705
2,0.863330970793454,1.0364512798042251,3.160089797961198
0,0.9748625689275571,0.9549702261653917,1.3896072341310575
1,-0.1942131176545261,0.29793649441633174,0.8983525318443508
2,0.7695439771911672,0.6468379115277616,4.784629928718497
0,1.0155627370768774,1.0174036147014416,0.9377253146262671
1,0.14659338819652223,0.09618343363566946,0.9905342833198619
2,0.8299178128929331,0.8817828997780974,4.383065926892216
0,1.0674467830158878,0.9743525463885107,0.8503410280171046
1,0.15062048091501465,0.3912007527383464,0.9755284890213849
2,0.776858996446557,0.9866907017124791,3.0180830161110066
0,0.9674465383349306,1.0248383978071411,0.980169436081831
1,0.20906721382526972,0.05136423245998811,1.1514809633323142
2,1.1939635007766471,0.7838188942582828,5.16606483320683
0,1.023180702018395,1.0763125989235,1.079987127178885
1,0.37686386106446634,0.09623527523648083,1.1412091532800919
2,0.7202437662342368,0.7182432283796282,4.049174471698665
0,1.0543019207271347,1.0213551947302293,1.0903669300529357
1,0.23977607938120868,0.20567017012575792,1.095316358239727
2,0.7622264015205704,0.7129255697704906,3.1118555488698934
0,1.0676574109910975,1.0392845544866054,0.8149363458099154
1,0.4231508608361757,0.06653004274874438,0.761694192580885
2,0.7880469074366285,0.8053944947931291,2.8341662187700702
0,0.9498537509325631,0.9071831947443065,1.2078856457858642
1,0.2243816549457044,0.5171734039460634,0.6734648062922848
2,0.8622656222676659,0.7446827625022614,2.9901453462997187
0,1.013182985577585,1.0194151511511833,1.110752792764529
1,0.07812150335739972,0.07739594828437188,1.02997766085071
2,0.9174549933537544,0.9787242392183904,3.1208356191148825
0,1.0291257469798283,1.149478982250856,0.9078894962815429
1,0.030216605050200934,-0.028571094750182796,0.9362121507668154
2,0.6789492265540421,0.5928549465398305,4.465983578224547
0,0.9779737856555281,1.0625030429841855,0.7646693700872589
1,0.18813732749337467,0.35997135406862946,1.0811978325867788
2,0.942017408858867,0.6907219098115769,3.294224978299936
0,0.9446355378950719,0.9752716442941803,0.883553411192299
1,0.49416026599662016,0.28424330556881666,1.067233410101953
2,1.0106825021710204,0.6941403447531225,2.0983128510906695
0,1.0510658401712236,0.9909050474321873,0.9152220768948007
1,0.014059736183818644,0.36155148368374734,0.8679516188645892
2,0.9710053497994219,0.6350461351107182,4.004384138264832
0,1.0292383761176767,0.9590022355410193,0.9020227837162578
1,0.12802006475011235,0.14840221710642995,0.8676480812271053
2,0.6781208697063306,0.9734578892173869,3.910973816083387
0,0.9814422192961095,1.066259167973328,1.0079571717086253
1,0.10484766787184206,0.121567643137669,0.8670855472091527
2,0.6216276893212533,0.6909231903712842,4.797392709257667
0,1.0121418683445562,1.0222325872629745,0.9873910647133534
1,0.029776466063822976,0.023491638906014328,0.864333172945566
2,0.878782351683292,0.747899105876785,4.467985732224354
0,1.0019004013975343,0.9720972885884382,1.1487213594379637
1,0.11300007602460269,0.2993910649340663,0.711110382971224
2,1.0324560405789445,0.9428280516198022,3.958782795411393
0,1.0091929250863574,0.9474084379212675,0.9449925038417072
1,0.20729390345685272,0.26031233602675097,0.7378223613361746
2,0.7629668079095626,0.6816322315383901,3.945976887207335
0,1.0433377682944642,0.9663403011842823,0.7190091849779274
1,0.13535743694161145,0.2316562747623831,0.7029655815460375
2,0.6085406614737623,0.6300333192319526,2.9005434465345594
0,1.0443932817947745,0.9224004566069539,0.779449931990795
1,0.29770615870187056,-0.09622330671790741,0.7984072299181785
2,0.7510037970303618,1.0650752263639172,5.8606648569443305
0,0.9829714214651286,0.9984820357561331,1.0061059610659964
1,0.28300812723101976,0.6950101268234155,1.435372003563132
2,0.8437665783694417,0.5888038231080426,4.015762865546308
0,1.013027723407846,0.9875085687862746,1.1182903685940422
1,0.10890420334325325,-0.0011152260679924697,1.0953379197799098
2,0.8444896685926963,1.1584696918253616,4.635029891297138
0,1.0462501298281255,1.0655460511941686,1.0239234523466156
1,0.19238775960935567,0.14658022742370283,1.0810271392946769
2,0.6460441061030621,0.6731000167486512,3.023890291568957
0,0.9841254218300195,0.9802743333073356,1.0692510243118356
1,0.14062666049588796,0.29931352435657105,0.793458017586058
2,0.8199959570556444,0.923129895048705,2.479125269050388
0,0.9831421995037788,1.0726477064580435,1.0404499007893018
1,0.26446522059706723,0.4260477451655661,0.8363860645274847
2,1.0284349175534202,0.7578929744676446,4.198238787662218
0,1.0675202758287545,0.9662863563140145,0.7328753560328845
1,0.3477100022518361,0.0011218159091642699,0.9405083534316776
2,0.6273908491851485,0.7661329429115665,4.6008753637720226
0,1.0234733615272815,1.0437619986659845,1.0547168299008314
1,0.11751682937124232,0.17978952859672426,0.4752436760088442
2,0.7053340462054347,0.5866887781985769,4.197821632191941
0,1.0045479586967154,1.0012731897682197,0.7912574393639584
1,0.0688232393296909,0.2837900402718991,0.8487901867335012
2,0.8346869875439117,0.9050256373187167,2.8041352065193585
0,0.9131141031187067,0.9565277432309889,0.9113024447717994
1,0.262926027393884,0.2789478444812986,0.9396888872763911
2,0.4666433126896035,0.8142932067120499,1.7213644909954358
0,0.9861641222969512,1.0697109687908986,1.3885734119096858
1,0.1427766353059907,0.12540839424422656,1.0292830862871687
2,0.6821389890839914,0.6989662444367545,3.678115623082578
0,1.0247583081176734,1.031095466692589,1.146888511362624
1,0.29172465246451673,0.24618619101035827,1.2047886727926986
2,0.7585336920128248,0.8121310231500173,4.074230618382584
0,0.9687666796027968,1.0378702066768453,0.5491163354743716
1,0.25142883514542436,0.20563601193774214,0.7389857204959014
2,0.7071487707278322,0.7320539965420694,4.5829687340008975
0,1.0062545118177426,1.011450800594247,0.7872421142521593
1,0.12910720857143476,0.275890426971691,0.6465445530721627
2,0.8805568283113867,0.9168376736122479,4.378601140530721
0,0.9745027147142199,1.0597890361978652,1.302189565756453
1,0.010086265472746714,0.27333045019419605,0.9993082699457199
2,0.9348798066382171,0.658504999128291,4.5379622727851725
0,1.0166998596537493,0.9602778131538102,1.0800315179362792
1,0.2446773062707029,0.12481583798348841,1.214538820606435
2,0.8062827084263056,1.1434978026457339,4.519217090959544
0,0.9834993581671123,0.9797679037784129,0.9869159461812265
1,0.23182703942452174,0.2994880046181863,0.7883210889111142
2,0.7073454040075062,0.8242720772183773,3.8435272921862804
0,0.9446324313642507,1.0854226004573326,1.0693638642524164
1,0.18962119092211016,0.08537279237636186,1.3243299770754613
2,0.8094185933371137,0.6657849042701272,3.6475997269799842
0,1.026959713268733,0.9985250428441816,0.9915127584230324
1,0.1771570026146351,0.18074662806603725,0.9630214125019703
2,0.5471852077330968,0.8420077083983794,4.450678443950517
0,0.9613845945269651,0.973447448569405,1.4979746377535126
1,0.1546571347255732,0.17515069584243378,1.1762954116992697
2,0.8143439543158172,0.9792298007830679,6.10037905944964
0,1.0019756000366182,0.8803213671773847,0.88617090879743
1,0.11488125789188273,0.2620740785781853,1.2016270865364989
2,0.735380325697587,0.7204525094362337,6.240042547909835
0,0.971255628375568,0.9766322818903732,1.0855944162827853
1,0.1732032844345328,0.22677272216138433,1.1390732739213676
2,0.8794997626248515,1.064319387134305,3.802032735097595
0,0.9886310498855573,0.9508140632242381,0.914953934571093
1,0.13930987159369085,-0.0871814792140394,1.112163200481892
2,0.6664497245557974,0.9600396226947061,3.9731823344237265
0,0.9386848212233926,1.003644872215239,1.0709327525405927
1,0.21638295920858375,0.3496729405770481,1.212225194998469
2,0.6635978486370072,0.6233221146968442,4.060308967375721
0,1.0249528195018145,0.9438138135051211,0.9077172869153094
1,0.37688210558442314,-0.0020652521679045688,1.1000292480738905
2,0.8974889399589633,0.6242162244064926,4.2763717071872795
0,0.9000900611139449,1.0220954454056852,0.767292658138165
1,0.28708803077483935,0.0027457936189587973,0.9807247492143966
2,0.7843779412142807,1.0416494075373501,4.105144622890848
0,0.9895241229162635,0.9332055601164245,1.02849766615094
1,0.2737621852639002,0.19126513671588483,1.1032392711531767
2,0.6925891606574504,0.8279226403775505,4.201214359059181
0,1.0564094596940827,0.9978529196889767,1.1405690879613002
1,0.11540675963331891,0.2432173278307857,1.0929507141113546
2,1.003288583583899,0.8767838421599229,4.886642422664366
0,1.0298790991574795,1.0056560590991164,0.9735523388096402
1,0.008654136775491927,0.2540877999918967,1.283640986548897
2,0.6785144944954108,0.8176655834391706,2.5379092282316
0,0.9177036025370403,1.0649209469187455,0.9344784387581125
1,0.40502852147850743,0.44503072972788904,1.103636410516338
2,0.7473053375268611,0.7969641901105464,4.204705543849034
0,0.953829946608196,0.9413458494626104,0.9574587775166633
1,0.17232838317080518,0.3854608514972656,1.1298687906649285
2,0.8522595281988625,0.6560747067023154,1.9575778513865392
0,0.9248968324506782,0.9501366449968823,1.0844747900897258
1,0.3621712892379888,0.22159669099555596,1.0039869288557872
2,0.6976543396089296,0.6574309726811938,3.019213713284081
0,0.9645614140911807,1.050768694971842,1.3251818986087558
1,0.17767199423295177,0.1093002240748506,1.0112399013955837
2,0.9914790219476396,0.9288720947382508,3.9706298459536704
0,0.897286514473814,1.0451554813775985,0.9500398060023255
1,0.29584167632257163,0.11462449875409735,1.3662703395099935
2,0.9651788472912678,0.6353886550634561,3.9672827316724133
0,1.092669669493509,0.9611123454504736,1.0627185160916457
1,0.46792183961531586,0.06757364799517551,1.120842982896557
2,0.6447333908512334,0.6118278732355954,5.320211351004764
0,1.0500047759751272,0.9870343813735285,1.117706662720108
1,0.19083891619623408,0.3332555684344489,1.3750815169857171
2,0.5797162489045803,0.703828056568284,5.337210273811054
0,1.019539461233897,1.0028107209586787,0.6352742122725115
1,0.43156411650487897,0.3241337477501475,0.8984537109861646
2,0.9532021952368019,1.1179768153736747,2.130218838377107
0,1.038369744220952,1.0352447152072952,1.1179671748841504
1,0.1782318974841051,0.31339589218356884,0.9404041874169985
2,0.8462099864789011,0.7134431183510835,4.9504301143366005
0,1.0217892826216728,1.0677631703105976,1.4583968487684527
1,0.37861840869457575,0.13478354288470631,0.8510773209410258
2,0.903302036961603,0.8160533005206979,5.767920571150402
0,0.9830931222510804,0.9449194210740084,1.008505376596832
1,0.3645234498020561,0.22183522184982757,1.0097219232225072
2,0.8123059166286509,0.8152199078179908,4.703922201569995
0,0.9343841426044105,1.0200420398692438,0.9547616960801529
1,0.22607919160560097,-0.06549523836997279,0.9092470769381631
2,0.835303595910885,0.8916841726573269,4.614338146697898
0,1.1124462183893984,1.0859728561330528,0.7294638313450431
1,0.19389831204350055,0.16054038632130532,0.7503271516899812
2,0.5382544909845878,0.7486820137085405,4.677296004184913
0,1.0329896930171316,0.9714438334161528,1.016563412944543
1,0.3753299144843456,-0.015655972100168114,1.1530720542090807
2,0.4310920284855504,0.992124952034674,3.731178977660775
0,0.9973928368648067,1.0124424904381155,0.9847076561626751
1,0.054073996124433366,0.33353028143798824,0.5995338418803858
2,0.8859905791413549,0.8536097854314592,3.708543359033176
0,1.007449738393362,0.9322464429361416,1.1068852213690132
1,0.03220805296193624,0.22733597011518253,0.6127697381709626
2,0.8351734555372773,0.7323853745408149,3.006677354390953
0,0.9920160251409875,1.014662744120507,0.8331424614982006
1,0.11749958619764432,0.2852530358295226,0.7496419107391727
2,0.8249328572182686,0.8488793435377255,2.8550352316778853
0,1.0038894890421908,1.0603162215388973,0.9591395985445988
1,0.10772248704301633,-0.007738123256635837,1.1100431329502263
2,0.6337886523869951,0.791240838338213,3.8657329508596026
0,0.945136739778073,0.9757327783168152,1.2139972231891913
1,0.3585401836978265,0.04090482451183755,1.150685458917167
2,0.7006102072423456,0.8963796387339487,3.4585910870024663
0,0.912269605343843,1.003388872770429,0.977120321307784
1,0.13679866605039076,0.4351819095469124,0.5969924304580296
2,0.7790296046094876,0.8353149008812443,4.485663831774101
0,0.9911295821688164,0.985379901119615,1.1283365955738938
1,0.45663141231894233,0.10011276625213687,1.0953976395891845
2,0.5823535716331307,0.8852907799660285,2.2355206174069195
0,1.025948873516806,1.056398948826023,1.0186581051937322
1,-0.023044547834222134,-0.23324029600061458,0.654672369370285
2,0.9825359876971292,0.6105618231159325,4.05957620180403
0,0.974153931549068,1.0077416243690542,0.8796863646751802
1,0.1686279976392066,0.38130098565175113,0.9286315823846489
2,0.7300867388010541,0.945756975315789,3.2016227822638346
0,1.0327813455017631,1.0458824570700818,1.0222486757163654
1,-0.092417640554672,0.25019656603349766,1.1544318210175848
2,0.9864552639382975,0.949970055619412,4.1521937808721585
0,0.9985920529440565,1.021988177602422,0.9903680862979689
1,0.09519959385370617,0.0711426453524158,0.63896691392295
2,0.5686948948501641,0.7630424527943588,4.053289191943041
0,1.0263842887554488,0.9460179792379675,1.2857554879539257
1,0.07519029920457604,0.21728421172836346,0.7725144783586404
2,0.6427093176857404,0.8287574471764311,3.9883531363884215
0,0.9821747691984782,0.9715239220796482,0.7591532749764823
1,0.3107461846675821,0.2188105956721295,1.1967053309401572
2,0.8141288725375481,0.9268563920173578,4.445971281203493
0,1.0377079022800078,0.9950815597272753,1.074404066482514
1,0.22318768181150786,0.051935399024332474,0.939660185258009
2,0.8784432081509062,0.8299812515070266,4.352151662997452
0,1.011085739470568,0.9254516407935053,1.2611376960394776
1,0.13391332113743581,0.3509944232859691,1.03402438447377
2,0.818634825735715,1.0010257411233845,3.310224363324209
0,1.0669093306232356,0.9715847873155675,0.9803316374777687
1,0.37245750467350514,0.5977840537309191,0.9359693559139903
2,0.7886701302436531,0.8632586342470985,3.0022562312654224
0,1.0195124321826952,1.009415381218979,0.8115788707522603
1,0.2598281228966432,0.013310894024120584,0.7085897181083818
2,0.39382843910302606,0.9192441791100744,3.8915152007171394
0,0.9601344578707921,1.0322356992313524,0.890764540376992
1,0.3309656669643648,0.05297286456322575,0.6606162837942315
2,0.8617347396430395,0.6522836975246566,3.4366867282034206
0,1.0753094317676977,1.0684389896998792,0.9688944012167477
1,0.1743539653418239,0.4191532678222605,1.0807363007834128
2,0.9333969010982256,0.8996889704882058,4.559656073370477
0,1.0324485550255884,1.0854790273206671,0.9755871749960467
1,0.08824534206127876,0.2908764664911605,0.9549689868171523
2,0.6812316178641404,0.9406087713557131,4.085036754652843
0,1.0234716562133852,1.0015521313794078,1.1505020636247685
1,0.2767178832960444,0.05903611938236286,1.0564969086654374
2,0.8019325385666016,0.7306392821062253,4.740281070871999
0,0.9994229187800631,0.9737465335303439,1.4659511516457842
1,0.007469782536259434,0.4528661403685087,1.4557130699333845
2,0.950192878941188,0.7706463677289936,3.826142727866213
0,0.9885806319877274,1.007427404521279,1.1390265905398291
1,0.09933140987495359,0.1383299842213304,0.7377475194792373
2,0.3819891161513117,0.8183257137121771,2.8812681977888843
0,1.075750168574241,0.9692646066806345,1.0452688153783531
1,0.6609152791738417,0.12476342797515577,0.8059693147060631
2,0.9682084990471875,1.0053570628862176,3.99269446271425
0,1.0922663362534375,0.9318492151888538,1.31063877440527
1,0.029526305452189594,0.2685614794866491,0.9884126046878233
2,0.8198771479412612,0.9781671116732025,4.4450979305348035
0,0.9713719923456066,0.9641647533164341,0.9820567910771123
1,0.16674191056969495,0.3247783554031587,0.7200270446825878
2,0.7996904851425426,0.643677215362554,4.011243899708182
0,1.0791828991317567,1.0728200409457125,1.1429590027219816
1,0.009448570260221445,0.17601763147053937,0.8539548536986377
2,0.8246168133976144,0.9361028899891836,3.694585189412647
0,1.1460223519901627,1.0225764452256867,0.9996139505437561
1,0.31595960224344327,0.5756591405216244,0.8899158321089385
2,0.8195727286009107,0.8090548275306413,3.3906563022659726
0,1.001296080388456,1.0411478309286348,1.0754018899809283
1,0.1339050783218492,0.27930693961972086,0.5739430878102325
2,0.928101150221141,0.8131119154947483,4.298206325255533
0,0.9528064716076525,1.0072204991682816,1.2641263480697176
1,0.28921245831003517,0.2116313849435388,0.948172235820047
2,0.7051447507327812,0.7152951921875713,2.4911124743011843
0,1.0761991734689835,1.0191791003478001,1.3044780761184225
1,0.37019344497902773,-0.0016836060101413364,0.6926481754655303
2,1.040422330250618,0.8972234041218236,4.469259964052719
0,1.0778728230505852,0.9685546555534943,1.2875281363208735
1,0.4558655998971323,0.035470066806907063,0.8777883502800465
2,0.8137884704622441,0.96133002008956,4.194880695834124
0,0.9331472368928815,1.1036516744135105,1.2533169174225869
1,-0.02022509573721204,0.007347463199632143,0.6542392547263862
2,0.6740612839039148,0.7660994553965457,4.1988879157853995
0,1.040195635811895,1.053402454923278,0.9536719491849479
1,0.35889950809788745,0.10342587872896263,0.8822677161476451
2,0.7018669024043377,0.6391020844590967,5.66545835706965
0,1.0640525992217422,0.971622491142176,1.0526662065833292
1,0.35208936506803223,0.008082884341775953,1.2377034378285774
2,0.4300792024430737,0.807783994180707,4.058201709685398
0,0.985695539237185,0.9612325694858304,0.9731162499924793
1,0.11691705427645623,0.10191490149874492,1.2350002727108496
2,0.8647937547693434,0.8412253629298615,4.088465843676414
0,1.0426544036650651,0.9779820025225002,1.2214458337836591
1,0.195864288015431,0.44564892198551914,0.7542954692846628
2,0.8536155324246469,1.000192884271967,4.525760314144538
0,0.942315434982787,1.0272449800131704,1.052356746353579
1,0.45438473812778574,-0.06405078007465193,1.298155229086778
2,0.6045355965553985,0.7330126709688279,3.9315826134083927
0,1.0205094156247483,1.0607676185358952,0.9858770696087604
1,0.2255703768505338,0.15642465595552346,1.1928460065865905
2,0.7731027013923583,0.9371658565999238,4.670271357287926
0,0.9988857732659825,1.015876833646204,1.163835158865558
1,0.33903219903462556,0.15687478369485883,1.1926905881235392
2,0.6600940792891032,0.7201426010089229,3.1906714182751648
0,0.9560214352610337,1.0865720828947314,0.8537771595510807
1,0.09139355229969422,0.1757653068918835,0.9308150459856073
2,0.8363492560613524,1.009857850983683,4.559949481363335
0,0.885201895680736,0.939534301497645,0.9366120205856219
1,0.3053363983920456,0.13679229740448573,1.29320903223467
2,0.7534558911602459,0.8769027946116527,4.570458505190773
0,0.9767171775478207,0.9995191293085051,0.9887222622582587
1,0.1497577325715267,0.21953206424030344,1.027331665519553
2,1.0283648350740364,0.6960255344065026,4.706126364668874
0,0.9862004015155832,1.0219582409545354,0.8863705527248724
1,0.23463310406538312,0.390440374382491,0.6466131793286642
2,0.7951714555056512,0.7561468738924993,4.867158597676587
0,1.0890622330116386,0.9438879412988299,1.1740676558132221
1,0.015125316737944677,0.011427530445414363,0.9850308078698436
2,0.9429092392221334,0.8045505807598259,4.20749765858111
0,1.0701119547777171,1.012361067523402,0.8115947583512446
1,0.057801142308783776,0.2496348159595893,0.9385483442936592
2,0.568583575841012,0.8445326035376437,4.248132749364099
0,0.9264100325098201,0.943523019734815,0.9665425729821854
1,0.08048056868672307,0.10549568858839545,1.13049637793197
2,0.8869476040282357,0.5144785705674424,4.715590072902469
0,0.9737976733636774,1.0167735995585727,1.1168010956675996
1,0.008991329580294471,0.25829161236651965,0.885960620446033
2,1.1268631628713854,0.5221519764471378,3.7212864234689467
0,1.0673588337351159,1.0341896469104053,1.0266347998470513
1,0.3441715914072122,0.23295394091214067,1.0928308518514678
2,0.769018550129404,0.6669803078051646,2.604482494326084
0,0.9637971016209514,1.017038715217485,1.1410617104313163
1,-0.22801255055498543,0.005173577301580717,1.207599179568868
2,0.8476721137376503,0.6611954566425422,3.6152792164928815
0,1.0659191123297331,1.0347374054500555,0.692216396137351
1,-0.01305990709288013,0.07084864320814363,1.3045290947557875
2,0.7720487757263433,0.6163725579028493,4.928353134204245
0,1.0668301052209916,1.0340295394727193,0.775743582227222
1,0.20620354455494047,-0.017676352839025605,0.9603625684705543
2,0.7006262727889724,0.5168791483193241,2.7339500620785895
0,0.9581778518076536,1.0173474831996279,1.2352285496232391
1,0.16904137358996704,0.1562005547166529,1.0935886038011917
2,0.7488326450851465,0.8686836007608076,2.4709043403631674
0,1.0270903145194987,0.9664191386897699,1.14599903975773
1,-0.0659646509506574,0.08340224806639693,1.0388254623318325
2,0.7685132667919418,0.49034794219550376,2.727532246429045
0,1.0462403936799463,1.0738718127695561,0.9999068760297226
1,0.39591187798778105,0.3166508606434878,0.7195538586831505
2,0.9269779618190902,1.1727223576644703,2.920277686709399
0,0.9696281221336565,0.9977523355461123,1.083626562887516
1,0.005037114352124922,0.051699181518709864,0.9945944077998385
2,0.699443372493438,0.8062160853972582,4.545423248359519
0,0.9257645224898468,1.0199981571994268,0.8654826796200533
1,0.30808762160187625,0.5473482813290895,1.2440187786209094
2,0.6492253459402585,0.7238861105672678,4.54056940535679
0,1.0719564141776972,0.9587698195779636,0.7496333588511768
1,0.24161111519116463,0.2901617330000766,1.1048209278893937
2,0.8296823054170216,0.7976492181369127,4.436285632255421
0,0.9011320351475011,1.031265966411687,0.8100916517713834
1,0.14459870757712445,0.15805038662619303,1.0346014630129436
2,0.9418217427772481,0.7681853203861462,3.9297996357250233
0,0.9829800850302475,0.9931615763291066,0.9580479518646122
1,0.5195397939101323,0.3193548373313668,0.8949922336670655
2,0.7986919170143847,0.8186348836227443,2.6641102058627584
0,0.926157127492454,0.991689616537455,0.9248874248630212
1,0.12776399693847248,0.0410467889621324,1.0987060198262295
2,0.8092331494622161,0.9014325749646306,3.794227233098538
0,1.0662712122435702,1.0588031018698052,1.0538125102253346
1,0.4319146817849118,0.06674619614739108,1.4229845577069726
2,0.9840696870350042,0.8055625665635684,3.6274575921407166
0,0.9423203352089248,0.9679010877647274,0.8390696174318414
1,-0.009664944910999451,0.09146366478074193,1.181133873463534
2,1.04517034089794,1.0226433776738928,4.52896838101107
0,0.9499060395209085,0.9820140551256605,1.0323860070335393
1,0.010717697777627128,0.11658992610932088,1.1023738606950875
2,0.8790365768784143,0.9725266575580859,3.7869092287922808
0,1.0245216405314284,1.0104752314385752,0.8940137582583143
1,0.14479563030404188,0.2029247290799136,0.9545349239795491
2,0.8355909799024319,0.9341429061836359,3.8784464799383285
0,0.9253883767626686,0.9437570955488823,1.1291465005441261
1,0.2199689179512354,0.39679395605156853,1.2060903060020725
2,0.7346909139143625,0.7344139990417421,4.217628042807808
0,0.9595539364603507,1.1066431814087003,0.75345550208075
1,0.310274491293511,0.003992195034293378,1.0074188468344292
2,0.875610721518439,0.6735704184201794,4.3909655817979285
0,1.0872095215724649,1.0053658768088085,0.8744400079915494
1,0.13265106302974122,0.38771182464713616,0.9622379724896136
2,0.5875535771949707,0.8670891916582137,4.386529222827496
0,1.0406671848226277,0.9801095234388024,1.2056377957103488
1,0.3654662030166993,-0.06469716548642096,1.2122065818622585
2,0.7315187874014987,0.9615605081508646,4.444205605424024
0,0.9830089173509251,1.0277065615832734,0.8206884736605893
1,0.19404023516391786,0.13206412405301476,1.1355193088681197
2,0.6960590174585571,0.9107614916398418,3.17431406003443
0,1.0011541809971243,1.0672331878340846,1.1509151346116069
1,0.22125914612411063,0.4981613247051114,0.4695922535432465
2,0.6333965813941715,0.7337389663490825,3.612702225669266
0,0.9027727150067645,1.057044045764314,0.9584271474519894
1,0.36572672272499474,0.2661686041653061,0.942585298519813
2,0.5975036913531189,0.5357549479216636,4.937929408689008
0,1.0035629691173713,0.973342692716207,0.9074520097375292
1,0.1766439006150133,0.22822417708033224,1.0456564225690401
2,1.0434537882569326,0.6549760709336716,4.129667941183467
0,1.0400092103378822,0.8688009219176029,0.973862862457972
1,0.11128309071747468,0.11867180656023407,1.277976392691092
2,0.7092901470182502,0.8857264187633838,4.947135097657339
0,0.9100464112493832,1.0286485917613482,1.0692124303225072
1,0.45574465297683625,-0.05547232837634497,0.7832872258671186
2,0.9310475566277736,0.8718692735015892,3.432159136391501
0,1.004376005131687,0.9867944230389284,0.8188180697253017
1,0.24161639027752568,0.19069211009739362,1.0393714548873167
2,0.9014420596221201,0.5693589400768828,2.2223678776996945
0,1.026277317284104,1.0857888904530304,1.169315509583981
1,0.4204793532271116,0.15296347063807206,1.3323858302333917
2,0.7644258942729275,0.943969969855018,3.163244143692136
0,0.9842181762352371,0.9787045966452542,1.1265404756528035
1,0.3369494309497647,0.1338762013485812,0.8864950921523207
2,0.9547317974605031,0.7773851548318745,3.7423045438572147
0,0.960390185737763,1.0376544102622838,1.136802509823672
1,0.29518927159900094,0.24026041814267857,0.8990919194815147
2,0.6192641138562496,0.731291479473148,3.9309324232063765
0,1.0242697600234416,0.9986173350478339,1.1602139003234888
1,0.3677736589525248,0.22615099963159976,1.277151199945374
2,1.1433816907056362,0.8609750133326881,4.525579715096671
0,1.0577480422620318,1.0309279605625778,1.0755843943674928
1,0.36884243712061515,0.3503472253114358,1.34148292342698
2,0.6246135534612653,0.9588250895742176,3.278964400121005
0,0.9702407995820063,1.0246255139724483,1.108338468177332
1,0.2140129496239167,0.37430387465427273,1.2337242823937193
2,0.7191210084739322,0.9757566657682792,3.454740427945361
0,1.0442440326860414,0.9643316498407172,1.0271912109472021
1,0.3178631444916944,-0.10301854190067622,0.9081813994070436
2,0.8899234004286096,0.8104227789478781,4.236192808375585
0,1.0213904256519029,1.0504021214208548,1.119220495171664
1,0.0627300679851327,0.25180707046881257,1.0658186873769688
2,0.8115401400888812,0.5653719170602683,4.4709763586113045
0,1.0381114270245193,1.032393877283854,1.0330838426701123
1,0.4644849803619093,-0.2158909524236055,0.8810693282970689
2,0.9250621908904424,0.9076982323898559,3.8470500323440238
0,0.9953425719727709,0.9720475341496174,1.011188669500368
1,0.13192560565233596,0.4044230608316255,0.990475371415443
2,0.931021280405312,0.8343627634774133,3.5033135162669713
0,1.0396111248455988,1.013908541229893,1.0854273302709183
1,0.2258364106311869,0.6050063746748228,1.3215235970646804
2,0.5660297654183886,0.7048118731013351,3.074901486730091
0,1.0665350006151209,0.9671370772587813,0.37594604755156014
1,0.12754034945852244,0.30268123794944995,1.1781689217904536
2,0.7597616195206405,0.8175861933523928,4.423082497097421
0,0.9666501553204324,1.064374365222229,0.6876288902324399
1,0.27898920194472876,0.17416063381593944,1.4360836452548236
2,0.7422726929501003,0.8424066504172567,3.44893165364767
0,1.0721747825144763,1.024874195771432,1.2390972210880236
1,0.07114046267993399,0.20970069433692257,1.1428948674990502
2,0.8281521331188602,0.8555063164998036,4.65320180257806
0,1.0732792710008419,0.8787198839826182,0.6482461186417132
1,0.32504060756159137,0.3417100779395633,1.3934176589179874
2,0.9975372254930317,0.9466274530272979,3.330212798430191
0,0.99031696568151,1.0513632621730937,0.9564196353343588
1,-0.08646629643912918,-0.030557467486680367,0.9126017217899071
2,0.758022995071096,0.8602058570640595,3.843874230028073
0,1.0023448619948068,0.9650959833586565,0.9242143897014786
1,0.0021641572281725363,-0.01975276985903296,0.7622744473059628
2,0.8890807987203941,1.0691323311317766,3.4152470321403454
0,1.1174695215544357,0.949304907849764,1.1086936222293398
1,0.25315860345102825,0.18720366805551614,0.7793610369860206
2,0.6335960159746363,0.942242977661456,2.1273992294649076
0,1.0329271688856503,1.0228521222925144,0.8317474548930014
1,0.3444759407662107,0.4964780739359816,1.433920642490282
2,0.7126559455638083,0.9185237312245929,3.334634319454677
0,0.9757236930130446,1.0222035643861282,0.8851720225097949
1,0.13929269275776565,0.021054596047537427,0.5891999853633392
2,0.6081656966228094,0.8815464640986912,3.867562825338571
0,0.9812206079560953,1.0500337304599592,0.9033519338599865
1,0.1898089433258168,0.10167644231961458,1.1132070785786528
2,0.7409336753282701,0.8100060437714808,2.5004062978325057
0,0.95721248787844,0.9700737607530999,0.9138486768019254
1,0.11651103262672438,0.038711090006627646,1.371648087822652
2,0.6961025815992479,0.8685039386388326,4.933620453266092
0,0.98344745173024,0.9777728381640207,0.8856053246767102
1,-0.0959549097080532,0.1977992325993368,0.8688847932580706
2,0.5854193096046726,0.43363312270977666,3.573724142530369
0,0.9656578327144238,1.014156690421208,1.0676773711213008
1,0.033397015548342485,0.3580608795640047,0.8838842883313405
2,0.7128489531976474,0.6172601831174319,2.7765914437076886
0,0.9599001929893596,0.9292730253623512,1.1605674593359097
1,0.1800614207336742,0.23766164439993853,0.9765633365665167
2,0.6452507377105988,0.6381075637716148,4.661912620702267
0,1.0072635895243414,1.0428630137611963,0.9505390113076527
1,0.2949643998801825,0.2200662915156052,1.318560926387382
2,0.8030634718835103,0.9168202404055328,3.565619860603931
0,0.9496757196644636,0.9771533961685206,1.1532741116487915
1,0.03202036654995191,0.08076539496948687,1.275105206990538
2,0.7854096874502632,0.867546511008886,4.382661254361688
0,0.9492822973801032,0.9738378544641961,0.94903288438192
1,0.26535032251510426,0.05478649884421383,0.7113348006636628
2,0.7992363424808949,0.8859442151603352,4.305036722028703
0,1.025028817903004,1.0221391349345084,0.6607520228533961
1,0.3366874621864587,0.029899583961609022,1.0437746877570566
2,0.7204819733345142,0.9301210020461979,3.4516104090541897
0,1.108406815411727,0.9506761495873157,1.0384161312411047
1,0.14402336822605283,0.05035839044238005,1.005108671108831
2,0.6431849628472809,0.8496514363440802,2.350687699894036
0,1.015247934002104,0.9802229795661663,1.0697128369641835
1,0.10702307855922748,0.39005219144118164,0.5973650176708744
2,0.6956173745297506,0.7377161369740239,4.056653481841487
0,1.0068428393429447,1.0348410465793703,1.0856879368264414
1,0.2088793485762896,-0.04590309390212188,0.9385950787228038
2,0.6934202786022147,0.894914028062156,4.131817732134003
0,0.8783689428196368,0.9785667761588495,1.0742357298351057
1,-0.0866687118658202,0.24168515474527483,1.232994761087577
2,0.7747501208914357,0.9822645594126778,3.6395543548308877
0,1.0419368163272664,0.9740453688701011,0.974735271601236
1,0.2051537376423505,0.446868343706133,1.0833554046657907
2,1.0798253528050004,0.8044269095150177,5.6639491463598155
0,0.9875760226400385,0.9757615343531338,0.7278273378548314
1,0.19218848563402055,0.243619117625824,0.8449202369313044
2,0.7017859162272669,0.7833461872976333,5.387600608611345
0,1.0642921230253235,1.009945622483491,0.9371851584320836
1,0.10924136029207526,0.30409720846164773,1.0074309565229551
2,0.40938808623722744,0.6706465104270225,5.670801934730232
0,1.0243608164810782,1.0769339879864945,1.231858465437925
1,-0.056025146138853066,0.12720302462258426,0.5956715181209069
2,0.45325616925904016,0.8155448612809251,5.179861661097157
0,1.014321787946506,1.0252436796182143,1.0659995509039375
1,0.1996985768941924,0.23595808300382118,0.7761372729786762
2,0.8630214613105791,0.6446349925989706,2.934365558439505
0,1.0979282491148203,0.9724543221010034,1.1055126683626264
1,0.01917729581460051,0.26235534200649674,0.90587835526949
2,0.7829459500575826,0.8010767601199256,3.8373816772105
0,0.9994693987909564,1.0155704835027701,0.8333958952621083
1,-0.056705036186771474,0.4360610991886818,0.904762456219887
2,0.9107485000483739,0.8097937374343617,3.1641770268222422
0,0.9404176991031402,1.0249449684467222,1.0820735047125687
1,0.2645315276011978,0.22267931605983807,0.9386886121032849
2,0.8954449826159772,0.840139952515257,3.5722983174114495
0,1.0359566035513006,0.9788591429379387,1.0665745882634357
1,0.33311129622371904,0.3915348955614777,1.1867688927517739
2,0.9053888873587914,0.9271588380005118,4.533162125989037
0,0.9885460205451543,0.9935551493026915,0.5691655026375126
1,0.03323613627912084,0.24967541472215246,1.3173639306091067
2,0.7719527986109808,0.9028946189887062,4.453664189402258
0,1.1005370451840153,1.0114480734964035,1.0217661828879852
1,0.30579488959353046,0.515671133970744,0.9052381437425564
2,1.189501738067834,0.6289038472018268,3.9986483061891525
0,0.9669349979881434,0.9778212575701186,0.7836756330896274
1,0.5228870155246897,0.021244597575369867,0.6840924624160998
2,1.1814513083352218,0.8697111590017145,3.8057000926525024
0,0.9950878753289795,1.087215542212555,1.2542348836815935
1,0.010544445496186244,0.25031980412182775,0.9452884823720712
2,0.7745432758756752,0.964492127356625,4.430205253551174
0,1.043659364750434,0.9632008015121899,1.285909443696711
1,0.2570365777161174,0.27060523014584587,1.2764354959073185
2,0.855579954299121,0.8745753205728043,3.7618256076742864
0,0.8846764085650034,0.9265265850103088,0.8225955681353961
1,0.21202819471469816,0.031202414865130396,0.9161156963976392
2,0.7288418797505705,0.88707642173376,4.119546497897657
0,0.9525570350603874,0.948769876778181,1.1230394207467687
1,0.42047011102969517,0.16425607600025693,0.971839154282219
2,0.9550598538338979,0.7913033328788857,4.334323094822696
0,0.9835374819740633,0.9492906185550869,1.1088991666440697
1,0.3578369204993064,0.3131606664314373,0.8409047490226118
2,1.039317781662763,0.9246625597696999,4.626187815327765
0,0.972978335510908,1.135918425777574,0.9009404216912633
1,0.4153887756118204,0.4038705023908209,0.8715124073973478
2,0.6478028995910188,0.8284212902217536,4.627843227748168
0,0.9624881760333054,1.0192727611264358,1.157871696355656
1,0.13590408264994142,0.3425562007746893,1.0828682957519986
2,0.6282889456438641,0.6796259502491193,4.4677728355276
0,0.9491163356676136,0.9564335105308935,1.0028938900678046
1,0.012934863053833456,0.4846227255740664,1.3266068364788266
2,0.7262351329101127,0.7601334229018177,3.996663908856272
0,1.0206266066202365,1.0060990273799386,1.0745455716716157
1,0.2611819550930446,0.30605029520464144,1.3636325036279833
2,0.6410301009557837,0.7569568026844559,3.4893057940845265
0,0.9507298732153007,1.0070881237221203,1.0636652834312499
1,0.45065373751528864,0.153044745207068,1.289679222248858
2,0.963387865579897,0.66279820916939,3.1506104064620373
0,1.0673452658033888,0.9739582986573609,1.274954824804092
1,0.32547226080869235,0.19588292725504192,1.0089303945809274
2,0.6323370299582973,0.5777345829867784,4.359994270375321
0,0.9958235803891261,0.9358303019761373,0.5465739858659078
1,0.2027120995703616,0.18034205690349978,1.2026787415574962
2,0.6887454407315808,0.6520315734311593,3.806229518075803
0,1.0311657250770654,1.0279087594364416,0.6626752177976626
1,0.13089300424635208,0.09888091991689023,1.2644020048528135
2,0.7433207610861376,0.5037151393205102,4.325334801963428
0,0.9159988077193533,0.9547545117534901,0.686867726438711
1,0.13501432854073137,0.3510372910161058,0.5959162063207759
2,1.1097755608789068,0.7535854076983454,3.9365123413140575
0,1.114800299146344,1.0263555214098368,0.7157904592951874
1,-0.0382858548447115,0.21387173988231725,1.0904516981551633
2,0.7060934020770794,0.4811224602617425,3.7968251733432705
0,0.9480584534089068,1.0026873178632945,0.9680080721205053
1,0.24200464660545573,0.18449371034072257,1.2536263319770824
2,0.8489180991820745,0.710589316445671,3.579886660373608
0,0.9400353217776191,1.0196886654116497,1.2157166557592634
1,-0.030474138362196923,0.17248740281005379,1.0484212089987097
2,0.9013791334062459,0.7043178007883852,4.279698864394711
0,0.964453937398958,1.1034700502223025,0.9830432416771931
1,0.06746023624283881,0.23245043620597533,1.093651389971845
2,0.7715122807580868,0.8857967191972748,2.642180004267492
0,1.0265314725245696,0.9527980861348687,0.9968900412784466
1,0.40062201948795856,0.3316889334146246,0.5613062562096878
2,0.9316169395524257,0.9316907361647814,3.9941655257871522
0,1.0626295718117382,1.0185790324514126,0.9812130464140084
1,0.041236669796207354,0.20620476860193462,0.9417343471483918
2,0.783937504497471,0.6430848309675781,4.082707129718385
0,1.002006914134618,1.054130107244104,0.8105608919649747
1,0.3985845199931301,0.18235287496025224,0.745441769915426
2,0.7542342111253675,0.8620872133512556,4.966851961294047
0,1.0856194531662007,0.9477054839376207,0.9961134810049473
1,0.19819678123072967,0.17926184644241522,1.1217731198244343
2,0.7445558350223119,0.845982814773209,3.9272109737605847
0,1.0704395800638828,0.9660852497983229,1.1932245153622398
1,0.22629212285296713,0.48121547864348313,1.052563391609189
2,0.7289225616108352,0.5996836928788774,3.390359073128328
0,1.0315729425970892,1.0124765205838384,0.8859471758275936
1,0.11416061969909484,0.16343174764574087,1.3160121046572286
2,0.7793372608233499,0.8539436255332058,2.946752160605258
0,1.0495683863604481,0.9245709067405201,1.0866672949922531
1,0.26524424479679226,0.17177413640277123,0.9402759760786451
2,0.6948459248167302,0.6679116928622868,3.0816575502120083
0,0.968919153579084,0.9308458411087567,1.1684435975109664
1,-0.1505937914049824,0.13990946153725461,1.218888384107336
2,0.8032341193781096,0.6908599002764108,4.567677914614973
0,0.9899867454577531,0.9468021898478423,1.1681089880475257
1,0.16258202222732887,0.38692893397160244,1.3359005837492242
2,0.7464083726260778,1.021024929738689,5.234550156154504
0,1.026628177459896,1.0316001817034064,1.2131885542992449
1,0.4838716270117318,0.4208770875312088,0.7940215153817084
2,0.7301481965122958,0.8620859162693868,2.971414762765926
0,0.9641769854743252,0.9824836564244975,1.2591183770545362
1,0.35974334285082266,0.21883982381550007,0.6859117950113149
2,0.6379810493100082,0.7504472945402835,3.7825800306016975
0,1.021168602851242,1.052465211110651,1.1027173397596355
1,0.13165450890172073,0.17827423476438164,1.0818776870942353
2,1.038624832259536,0.8401797301486742,4.028453535213156
0,1.0238712783604533,1.0630745581313512,0.9814636032442281
1,-0.07953663422031282,0.08261187560213636,1.32880522298537
2,0.9518528106115847,0.7281697461915093,4.464800275439071
0,1.0089051088525378,0.8503937135208879,0.5950244921202839
1,0.3149314632543356,-0.065416243453219,1.0121410237028023
2,0.6267516861748754,0.9417267267114143,4.2556132033027305
0,1.0029673432367203,0.9274493390844537,0.8394065596454862
1,0.023935720910443797,0.21638348006805036,0.835490956844633
2,0.7804092433038629,1.011971704507974,4.553269618588544
0,0.9308244920820224,1.0042905680821546,1.2379283864201325
1,0.3993605518263992,-0.010463584185512576,0.9526576483855395
2,0.741281098831141,0.6760649089083565,3.7083592609469007
0,1.071340019465098,0.9941755640457598,0.9022873458841681
1,-0.0708234776167348,0.022971870283209628,1.1648443836844165
2,0.5394533819686309,0.8266196792554703,3.328875826524317
0,1.0793104916881402,1.0042514726655252,1.4143517416856017
1,0.25515784733706925,0.26210572193094667,0.830616322315148
2,0.9167019965637474,0.6757082626381818,3.498567422911365
0,0.969361096440107,1.0293602504373531,0.8551495108255138
1,0.20354019997387032,0.2439111401794412,1.1043722139577072
2,0.8671259867302519,0.7813513159237131,4.881919260674231
0,0.950021004236672,0.9750058604794225,1.2479285623419327
1,0.13122269481361706,0.1411429833775936,1.0055159960804056
2,0.8819921361350074,0.8678442922771292,4.693566015160832
0,0.96189851235627,1.012669404777738,1.0217267155896197
1,-0.1788671237174166,0.3498203109615792,0.8861563026152167
2,0.9687241716742927,0.8606159492229282,3.5902634977449788
0,0.984227367495381,0.9822549949806595,0.9325705207007248
1,0.33572605287925683,0.12244160114606398,1.4378839267600174
2,0.6374712577682072,0.7576140507910974,3.2228826170819085
0,0.9293474983592636,1.0827782744070173,0.847523245877217
1,0.3751442601966053,0.1862837485215546,0.6793693964754615
2,0.6203599593254748,0.6637640438721949,4.834163055404064
0,0.990190841770112,1.0350366894226994,0.5658619663016407
1,-8.18904126749509e-05,0.545810498583726,0.7892597710465057
2,0.6078277565613487,0.7301078732507664,3.284177244608207
0,0.9755046801995341,1.0143212630361316,0.9106020184293137
1,0.21609237202734374,0.17975068840758,0.8945563410690159
2,0.9228228454181454,0.48631216623994133,2.7798498883665186
0,1.0071459798718527,0.995392545092886,0.6842873473582776
1,0.08361556238487042,0.1871649776465791,0.9837333625467606
2,0.5477809311944508,1.1295206402835887,4.770414611143994
0,0.990203308433406,1.0253719359899187,1.0480036440978866
1,0.355885051100673,0.48443173469935835,0.8538300214270326
2,0.9001518423783,0.9223744793895555,3.904904032079487
0,0.8998800816383566,1.0035538848571572,1.0384247504700581
1,0.42813051579991024,0.10623159560627815,0.6316949429240699
2,0.9651777732381399,0.6867508445188527,5.793664589473763
0,1.0205227671356898,0.9997103325977241,0.9843834160215691
1,0.2928618705165561,0.0641198282814078,1.0737943975975113
2,0.9955772669917924,1.0547570774497297,3.197965094204075
0,1.0054013609817871,0.9869042579929903,0.9846669355950857
1,0.14895365986911463,0.19448154645313329,0.7804601580988626
2,0.7611037421443625,0.843415619645052,4.385903883590596
0,1.079621095242337,0.9842338276542392,1.1493447033761117
1,0.20968931072885316,0.08487324796180992,1.0015878496619386
2,0.9132605305284793,0.6636025621170131,4.835426465674927
0,1.0453559494273863,0.9416002714382904,0.9066664270467485
1,0.1797298211177176,0.2761395519258316,0.9586624936229686
2,0.8037171967796246,0.8616356626451066,4.41199197894953
0,0.9724719057910199,0.9952144674865605,0.7363065381935259
1,0.09354918978498071,0.007011192490498697,0.4682326276154055
2,0.794667405184629,0.6968650600455385,3.966046670592069
0,1.062586996420598,0.868076881604408,1.1297208141602273
1,0.06724766170900734,0.041416231521626906,0.999916698051968
2,0.5382315923885825,0.9866014245460508,3.9732971848336742
0,1.0191489464425807,1.0361935831793256,0.8416231721695838
1,0.33434241327565717,0.30175422446893363,1.0702048583133452
2,0.862868730547801,0.8654754381748492,3.6200103428916526
0,0.9379155040798842,1.040386124176661,0.9636515182278014
1,0.32896084718891594,0.3643041743726485,1.2168435146588286
2,0.748453864011616,0.8069070795319566,2.2357083446865724
0,0.9404760833823047,1.0316798914431806,1.2559386251958096
1,0.21409032586046373,0.17291931225205714,1.003799952233727
2,0.8406822046974259,0.8452001171805843,4.894517247187403
0,0.8934261033001133,0.9969802893338876,1.1173800424347526
1,0.21830101497993715,0.3570381557869504,1.2065587362663475
2,0.6401473229105443,0.7249520154097336,4.0466427403062815
0,0.9356322629618866,0.8971503116067545,1.204060333682467
1,0.16697003931939122,0.20434632674157543,0.8637311150786033
2,0.7440736115331263,0.87175423512689,4.193550832872118
0,0.9906595720203156,0.8992020013839861,1.008755731121862
1,0.15008311415035647,0.07411230921954964,0.7926493258722398
2,0.6232207305395187,0.7932790800750931,3.8039137677183223
0,1.0669690932541285,0.979263688060179,1.0882533040911213
1,0.1079161691831797,0.2424303200627268,0.9068664461300819
2,0.5875855265626125,0.8439969830553067,3.24481412760701
0,0.9486943573036347,1.0377296439436692,0.818888439019688
1,0.06449590039831393,0.013217993279043605,0.8651420447142593
2,0.9655056907363778,0.6837646778804642,4.497369974091395
0,0.9982859917433599,0.9947741568348943,1.1463309497147778
1,0.015536417221719667,0.0139530692522907,0.5179797579188128
2,0.8913604016192435,0.849457075868356,3.888169214770544
0,0.9652846672176578,1.0276153143406948,0.9784128782604427
1,0.3938996103868362,0.30035013918144504,1.1890145602631021
2,0.6448050304037095,0.8627639626986088,3.4262012836016
0,1.0285415808109797,1.0255129407298982,1.1849880422382468
1,0.07793768909707216,0.284769096591433,0.6238839956706368
2,0.7697317815217731,0.820141707037696,2.166587949651131
0,1.014596277577246,1.0023595769334195,1.2072250218041087
1,0.05827985159469268,0.07503929169260605,1.142757557030054
2,0.8892534775338786,0.7752326591656101,2.357750360613756
0,0.9894853671974613,0.9702678772778851,0.8479577429727554
1,0.26526515032141273,0.2694005339213825,0.7080905957663286
2,0.6587611813479959,0.6422095772499493,4.005726503300974
0,0.8672194860172218,0.9670583315924209,1.098827577634372
1,0.2005234169312761,0.3234097151438353,1.0360020605136642
2,1.1023519503128865,0.9275053496452768,3.9703124239475422
0,0.9818070178456856,0.9436468111583505,1.0660066071621648
1,0.07242855752401936,0.1635505013369557,0.9229835263188155
2,0.6594077499401775,0.6754011962666916,4.235165445740881
0,1.0104962909076152,1.016074428088926,1.0417034841559385
1,0.3687514479662765,-0.09398100985477448,1.1733584992790538
2,0.6556509991763,0.7039362443052005,4.506929053098081
0,0.9728068319505891,1.0080752137546651,0.8633538983488277
1,0.08353402835301527,0.29398940291402875,1.2488189782045471
2,0.4596704725512359,0.7396356263551936,4.353505037364143
0,1.0475857340222123,0.9734649324892868,0.8234287097599786
1,0.191807142706221,0.449300414203921,0.8847476908064654
2,0.8846566175913605,0.84187380853696,4.700721984205676
0,1.0631706644821926,1.0586307597101947,0.5771088560404664
1,0.26715322429609445,0.5454316405514812,1.065194470583426
2,0.6866184584573032,0.6379741903886502,3.965105445289618
0,1.0153679311460646,0.9950121574875531,1.0535711023328194
1,0.18939364187106064,0.04258334747388315,1.0821309854117034
2,0.9799313824535975,0.6850961465651326,2.376209870802259
0,1.0441387430164888,1.1232012585727358,0.9267522859752776
1,0.43906019517931,0.3161144400171916,0.8780498608447826
2,0.43846690024676094,1.0173987321497582,4.063547341594251
0,0.9691590481108141,1.0228127205073974,1.1431606019717526
1,0.13126806498934904,0.2614046469594069,0.8443017343091195
2,0.7884958907224879,0.9024211322220633,3.681229069868019
0,0.9700913874238075,0.9722043903292843,0.825005513743654
1,0.1546136544129082,0.2739002277743273,0.7164485469762849
2,0.6373892898441378,0.5942472030429846,5.351149728255699
0,0.952586174923337,1.1292890769705097,0.8945245124437877
1,0.2356460528133836,0.3965745128779131,1.3595583007513932
2,0.7891862510024916,0.7707810330408695,5.2652757909722405
0,0.9626806412236907,0.9566440596375173,0.9620911659135134
1,-0.02801737189206749,0.21295495851572882,1.1514300367841943
2,0.6311801665040678,0.8990589185025496,3.3855989064880183
0,0.9160641059265696,1.0306683018847098,1.097231997960188
1,0.2373910763933625,0.34901866266512827,0.9631435319383983
2,0.8561873460811456,0.7220100110070412,3.6242547172555772
0,0.8432826683158167,0.9640514796695341,1.2095662007773176
1,0.2919021920024307,0.12281475034740749,0.8443607075912744
2,0.4579511879038954,0.7939141463976499,4.199839798397287
0,0.9488003501123979,0.9845236499236549,1.0058112259370877
1,0.2337679197669238,0.4581881163816092,0.992621265460882
2,0.6731766759619398,0.9128427378283156,3.773085727356893
0,0.9703431132298779,1.0150878007362436,0.9324096104257643
1,0.31771236440783657,0.33670343989755325,0.8567931147544096
2,0.7199350753673386,0.8937081312891294,4.311307965366274
0,0.9319660778005577,0.9955454242381203,1.1121182335690865
1,0.12467298626504376,0.045294615900341895,0.9099380374146011
2,0.7442342976473065,0.920406128107071,3.6247040698421475
0,1.0321652252578402,0.9829645058873011,1.0386695585259724
1,0.5311537889773352,0.10923663343618119,0.9111984419361898
2,1.0581302931591712,0.9032109460482441,2.8999258567379362
0,1.062434252281015,0.97201749612463,0.7889543227864616
1,0.28238354159795065,-0.23592395388788912,0.9999503316851859
2,0.8101793527818236,0.930675791294049,3.959686264042329
0,0.9453723645665371,0.9638741832726199,1.1571756081641567
1,0.36324913763936334,0.44976878160960143,1.011222671947301
2,1.0778722901130964,0.607180178104298,3.567709723383835
0,0.9954884312270856,1.019450138904903,0.5650366805109035
1,0.45328734731623216,0.3558540255234286,0.773339527540662
2,1.0810534703948882,0.8722517699819217,4.319226546044968
0,0.9278270300054459,0.9673301405739091,0.8856929694373169
1,0.397122617447342,0.2843418105779716,1.191816648065776
2,0.6058988846381517,0.8756194605053551,3.6711300233589244
0,1.025372552665923,1.0140541580560083,0.9400246073131668
1,0.0299007552606656,0.20988541455511625,0.8298873785115989
2,0.9755544049390226,0.9437737232288752,3.57062361234951
0,0.9650789315586188,0.9321944251345252,0.7864497509603331
1,0.10338693570231149,0.37061256378754903,1.0198339312980238
2,0.7327722457105216,0.8585736544793874,4.807495782052893
0,1.062705926871432,1.0657365214272303,1.2141203451708569
1,0.1656501858312002,0.016095873671648747,0.731039085080852
2,1.1298811704808753,0.8529360829390946,3.938700694189889
0,0.9513455219953436,1.02614992893753,1.0597358682209594
1,0.3016356308299635,0.16498588708143083,0.8455779457846041
2,0.7636222198285788,0.9401427656102233,4.324111800089883
0,1.0122695744892523,0.9961945376010194,1.1341351322830002
1,0.31393798749996593,0.3651894794159688,1.3812532204904089
2,0.6818437851515633,0.6475550346255273,5.132460229871183
0,0.9656205316847575,0.9520752288378787,0.5990861880310743
1,0.21085659653155744,0.32387798293258324,0.8704093155651857
2,0.7041336062193324,0.8805139484558913,4.5262077361480735
0,0.9221442251067065,1.0464955899182151,1.235929329794659
1,0.2762824993859968,0.16898135373817275,1.2574884008630403
2,1.0633221563041984,0.9828331262703986,3.671996767057021
0,1.101888490002857,0.9222790799361721,0.9213026224367964
1,0.09864820181558419,0.18694154228870408,0.8232771034010226
2,0.8146729635986252,1.1076371265546237,4.012836647497262
0,1.0788081361914243,0.8586123460007229,0.8305618379862085
1,0.15482701224443016,0.047319306970937336,1.2281194841829737
2,0.5824391928505914,0.7785122232770668,4.36036230395464
0,0.9189875077128717,0.8664226401566517,1.0670830230990882
1,0.3601209732216645,0.31932312542496255,0.6723602128881664
2,0.9041225762253249,1.0145773455878384,4.254125414835774
0,0.9525830099268081,0.9889591822931159,1.0417514484213055
1,0.36686751468542167,0.039515254896311025,1.0854765738407819
2,0.929353350975124,0.5889115074887699,3.6483671579114576
0,0.9566729386960943,0.996024885453458,0.7463911548842029
1,0.5764796382485551,0.3163556998204536,1.0344484665337625
2,0.8321269192785847,0.859999626825745,3.5273188187564495
0,1.032495727568178,0.9716116187752564,0.9099754726494291
1,0.15818893887807858,0.011435286279960766,1.2034189624359761
2,0.6076997178583324,0.7826624706762193,3.0371057954227845
0,0.9580034562610981,1.0554285627306623,0.8935801942398477
1,0.2848050916852759,0.3166731943672,0.9855778813335836
2,0.26027644894187285,0.9116362403099527,4.910681396547789
0,0.9883690272754976,0.8822084439511895,1.217009812188819
1,0.06658069936168248,0.26874267826335074,0.9322244112666487
2,0.6089402711519698,0.9983155175427143,4.2584724537100875
0,1.0350330067951972,1.1155903488830363,1.3029712710446963
1,0.3380793459067343,0.42439360764388323,0.8286103860473656
2,0.7939301527191485,0.839515127830853,4.99724429511701
0,1.0626239740955852,1.0456512583452118,1.0463714307239333
1,0.03773542622886347,0.27707201588216723,0.8813031133053283
2,0.8706046558871487,0.8110900635823103,2.5328446444233252
0,0.9801220444280272,0.9555786658490628,1.1911974988652794
1,0.25766526824664454,0.11008118594727465,1.0533205956800096
2,0.9817760884550223,0.625917537340331,4.049124175972775
0,0.9891291377331667,1.0478392731772666,1.1673629840738338
1,0.22631989584480483,0.08925883289556998,1.0578272639138087
2,0.6821332775217044,0.9438501531272314,3.5722539760027043
0,0.9473318520214566,1.029699048771794,1.0154397710212741
1,0.45434977695277795,0.18141083819132794,1.111043976071966
2,0.7861955120267502,1.0486551550103498,4.703565445590196
0,1.022887624320054,0.9747899096911203,0.9371499599020853
1,0.4373389479874139,-0.041511863145815786,0.9366226527462697
2,1.0208860181715118,0.7618808000359626,3.364314194812331
0,1.032004247700645,1.01205878261654,1.1682976463700305
1,-0.16502300661282854,0.23807947554861375,0.9670930118428732
2,1.0436741116326882,0.630005895249392,4.714020575905264
0,1.0760842785318314,0.9696047544851322,1.0982619944753784
1,0.2873911379339251,0.2951106337812884,1.1847966078351493
2,0.8902889543901126,0.5833810567949519,4.9179609132649835
0,0.886555746542948,0.9727694192766311,1.1156370581472328
1,0.38389484540185576,0.07273708469510728,0.978678197530049
2,0.7908894062390343,0.9436173025756237,4.8121601300629155
0,1.068174408854367,0.9587705733855221,0.9339941137625477
1,-0.006458785007778828,-0.003941132696110655,1.1089970843807355
2,0.7146793416460426,0.6270178651145365,5.347795448717229
0,1.0753864628961287,1.033457490394909,1.1977031649251337
1,0.35145535666465255,0.45826056334203763,0.9938363165356732
2,0.691851028356063,0.6440254618685647,4.329895484239118
0,1.0844956983182243,1.007197556471347,0.8814023524723075
1,0.08609550951726974,0.25683080363057026,1.2514951227327686
2,0.6765043087804691,1.166134731753043,3.0465053087930274
0,0.9808885800324906,0.9977530961307431,1.0301644480094614
1,0.16279220687725232,0.22890947698176276,1.3638758083808409
2,0.6536075170839002,0.7847483240422707,4.134685257060978
0,0.9983199913104002,1.0322176354271604,0.9402599790773839
1,0.30796799281682585,0.4340213417182778,0.8717037366029305
2,0.9160866152978372,0.6957485489661949,4.40454642928387
0,0.9629299432368174,0.9831768298563683,0.6998473159740651
1,0.3011560313580215,-0.1578060920132645,0.7268304026896778
2,0.7061061736969685,0.7927310439171672,3.34777847059943
0,0.9863218844821277,1.0286317916341972,1.0639267494422195
1,0.46468295268629173,0.12652083146856186,1.262811181912617
2,0.7134270373662985,0.8065875542368557,3.3220372191158947
0,1.0504861900322433,0.9968161045068588,1.2912089271650784
1,0.2227607557556415,0.15512051740063548,0.6684461856420405
2,1.056041558120387,1.0469737367231178,4.367090154107237
0,1.06927893027466,0.9752615427493347,1.1289589952211656
1,-0.058388995249210596,0.18516284030734861,0.6142123212499757
2,0.5780709294632973,0.9691564951712388,4.998009025608907
0,1.0029749530639884,0.9841962955151349,0.7732216813290954
1,0.2260727775236548,0.19247459623050311,0.9744644612911801
2,0.9385232813097316,0.6372403138395949,3.5893877265827143
0,0.9501150310746275,1.0620355433809854,0.7541968286544868
1,0.33567117394237544,0.7183261802680347,1.095647866800839
2,0.846365095283575,0.4803784177479684,4.678672157626167
0,1.0073958916314882,0.940482677148959,1.204215334029851
1,-0.03777759633243691,0.22437002232738354,1.096823214108195
2,0.8226551865689135,0.5790444329883767,2.1339148611157848
0,1.005160434418098,1.0021267907317628,1.222868386083762
1,0.14946370057658587,-0.1338082219345028,0.8679924213552271
2,0.7232628054820559,0.740328259733457,2.2937976531437876
0,0.9432852870958314,0.9837036889211108,0.8065865645065664
1,-0.041852648500780965,0.2785422357622678,1.1871156895328465
2,0.7444432682022792,0.8637086765126814,3.8788115874011844
0,1.0562246728977573,0.9421262279042205,0.9699462880337025
1,0.47287289233764873,0.34762382086207083,0.8908792155145907
2,0.8714031096183319,0.6376541098229251,4.737411955281434
0,0.9321922865908159,1.0756729238018594,1.314506649429993
1,0.35587328614359215,0.7453191869527926,1.064050842259599
2,1.0043149551756825,0.8232240603775992,3.1037497331000057
0,1.098699759043664,1.0411321522563528,0.7978558327893976
1,0.11656622803385631,0.453772801506799,1.041379942604622
2,0.7620706926506001,0.703091222142533,4.560339706899886
0,1.0077174637635757,1.0063368737661476,1.3154056096195352
1,0.12421307327912272,0.146487280957912,1.0237641703688383
2,0.7610291784779263,1.0443343259084028,4.64438172957423
0,1.037783678753757,0.8974984302589056,0.9890236703759809
1,0.03244228315311426,0.3411931263211967,1.0413967931783075
2,0.6749765890344699,0.6621143114770092,4.855400122815944
0,1.0465944523078456,1.0084914952017485,1.2857789524096161
1,0.1485270016573339,0.24091379774964689,0.9504837615915154
2,0.9299276907073921,0.8252210383481045,3.8509390787633757
0,0.9305059972511328,1.0443153169320258,0.9861514924288839
1,0.25742570040915363,0.25771751205998783,1.0203240109159277
2,0.9851458503897753,0.7852276478258644,5.236380601490821
0,0.9294305784026935,0.9963634864738462,0.9926075338173228
1,0.3357188668118855,0.16452637169879403,0.9414463247278094
2,0.6328451404137029,0.9779946437492435,2.7107139010593326
0,0.9412196684526271,1.0433109142437973,1.0691829646372661
1,0.28093027472181137,0.15287307284428484,0.9154720861124992
2,0.9239266310775527,0.6042301334954223,4.993343705766922
0,0.9365716757111526,0.9793906418939606,1.2188335102519932
1,0.2426329248951232,0.16403416367737236,0.8033171063594313
2,0.9013424358717023,0.7489189469334512,4.793263039033156
0,0.9935413110606761,1.0214653096343738,1.033435558777882
1,0.18751173753869815,0.15856120758441355,0.8950804998651799
2,0.9631003549236027,0.576619451483976,3.6977175023448945
0,0.9353015812572978,1.0265964957329767,1.2037807235125841
1,0.058756736088178996,0.15455199835452837,0.8740228714919969
2,0.927381028068588,0.9707176729793595,3.7254113493669254
0,1.011319862620288,0.9769146530800492,1.2270182037608024
1,0.23309437187286391,0.0965343894194617,1.1216187227824115
2,1.0317661325713918,0.6893562667240815,4.377717898056177
0,1.0508757017162578,0.9732987964738706,1.2071201349366545
1,0.24789315812878215,0.43870383892759424,0.9300065594066844
2,0.926531175165024,0.8752722662573886,3.7461144159220967
0,1.1512637501054626,0.9785014514592175,0.9753065392458528
1,0.35720000659875073,0.21375546107163232,0.9694583004106926
2,0.5189346932194363,0.4727146190274461,3.6395546725000023
0,1.0353276578283488,0.9806272690230028,1.2116310307642604
1,0.6848009150798435,0.33880018085685937,0.9822485919096442
2,0.7229660972755275,1.0316592869641295,3.3765966956568554
0,0.9983260925431775,1.0089704941599857,1.1639419757866987
1,0.2879747757441342,0.45673035465997724,0.7781894371367781
2,0.2459033236573126,0.6970163137740497,4.657424295571592
0,1.052677453536932,1.0743841601321173,1.072697532727311
1,-0.10158348262370887,0.3441131435166484,0.8905851561615321
2,0.6627883484536707,0.6778482908064375,2.5034163659831705
0,1.0063600670318624,0.9899915786241381,1.3988704290608962
1,0.13189295647012908,0.2958223056550391,0.8967993759292125
2,0.8273070500611659,0.9768130363686091,2.685086368016635
0,1.049984652126567,1.0157943674311662,0.8827352762503208
1,0.29774488545196565,0.3868720010662293,0.9108035674275361
2,0.9741979253758395,0.8509798518840456,5.287492524442226
0,1.0285588793163871,0.9337435297496384,1.5151136181797904
1,0.39300624806389706,-0.00692796148775543,1.215046675722189
2,0.6915487059146712,0.9227741106369011,3.806722490653594
0,1.0222441439345675,1.0059055102088257,1.0373375711420878
1,0.08434675748780338,0.19459466697455108,1.1856541400236438
2,0.7787201421795864,0.8935362518461205,4.612552901874402
0,1.0803576853532137,0.9972258145411909,1.0344531932002525
1,0.17016670268972545,0.17294123064082897,0.8550543258983357
2,0.6945474855363569,0.8899716219752802,4.558906712987833
0,0.9040682260395916,0.9905024729947364,1.259727853689522
1,0.29560773476455776,0.1929830769891714,1.2538334020202535
2,0.9894816081248062,0.8608070538307299,4.536157958587188
0,1.0022282023693965,0.9200024495276673,1.1018253270741165
1,0.07565779105903897,0.08173201193574009,1.291416641553257
2,0.9883404409862365,0.7671797844978692,3.983326029338672
0,1.040175198826217,0.936549256356963,0.9622934949775457
1,0.07805198061636168,0.3614131038816765,0.5369277268476748
2,0.8901772618848875,0.7987214421024363,3.123000297975594
0,0.9822636467809464,1.0839473976938532,1.1092195765499486
1,0.12245175802089765,0.10891545667005324,1.0101888011048505
2,0.9236061905158454,0.8297596450809133,4.922950028716971
0,1.0312801889639729,1.0161111877097362,1.0486240022705353
1,0.4613260096667128,0.5289693399448505,1.2605431781982317
2,0.8579153558814173,1.0249327747571615,3.2994186387347892
0,0.9650665595298952,0.9975390608179772,1.3026128026086825
1,0.23877081558490185,0.40477445562411984,0.9723749090936386
2,1.038396198384502,0.6113028881294086,4.74547944865041
0,1.011255825161819,0.966327670386253,0.8496248186602763
1,0.34425071317327305,0.30494977210784624,1.2354803561491543
2,0.7472634808185877,0.9748161740229327,4.68296416883657
0,1.0559044444936356,0.9875809697064905,1.0505787752765847
1,0.2946676794361949,0.3208371718656089,1.2127090792959514
2,0.7163066764727511,0.6791393010885418,3.2547156442286376
0,0.9195961569191824,0.9154784706414648,1.0010645515492744
1,0.39031845512593155,-0.002194485239895849,1.1890110590676999
2,0.9529102518345686,0.7731993123301126,4.100697208284012
0,0.9520784635429612,1.067326766034421,0.9866572996263383
1,0.2186378771220748,0.3450114762358341,0.8939163670767115
2,0.9169900090217343,0.7578098786931468,2.46438481714939
0,0.9921778236673673,0.9180840341436852,0.9634617796811671
1,0.04531052082663531,0.27893943614499,0.7221762019400682
2,0.8974345572719675,0.7731417298732088,5.014917804720655
0,0.9814352762888102,0.9657663037622801,0.8070147007803535
1,0.21066026916978706,0.24945516722334077,1.2135529946773378
2,0.6826560561756836,0.6545579733564784,3.948450905856973
0,0.9550717806052607,1.0542856733016686,0.6302460816044304
1,0.04469699688997844,0.278089611172949,1.124381067047095
2,0.7597002061933898,0.8565615656943697,4.362590229084878
0,1.0172124563650629,1.0055333969296938,0.9428807984760503
1,0.3664278792937088,0.08902393638841066,1.12182379113808
2,1.0906027785299597,0.9797893480785195,3.0839311239124028
0,0.9675550561130581,1.015270761623033,1.3020086322112676
1,0.09346754596560974,0.4238031283409587,1.0833384372413222
2,0.7511200348171678,0.5429623993968102,2.599448817926093
0,0.9994861460316424,1.0543583285857412,0.505142472665136
1,0.05590779767787582,-0.05670080160698093,1.1441912589510157
2,0.9735587990163119,0.6547229404475017,3.189541115375558
0,0.9711259694927444,1.0271680555364044,0.7550222198624056
1,0.14263895477618055,0.3459251550278727,0.8529036699822128
2,0.8886584000117297,0.5760107962692042,3.7426149010681278
0,1.0795266133472812,1.0131863157660803,0.7678175292407803
1,0.5413475054918375,0.07465092726687042,0.713584429631454
2,0.7350457257514129,0.8482654126170444,3.4529442319219092
0,0.9741020806516678,0.927769683781602,1.1869391655465475
1,0.3225795536141356,0.19790695313664933,1.0935135037596617
2,0.6934304349171545,0.7320286107068665,3.0988386515982547
0,1.037598658565588,1.0115520458157246,0.8789566962203308
1,0.3437318254845957,0.20496289519153077,0.9824643173725823
2,0.4951870179901168,0.7794532132906178,3.900374007284237
0,1.0938218065990288,0.9943853256619891,1.461030662629795
1,0.19587385731712575,-0.025931327731217757,1.082633074585974
2,0.8496981953665684,0.6313921250205143,5.416988951762893
0,0.9690952692438808,1.0647968568513149,1.0289641499335707
1,0.23734360665751353,0.21695088714619992,1.188530149890902
2,0.7741009691484526,0.8005180006305306,2.8743829595367183
0,1.081301759020845,1.013418593685623,1.1647731937120445
1,0.3359975004687019,0.29622116412740895,1.1610396111562193
2,0.5109903630373687,0.8909090333516084,2.54668300673005
0,1.0020259292498208,1.0985495193683006,0.8555892594033983
1,0.03567976848997667,0.254426964927651,0.8131692039845512
2,0.9516844326342364,0.659507795812298,3.5706067310188496
0,0.9545646324594804,0.9875850551657819,1.0376169446889736
1,0.20034578815956175,0.3557074731749969,1.1573976167547981
2,0.5114972718164834,0.979385781547115,3.3411418886720687
0,1.005979431031119,0.9818497283616108,1.2395419682721391
1,0.1973966793823128,0.21350193596429828,0.9226154530962094
2,1.085278000616699,0.663210791833078,2.9670536692992995
0,1.051468300780849,0.9674339837204893,1.193962120986221
1,0.02984619767220001,0.3410873746361218,1.1101960856659294
2,1.0030898011183895,0.6848885329310208,2.5181455726833626
0,0.9641173468049045,1.039989835115113,0.7458245239626012
1,0.2614659352667822,0.38365560601215143,1.3619393663847563
2,0.7473433186732369,0.40941248251106016,5.4368284268651035
0,0.903378693659178,1.0286275677340833,0.8546096407886983
1,0.16310898110004526,0.3595080985882857,1.3899171661210845
2,0.8846365809139988,0.9237002747032912,4.946529866880404
0,1.100535331370092,0.9789644287569519,1.2393725961705675
1,0.20278224460000513,0.3182143719292402,0.8687121907310471
2,0.7907135958086136,0.7958381791043313,4.030487530695438
0,1.075318179399308,1.0131418558276342,0.7706604786909674
1,0.2983273023767228,0.0075212013058818805,0.8115325918345069
2,0.7853725180238265,0.6440752250608858,4.325551778887938
0,0.9453204961250782,1.0113429224158776,1.0687642984467203
1,0.13128529329203203,-0.07981100468611341,0.884682719330612
2,0.7873417131513993,0.6499606403118282,3.050793283715486
0,0.936549738690094,0.9874426430380496,0.942055722304223
1,0.11885258795656604,0.15298521447578395,1.209810960213457
2,0.530504706610492,0.7607255253924855,5.326441149493798
0,0.9653776916323151,0.9960135670218978,0.9868029529923479
1,0.1141314642594537,0.13386524133402108,0.9942631779719739
2,0.6998666499413275,0.7833589840201068,3.295124260769176
0,1.002379814172667,0.994713441377253,1.267972749902257
1,0.14658621946864223,0.1957202723244584,1.5578164475570415
2,0.8388413566930879,0.5792676434677977,4.58539671517602
0,1.0459790023187203,1.009181428945746,1.0610923474675082
1,0.23991266820135376,0.2371300433192513,0.6758897959954975
2,0.7155614716121944,0.779704748378895,4.548684442511801
0,1.011971947109278,0.9973257189990036,1.0586110204114518
1,0.13612931313988474,0.4106303640170684,0.9318571828213971
2,0.9102874563591911,0.6286205221340966,3.8080689735125786
0,0.9953191000209526,0.9636194290831568,1.608295479407619
1,0.4872406721520839,0.29617981014574285,1.176531176115356
2,0.9205343046359301,0.6517643463820785,4.237471322715548
0,0.996063173937582,1.055740788769061,1.1312098259019578
1,0.20264280076068256,0.20537321056117067,0.8683071691742941
2,0.7138503306542983,0.6633508155736338,4.656615884783332
0,0.9726262961114761,1.1003409552524865,0.9310932162853899
1,0.10946999702653733,0.26068985912764225,1.092695347053599
2,0.7906412844871814,0.9950808985401661,3.7538833043334656
0,1.0179194490549386,0.9385985309123326,1.2550678455420816
1,0.2537105220731117,0.03603225894436152,1.0604964227915692
2,1.0660821535205034,1.033709087457566,3.381942652369
0,1.0392992589610814,0.8948883602121754,1.2721426637934754
1,0.3859124045137537,0.1776953583593744,0.821848917933931
2,0.917958334069577,0.9520070468349189,3.2302082085573884
0,0.9540055608044113,0.9900845637607651,1.2349857768431844
1,0.37291510624628665,0.4738942591082632,0.5941267078270938
2,0.7201084618408153,0.7286095624231574,4.604303353166639
0,0.9979376710737735,0.9540735101599653,0.7925885132249139
1,0.37810043739826404,0.026269512286531876,0.9645044383677059
2,0.7584057724664419,0.7757683518298659,4.09162111635295
0,0.9925587938564125,1.1132974116011103,1.1338391066896991
1,0.04805296426638059,0.20936129524987562,1.1876259975986558
2,0.680463888444741,0.9260256824720677,4.902788083361606
0,1.0580324808103017,0.9667769089465605,0.937872211251619
1,0.3339953984041917,0.3170103924681621,0.827199030772061
2,0.3704047151207011,1.000663467793763,4.158426274311395
0,1.0288366949565755,0.9776827731001256,1.1592825261706945
1,0.2483898139819818,0.2644494468495778,1.0095011389813262
2,1.0716376141961157,0.8728005242112856,4.796891607796849
0,0.9907341228556394,0.9886265885532393,1.235917327222999
1,0.3767225799227252,0.3197185268178879,0.6028882225352953
2,0.803122519367206,0.7352425249238439,4.670057460464973
0,1.0760821991791019,1.0375440272622276,1.0330791375786483
1,-0.13041788597393317,0.2582692729367817,1.111452885739096
2,1.0257680554510524,0.698209177956105,4.840105672637783
0,0.9372104135338902,1.0153283558093404,0.9375393371819658
1,0.5881060829346529,0.40582347533194596,0.7527425863580433
2,0.7782635943682146,0.5781580996707494,4.522354027402336
0,1.0583192497691978,1.0192559775218824,1.1786060691742222
1,0.22173888601462688,0.10071339547507309,1.0862763948961085
2,0.4705591287690704,1.0073075022422657,3.6381798136843924
0,0.970855001894406,0.9729797445415151,1.1881692317252133
1,0.13282175360570564,0.11104672496867099,0.7654692900426134
2,0.7644135271888106,1.0642646305594876,3.993479000577826
0,0.9761191358545601,0.9675491162790757,1.3427360855711261
1,0.5152600630421496,0.24897681652887058,0.808991768654545
2,0.8571490456465863,0.800245974240042,3.1414707157985893
0,0.8812623168608738,1.0130159601734992,1.0318813792582844
1,-0.01949311308557669,0.35415359718707473,1.0766678321872656
2,0.6915327251140514,0.6570082262757796,4.626484063389112
0,0.9801346624926646,1.0266906860577094,1.0749774567230495
1,0.28793991621889625,0.09374626451940227,0.9981557851199314
2,0.8876468537948563,0.9358176891741203,4.590706031973744
0,1.0187196645329495,0.971154924383512,1.2382143546705047
1,0.3434862461634336,-0.11554452286452077,0.6798281193141016
2,0.7567388075992799,0.6566854481266623,3.3690190141528706
0,0.9872781789571946,1.0231222039637082,1.1440917828334138
1,0.12279976947913392,-0.1263498302381112,1.042101525186004
2,0.7472178859163133,0.5876828155807995,4.26364648082362
0,0.9650262009785556,0.9294854187338294,1.1248972866008347
1,0.14288356454594756,0.43792141176043264,1.1838104641676883
2,0.6082120061042051,0.8761043805836346,3.289232870551072
0,1.0107204807508616,0.9618396018961454,1.139527780350875
1,0.23559711277391476,-0.01234011994945064,1.424533579425856
2,0.7934064915393225,0.9555903406367576,4.65540580199135
0,0.8989780748325352,1.089916461928086,1.140207448156932
1,0.025641635442143568,0.41895746151619184,1.031612071439348
2,0.6016912317739161,0.5354735291903117,3.629313093792849
0,0.9812099403558465,1.053293101827417,0.9566045684891958
1,0.3083110944763738,0.43208229086625183,0.8940630205455709
2,0.7972847510348984,0.5798041982993356,3.0771864017576016
0,0.9930950431376625,0.9748756655685177,0.8333214154415083
1,0.40760460649271557,0.34253561639071783,1.2898225466204825
2,0.9811032940128798,0.7553612470278691,3.359354356963115
0,1.0007284609952136,0.9789487962301703,1.0720939533779381
1,0.3013349772130056,0.09374031321761489,1.4097201550128133
2,1.2259032082919847,0.8782270461098374,3.937759015262425
0,0.9361235858817581,0.9049440412313617,0.6945002358949449
1,0.5686848950187877,-0.061289647402880953,1.1092014631265597
2,0.8236696368346759,0.9248179116838094,4.600405442653948
0,0.8908221183417663,1.043738513854299,0.926025940123367
1,0.2167137621170483,0.25887676041294977,1.0725215179017047
2,0.8452467929957528,0.7829080297964199,4.186360981730524
0,0.9988259934939077,1.0161970042147304,1.357989476833765
1,0.22055543809576095,0.2634919375850284,0.8512070064968281
2,0.7263314823765672,0.8233105194929693,3.8445770912302337
0,1.0477628713838325,0.9652599376926679,1.077071806934379
1,0.07494573483837685,0.2042329182388755,1.1673156367879014
2,0.9364884454420114,0.5331343713942901,3.6519194712256415
0,1.0610503102321311,0.9469249058117795,1.1431374854062297
1,0.01294719997187943,0.4237549650751266,1.1599308549009748
2,0.8957601634038248,0.7303242480584042,2.776142500569719
0,1.068216632960389,0.9268709096513676,0.9981722286689393
1,0.366969945086952,-0.03378574285677108,1.0093757645541492
2,0.8685189811775135,0.7984238797692824,2.7493970085636943
0,1.0611114155227834,0.9635487624210374,0.9613395663885953
1,0.2773924787919788,0.14664014566609615,0.8772177758949391
2,0.9091852607477282,0.8514107332034448,3.2713088973379474
0,0.9407457823585408,1.027960084893614,0.9742136478526543
1,0.11463380154053819,0.11148809173742824,0.9015941371519687
2,0.8247092447893825,0.73367390452405,4.293271740946022
0,0.9141157677996928,1.032170291686568,1.1328201753812657
1,0.03721220550119231,0.3097285187372127,1.0461920338613313
2,0.960994605431782,1.0754311496779814,4.897599776069331
0,1.049273990154085,0.9810441227261635,0.5278119456261241
1,0.024652052287212622,0.33716308687245866,0.9573921275443922
2,0.8442398579401081,0.827787063238573,3.3519998167188163
0,1.0735508398917366,1.0441321086875535,1.3528858246894855
1,0.21027968045376064,0.36335718482128576,0.9841726475402987
2,0.933825218460361,0.8719463647495576,4.087932286405568
0,1.0761186686963846,1.0293796089395948,0.9814845847911547
1,0.28076355714380463,0.3347109448353671,1.0256295876814017
2,0.5861996640665327,1.040742730338633,5.005970705688089
0,1.032842032975286,0.9152661314386109,0.751370991305192
1,0.39172035186169946,0.20684970324719776,0.810753558677242
2,0.6248574998612926,0.8478430619470542,4.225427048318972
0,0.9620782495790747,0.9088174939217222,0.854092463683469
1,0.08047209854712288,-0.12082351789980922,1.0717463555868827
2,0.853090758785482,0.8620498184080935,5.113839207122019
0,0.996880261038003,0.9340730892389341,0.9570212789471327
1,-0.012784980823954045,0.1913943634834977,1.1824624249304516
2,0.8511403036866666,1.0187173828876859,2.7776637723152326
0,1.0348833539632094,0.9963484651023801,1.1294852126917359
1,0.24275616493547103,0.1925779692198008,0.762359873446226
2,0.6969304989414785,0.8235618058225904,5.655241623783425
0,0.9883482439697227,1.0065968443103634,1.102497822828321
1,0.08963437263583789,0.057233539687025076,0.8610226122503152
2,0.9894209873962431,0.7356708998330627,4.403018888036035
0,0.9864124400670374,0.9946285937032857,1.2631533373834214
1,0.0983188536520379,-0.008597592302510476,1.0710920309690704
2,0.7947027326628643,0.8315659817813335,3.7943086252011713
0,0.9593000042821055,0.9767140315822974,0.5678694756131315
1,0.1834168868549957,0.12564567808720986,0.8781901825855345
2,0.9037283316504611,0.745342323218906,5.126129246634417
0,0.9509400917871821,0.9373312728659726,0.7210048131836473
1,0.3064336328174992,0.2629674610722956,0.681142808378796
2,0.6745422430046419,0.8920306650024505,4.609639518718198
0,1.0113937053695239,1.0089232271533783,1.0736127974355891
1,0.28041471899291126,0.12684185044485602,1.015729867670026
2,0.9472414833161412,0.7702413061514245,4.671577078437956
0,0.9505957317554685,0.9702772180484486,0.7112903322814915
1,0.2777227556258788,-0.006800935713136169,0.6779938435090017
2,0.8794266641793766,0.7223354470779625,4.37832242987643
0,1.0216572865749658,1.0510932235133934,1.1387497118826582
1,0.01380131503619525,0.12291647503910107,1.2302662844607202
2,0.9368857358392427,0.9879583801040119,3.2729313095638686
0,1.0050384351998989,1.063992126180096,0.8812607720888599
1,0.2792146583365924,0.5097619751548224,1.1233709293445178
2,0.8593487473577429,0.8401601414631528,3.974102580071535
0,0.9755553988179582,0.9569241185765979,1.275861778329569
1,0.2285518771434951,0.10980505454654697,1.0075448640718585
2,0.9057371112016362,0.8219665229909681,4.708954976835023
0,1.0737054145539209,1.0506052579100353,1.271263074577997
1,-0.06452518462988022,0.3448175832307133,0.6230550276858717
2,1.074585114107016,0.7469087514924821,5.347696854611138
0,0.9659872193849318,1.070346335493821,1.1266770750699941
1,0.18013433778971322,0.23484464760557483,1.114504028816215
2,1.00933279958383,0.7400943259977291,3.6024108811347886
0,1.0385133581517343,1.0421307700913238,1.5916368377912233
1,0.09336496647973613,0.26816837314874764,0.8136032583115629
2,0.7507043657426036,0.6656924501795547,2.2003417564993963
0,0.9855008021345845,0.9958333859670959,1.027611974814217
1,0.04376097217573924,0.23198740676810858,0.6467140044183204
2,0.7146154950679129,0.779120890245,3.313091556325358
0,0.9991798326100162,0.9413906185503609,1.2938828339817896
1,-0.06690593274637968,0.25039192421204304,1.1331987423080505
2,0.6786333844523134,0.567230988651224,5.927099804898937
0,1.020478431627622,0.9840754679119182,0.8737640229324992
1,0.33515162777776786,0.14468639087142673,0.997762157025049
2,0.45270079906290606,0.5635906664345354,3.1658033526159253
0,1.014443705731262,1.0209080467188028,0.6333269207426353
1,0.25869728628555505,0.20931790638344358,1.475009640037762
2,1.0409275696991829,0.9059272556246944,3.656638005360692
0,0.8940930715668794,0.904870390291905,0.7533444383024487
1,0.2654145930374956,0.5632549021491656,0.9951959887882663
2,0.8296994923187856,0.6146271995502159,4.590643402380207
0,1.017962514267873,1.0817638636881939,1.227583274955635
1,0.2425338056057058,0.19935754476298018,1.098036682061155
2,0.7346665476059641,0.8595910336510577,3.1942662809703384
0,0.9357745953846075,0.9673424761188579,1.0565068885351896
1,0.32713411279140137,0.44716898032907726,1.3052336794800647
2,0.7063031962403501,0.967248460873249,4.905082938103621
0,0.9714920462225218,1.0717202757893798,0.8623751583686389
1,0.08961239822820993,0.2971328684166472,1.3653104695521283
2,0.9489514538461609,0.9207807390683785,4.554615965670759
0,0.9721501840959194,1.0510293162512878,1.0895357634800902
1,0.23961264137667507,0.10506695892364362,0.9813479553202298
2,0.9724417311433274,0.7091805429298107,3.880184695851187
0,0.945945903568013,0.969845051060803,0.8066441432484986
1,0.31478592583464315,0.33688195161530876,0.8028892951794935
2,0.9080342332489916,0.8897987758390276,3.9184173735334173
0,0.9780642917934643,0.9947766669937095,0.9738104995874087
1,0.22270364769309328,0.20246911717631508,0.9447308759660248
2,0.8969084321777335,0.7966788667151143,4.749586692229256
0,1.075216425845493,1.031181003172998,0.8680021175619332
1,0.1751591010971282,0.15297841960895697,0.7771919600597459
2,0.76430006974141,0.8102808081581765,4.447503449933946
0,1.0096992627522439,0.9661387873886818,0.8543563185195021
1,0.3704646202522529,0.6310777814953145,0.9640998447509748
2,0.6964749814316679,0.781652912745063,3.9821019950352237
0,0.9492484629436079,0.9637510158733185,1.2892613309981285
1,0.26808300103053173,0.3976743028642624,1.0034499158254337
2,0.8199150573962498,0.779428959679396,4.944039575758494
0,0.9874892334643757,0.9704842963840294,1.2065633470210206
1,0.2442834383684877,0.3220372828560137,1.1757981995008353
2,0.5778569468521568,0.6686255257140743,3.433589347658409
0,0.9537605271217937,1.0816148947265243,1.0233195654750196
1,0.5542521604114135,0.2512187438302188,0.8186901618458677
2,0.7492840120030894,0.8002914059102101,4.386957403443217
0,0.9780862576734044,1.0216342486985865,1.1998900419281755
1,0.20034116057245982,-0.21484606146468516,0.8627786396014905
2,0.8720880749634711,0.9658467719978148,3.776487687050791
0,1.0376197165589403,0.9452129651372829,0.5454599724991265
1,0.2526509313862313,0.24011533997444434,1.0647389616612846
2,1.0299785832973833,0.8987444046258686,3.935521885648154
0,1.0160597065447698,1.0133705553234906,0.9844506241728577
1,0.19914991049522296,0.24541120716694964,0.9844448707740212
2,0.9275307985981355,0.9508571702081671,3.9193048598320663
0,1.0658602467750897,0.921261920407483,1.082721701918087
1,0.0954607202250361,0.24255994835634273,1.0835210002498283
2,0.7115399103664954,0.729031035637655,4.670800848967826
0,0.967713779494159,1.1129963145143023,1.3527916954299146
1,0.11251423707994183,0.1768758100587315,1.0565844580045043
2,0.856642542737541,0.9090204590389044,4.647587448765035
0,1.0137984323648686,0.9352352430416274,1.373361950800713
1,-0.02474540395024824,0.438160557245135,1.2244661390857674
2,0.8137085930961696,1.0848906832673588,3.604841673946178
0,0.958313331155837,0.9878680082788419,1.0631813210430714
1,0.0992344692434151,-0.11867419836595766,0.8806052064708416
2,0.7464005729287928,0.7499075071793512,2.0182599424303156
0,0.979654285259675,0.9813414115650293,0.5552355945614771
1,0.45276052397301375,0.31337637488042713,0.9449539440985519
2,0.8191463602247766,1.0241227382616793,4.6194180262266205
0,0.9949642998180879,1.0699941805911832,0.8471803583285955
1,0.11104398003496543,0.28156316663763775,1.286716513526271
2,0.8275339693475655,0.9315551086417693,3.0951181564347725
0,0.9418392296426114,1.0465566591761866,1.1452879086937346
1,0.30836677478916025,0.2976741972768812,1.164724727907255
2,0.8705085538842693,0.8112101554651597,2.7408119418745667
0,0.9857674041557962,0.9467204104301312,1.1633207158733165
1,0.15132792392527872,0.10224738981119556,0.8795037447467642
2,0.7948537137814834,0.7162145954675158,3.8917262907166443
0,1.0895195636315402,0.9297247339563172,1.1822200640427791
1,0.04315125181406529,0.1922578213169497,0.7592517203500072
2,0.9323198723242128,0.9323113899656574,4.508385357960385
0,1.063103106913871,1.0840913145060596,1.1009939257849612
1,0.23312037382109957,0.26178704071030523,1.1388246833069733
2,0.6663901610019475,0.7759613011891937,3.4997159565438976
0,1.077353056437094,1.1642389641042346,1.1046548393152196
1,0.2074186703865398,0.37839701006744697,0.9858195906986218
2,0.7048008673551855,0.8830086347082272,5.208754394357718
0,1.0169050771150507,1.031938175489094,0.9962723126697611
1,0.3450817177974421,0.3902515149798958,0.8281715105932624
2,0.6194806430937116,0.6841507389997126,3.5746685860479914
0,1.0155795065943412,1.0313130972430322,0.9566205641623832
1,0.12779412562534648,0.3522843016198468,0.9319867263038706
2,0.6961567859844778,0.5187414680347466,5.239102286096228
0,1.0213526118810121,0.9920403968367484,0.7857027717789647
1,0.19355248825890356,0.34952316990675325,1.2761614993691912
2,0.7267857163320656,1.1385747997073958,2.7808124562820544
0,0.9967053655431352,0.983246118843275,1.1263591355835876
1,0.28572174906529163,0.039177725889466636,1.128284609408779
2,0.9825005026415319,0.8550892101922571,4.049350131320604
0,1.0712569663130866,1.008709773604578,1.1583260802673683
1,0.1394837518507869,0.23048999160589276,0.9840828228039037
2,0.8007172358636198,1.137092010527122,3.757577679550971
0,0.9565702698195153,0.9925077183440173,1.187505607887262
1,0.21007476831627464,0.17253029124402613,1.0766908790124494
2,0.8458153884462453,0.8316653708359992,4.9925442370847
0,1.0858811403802078,1.073007558243139,0.8086983961461887
1,0.18629766411476875,0.22645748386041037,1.095882893242257
2,0.8199939462379467,0.856269674714397,3.6752693666521554
0,1.0235261218023242,0.8270005023607501,0.5867306287831668
1,0.47202021427981905,0.04702606876796145,1.382486986375779
2,0.8668032202180797,1.0719010069759247,5.708921261671875
0,0.9674120043232072,0.9884343584274531,0.9102358382993396
1,0.23626623751234632,0.09247253431030082,0.6804628810866742
2,0.6650508705224722,0.7078786893050171,3.7600338404527984
0,1.0980213741774425,0.9579390185196479,1.0856107476751082
1,0.2291048736457847,0.14183563073491362,1.0676401131776732
2,0.8164256840200352,0.7357896598824092,4.0072534957009385
0,0.9978691094166126,0.9108757267737391,1.0583499348044947
1,0.3093413416713007,0.14331402085981676,1.0500989645205978
2,0.8941817052709202,0.908484460158107,4.560945800014025
0,1.0286926985082323,0.9677985734171461,0.7231641962259148
1,0.39332848752008587,0.11995806616265063,1.0214414892849515
2,0.7787121668181046,0.6184528429765247,4.78864520548437
0,1.0149192813366874,1.078151265921347,1.1027874537352003
1,0.27137175843101613,0.13062724411259166,1.2005372524397004
2,0.8784955487402519,0.7243227493847186,4.675259072853174
0,1.002626306861872,1.012316057238834,1.174661974617056
1,0.1273025586994504,0.13267631183926085,1.0226406152060237
2,0.775522744011515,0.9477660382300154,4.010505515098714
0,0.9736457170658761,0.9625028994452619,0.8524451635756305
1,0.36456380361693175,0.3648156932727245,0.9728874738434693
2,0.9043219917520025,0.9002049270849589,3.7857006090815597
0,1.0611062145292638,0.9981260362769977,1.0988211324053807
1,0.060693261573082996,-0.019215173224453735,1.0130871529937817
2,0.8149069010041332,0.8018163989726829,3.408039007302537
0,1.084119364695871,0.9652294947238893,1.0555717543907481
1,0.27588222865385975,0.24373553523857439,0.7959851603860013
2,0.7435288432703037,0.941122447460088,3.822585495372424
0,1.0672791629990064,0.9998333722812842,0.8346751086745243
1,0.23495114780741783,0.44048086419807986,0.9791581482824635
2,0.5541593763489302,0.8144981396251985,5.100290166619905
0,1.0149983255985835,0.9588145776804308,1.1691209545475358
1,0.06022395401469913,0.31505952222848843,1.5521783821003337
2,0.764384826902902,0.7716407466493262,2.6649778929924453
0,1.0272827298274927,0.987377326812576,0.8537382417255458
1,0.18855963561725708,0.4812165947323167,1.1182861550536125
2,0.8764704029287704,0.8474148070936613,3.861561984367464
0,1.0081482550687557,1.0068644244747107,0.8546947545189006
1,0.06481251255308587,0.27727954477797606,1.17971659144761
2,0.9526299537571293,0.9378055512139752,4.147240052165878
0,0.9032488820309965,0.9525783689195102,0.9939442467390333
1,0.18723600628935985,0.24539354380206096,1.2231225389088964
2,0.9298470215010524,0.7843254823230513,3.1495726868495084
0,1.0181661076704962,0.9897149965328074,1.0799613747042984
1,0.34189378936090636,0.09809747252384944,0.8389662393689079
2,0.8164177733929026,0.9169107902205724,4.726462715427334
0,0.9661385342109251,1.0362382017299436,1.07933706717799
1,0.21941317076244116,0.38275495940636295,0.6713410438043306
2,0.6701001787423757,0.7266697416064891,4.542068062018714
0,1.020806061685796,0.9844031593737027,0.7309020557915555
1,0.04633711629157014,0.3522379756036432,1.0857052605974176
2,0.814963008598044,0.702996671630172,4.330644378985973
0,0.9127013186077373,1.0899007777449148,1.1720910528447284
1,0.03714760572914502,0.17493723690361535,1.0172812669165427
2,0.86583305923974,0.796367899736081,4.94609586511613
0,1.0181340495215019,0.9542785967149422,1.0873042697510753
1,0.4218472116630517,0.314131504092131,0.927166618984425
2,1.0051722826789367,1.1416483590000517,4.525322002199998
0,0.972175831373057,1.0166444903424574,0.6584079969006094
1,0.040095102954991746,0.3291913320537655,0.844025232283589
2,0.6561312727114099,0.6051730270770165,4.549632209871614
0,0.9856790667899059,0.9725636363964731,1.0981875900016567
1,0.19559343595317163,0.20194642879580782,1.102346232941174
2,0.8515742724761294,0.9311968388427434,5.091442800285131
0,0.9919342035486224,0.9942915545252379,0.9857008137640095
1,0.43794911222882,-0.160902954079848,1.525422166658009
2,0.5672789747833942,0.8502205722649737,4.428354033157622
0,1.0085524834087178,0.8473580780423712,1.150369223569828
1,0.3933680026543507,0.3895778350516892,0.8710681268084569
2,0.8630562732861766,0.6855149395520954,3.926043116125766
0,0.9360557071917173,0.9920056640675207,1.1293592536303316
1,0.34080858416692433,0.38502630671733584,0.7866563867682976
2,0.7715366479697927,0.7675762436893859,3.3825508304939462
0,0.9922073205814373,0.9467261781379828,1.3927518534708645
1,0.11138284156438345,0.11035711113329964,1.024566142910903
2,0.9618669502298389,0.9395827559211298,3.327132229654797
0,0.9340018493839514,1.0591748598738648,0.9374733927254284
1,0.00333538081243015,0.20748409565300432,0.9115613908394804
2,0.6443283060332188,0.9674876662114975,4.023094388299031
0,0.9810668028778022,1.0349561788736306,1.1027348476279615
1,0.22066860994266724,0.0046130438678080865,0.8405662918848418
2,0.8897305215777274,0.8108219531580304,4.427892820619833
0,1.0120030882870934,0.9217642523870163,0.9859314992602045
1,0.3545466913378914,0.48662312775325733,0.8645202583469993
2,0.7075035790949187,1.2146111643187711,3.4987594638934416
0,1.086518963145835,1.0515957046112316,1.0575458765210537
1,0.23852959579227923,0.0814227673917199,0.6177967071636218
2,0.7550264800839506,0.5267397619877117,3.763474785529715
0,0.9826133815267529,1.0450206662448225,0.9076937033160528
1,0.09295559422907604,0.15702157744171355,0.9262244810007673
2,0.6962020034862467,0.5305353045008105,3.501915007639232
0,0.9925761581920721,0.9745392213740268,0.9227678888724423
1,0.42866991746066796,0.18135205812099892,0.5964106382439889
2,0.7617783118570414,0.857414528078691,3.0005024486999745
0,1.0757427953003222,0.9166107930052543,1.144955176232554
1,-0.04124275624820156,0.35963021315894284,0.7442365404787732
2,0.9212716629024653,0.4691868935908982,4.42815714221388
0,1.082609621931689,1.0664883539904484,1.1079665283837914
1,0.3569668064048845,0.6174253800415942,0.9465596782557573
2,0.7021886559327001,0.7520629934662293,2.932738295296646
0,0.9504601631756233,1.0315064449746787,0.9671893965793995
1,0.11152678910935244,0.1903312043585435,1.271472979445986
2,0.8679613958961039,0.7934277630297552,3.7026237745551676
0,0.9656065045317428,1.027705661283009,1.0652636921802585
1,0.21911219284915467,0.13458476397192282,1.027689200360814
2,0.5815324020822469,0.7222962696637745,4.5575732895340035
0,0.8288577064611831,1.0550415799652613,0.7909184602611525
1,0.20174251238055385,0.28699685720216367,1.1892703586444615
2,0.9349229660308044,0.7149673052033748,3.137860714948849
0,0.9882825452315891,0.9499349392977742,0.7959806245588471
1,0.2644824857302134,0.022473404713515166,0.9767675661951599
2,0.8845656670216168,0.8024022309857552,4.663329734315896
0,1.0003559880887531,1.006581122557726,1.1616645118311486
1,0.5558518126041854,0.11358177682004099,1.1341679764991404
2,0.9705021033468162,0.9674180158312919,3.1187236939002982
0,1.0248140262643655,1.0631284598378026,1.1530967355115953
1,0.23856024324023004,0.03605806205404208,0.8532994461655693
2,0.8554502438968754,0.7772146261698607,5.880792001912247
0,0.9818021288134973,1.0383347525272115,1.3042092261791591
1,0.08860007553065974,-0.022332211393197077,0.9045265160942297
2,0.9817000070102595,0.6422427084800588,3.0699537561430974
0,1.000183975923455,0.99948334774673,1.17668971893656
1,0.23752969198322854,0.13268274920937506,1.0898660665353206
2,0.7169760333444221,0.9659446968583993,3.8025594366756894
0,0.9961567068180053,1.0604890030105272,1.0041892943586148
1,0.442569380311766,0.021644682670965337,1.0650484495288515
2,0.5980704152901763,0.689652502953529,2.9519472723947304
0,1.0694656272434013,0.9903203368684939,0.702593537489075
1,0.30418654668698103,0.22081570383797922,0.9307705598222016
2,1.0754058921228749,1.0256665966526815,4.072653984361301
0,0.964928901030747,1.0194557850568355,1.306297016122682
1,0.02016721489095183,0.19957464269481828,1.0274235656552366
2,0.9728375957472485,0.9101816116976952,4.160377450886687
0,0.9881487983324542,0.9933458526502144,1.0288422810491182
1,0.20874145701532318,0.4671682694346892,0.6853222185207151
2,0.7257809217919723,0.7919624142307595,3.0925799355992587
0,1.1078921831404551,0.9491634791954295,0.7333561639437765
1,-0.02750391621996881,-0.05446881119134461,1.042609070362361
2,0.9064745752172191,0.6127183367730628,2.83646583757202
0,0.9772670526619434,0.9203427870442361,1.0510355507717448
1,0.15595458946065804,0.17618079397097108,0.9865716043973979
2,1.120773346949827,0.6961723407649658,4.326010494162817
0,0.9542703603207643,0.9275193035504832,0.6707094535520326
1,0.057028613032703956,0.3823378625938302,1.1718765449315693
2,0.7142008305556726,0.7352416582089709,5.040988828202157
0,1.0306209093593972,1.0263298907273077,1.1314820474802452
1,0.14655512570274512,0.13632964075306425,0.6465820368937616
2,0.9431424196234814,0.8775208604806216,5.468419379127733
0,1.089937362986833,0.8625500868769362,1.0502460282559807
1,0.41959666559838465,0.13383564581726862,1.0650264964526035
2,0.7909813734989373,0.5849520350433981,3.856444877535929
0,0.9771708504712765,0.9899475027127307,1.1042297497971474
1,0.2165696745084521,0.1014664907510582,0.9410345194971962
2,0.6441985859892239,1.072187857739102,3.858724609174814
0,1.0799057693152276,1.020622063347693,1.0909735422294229
1,0.15193600372495833,0.2094482339331572,1.0069461637586818
2,0.7128701129569054,0.5942445622354887,4.170870448159471
0,1.0056229585337306,1.0783615215527815,1.1641910281579206
1,0.30741974568594976,0.17892169064566138,1.2605259037275154
2,1.0901824569614638,0.6615847096260399,5.059721925958096
0,1.0242909476815232,1.0100042752545693,1.2553745698769763
1,0.5328616375513822,0.37626820302232766,1.0227122303864398
2,0.8914893281774954,0.4864053411019175,3.2572541743166363
0,0.996656694424393,0.9941915247691018,1.1607735054301789
1,0.2532039816570133,0.0879456587170362,0.8398760581336229
2,0.8483171990552959,0.8479311180364979,5.957043544779086
0,1.1050608948948675,0.9677779298549033,1.3738433671461636
1,0.010852239050793633,0.1946677731306882,0.9906087999914921
2,0.9857445204183015,0.8653758141780313,4.016615607415866
0,0.9109059622278082,0.9890496737396801,0.8947281971717518
1,0.3836645005856041,0.10545634898102241,1.2305224688921912
2,0.9320300424601939,0.9311260856974519,4.593175552372256
0,1.0082653746362225,0.969830533022179,0.7484050353995605
1,0.1375016844062269,0.20430144444988957,1.1627566536744385
2,0.8686103968536139,0.8211576350178257,4.066447503007705
0,0.9373412201714978,1.061240326111888,1.2748067196426225
1,0.2436767378034001,0.23818347148620886,1.196564577212989
2,0.7180632116570093,0.6670382849476274,4.01249429479454
0,1.040971836508572,0.936094282356092,0.7430944443933871
1,0.3293956586345342,0.05060395104395932,1.1930392757327763
2,0.7280895972749146,0.5334722791976982,4.085030385529734
0,0.9434683749219227,0.9636988513561132,0.7645640900103026
1,0.03196938754296852,0.15979096927297715,1.1409039213323524
2,0.8276069460201297,0.5893049048162686,2.2945450025626295
0,1.037304740227033,1.0108573691211273,1.306412283956961
1,0.10916711519687369,0.5062974409198528,1.0838676496199047
2,0.8517981290720787,0.8336754134512802,4.206321764285613
0,0.9772104097005818,0.9428649905678025,0.8612338199522703
1,0.43211503722317773,0.1487190125269845,0.8515387259392044
2,0.985128685448713,0.7063061218950653,4.287431644147745
0,1.0466597945674647,0.9389529800636118,0.7335423323501785
1,0.17893603222450144,0.49437134568886487,1.056712223096666
2,0.7938732848109076,0.6590502605532349,4.410388394946276
0,0.9568073041106967,0.9428676557435525,1.1091181232565253
1,0.44667667060627525,0.2438178457698587,0.9270712029024046
2,0.7062856181989409,0.8010191532403715,3.851681238620411
0,0.9078551007231692,1.1007976318483157,0.8846772209127832
1,-0.028138218609696897,0.09706961112337296,1.2677375090711325
2,0.6938745738833338,0.6625815647136671,3.2530954400906467
0,1.0299839040517398,1.0419819387599423,0.7898423702909475
1,0.22150301241638862,0.33142483552583724,0.892876763430115
2,0.7641852111946054,0.79758112960252,4.081905080467647
0,0.9735721323859812,0.9916663346624814,1.0252450273439768
1,0.450819574365744,0.1579299403074692,1.064475413605122
2,0.803177727934072,0.8489241944384496,3.3655271980486137
0,0.994107336264498,1.0255185184647346,0.6941516539531902
1,0.31811803722901777,-0.14705055619339075,0.863573744769667
2,0.7310340865701764,0.7946738241562235,3.0086720227516155
0,0.9143291172156891,0.9953190022638901,1.147453881099996
1,0.27756302672513755,0.29758076062534583,0.9983913036197429
2,0.9148024330937234,0.6964257819308537,2.342030888612771
0,0.92889053091858,0.9214897953838278,0.7978377584318015
1,0.18947049141099592,0.22357543124303625,0.9633964719983446
2,0.9318500986963094,0.6899693209948519,4.4712954667195195
0,1.0610182331862659,0.9879763607961285,1.4181083720427463
1,0.20221154010509146,-0.023624488762373524,0.8789152910001646
2,0.7880548551638981,0.7920108054299654,3.6219635351959387
0,1.0201421247903877,1.0109196104148888,0.953674524486649
1,0.3146141251887617,0.5163731770732306,0.9471417349946929
2,0.6843394388585026,0.3519273740257601,3.847055684183603
0,1.0156998437221834,1.015841628562123,1.1191215686542955
1,0.22399782483387407,0.025136439682574452,0.8617648991803781
2,0.43647408175668323,0.8648464076043884,3.111670602223027
0,1.0212792917296083,0.9795740167845014,0.9729285914791731
1,0.23314968373121583,0.3569691675059774,0.9619003509569892
2,0.9648819585060335,0.8333645768360856,5.203500755234678
0,0.9473743420318889,0.9816723981113958,1.2131991432634726
1,0.3056913829171736,0.30180097860084987,1.1822866638919045
2,0.8415550387093692,1.0585804634382445,4.275454793148199
0,0.984696838655921,0.9207048205166136,0.8099847769396191
1,0.36199601332407827,0.19350299493785494,0.9170691191304341
2,1.06660297639208,0.9089179601877693,4.379845647041272
0,0.9967033795896597,0.9677999852700407,0.9576380646911535
1,0.012852000129230573,0.044891445051059436,1.0386419504488824
2,0.6538578209824532,0.7833131590991201,2.6163594458545756
0,1.0428272270524592,1.0350678110648142,0.6297931585684229
1,0.08139448031040089,0.2185831925852293,0.9416104899412252
2,1.0924432145273184,0.5749021259612221,3.6064526739628193
0,1.035697774474197,1.0055493649858873,1.0870223057716148
1,-0.10855027749697804,0.22277472866979026,1.2168595633296886
2,0.7817304901814375,0.6782476641176585,3.3877057956678183
0,0.9404833393336504,1.0013570605380693,0.9433706281242838
1,0.1959148913841769,0.21737028139722428,1.2592225227994513
2,0.834839945007303,0.8597820111052245,3.5149551916635717
0,0.9848101948240147,0.9916018589934542,0.8573762696528058
1,0.3496049582452539,0.20552832356068404,0.966622503848473
2,0.8813124378173538,0.7031450136644983,3.6399742445566194
0,1.0364207031880923,1.0232876024684665,0.9052677421168409
1,0.47882410225338884,0.1156212279293211,1.192969604073895
2,0.6688930816840689,0.5613498282843449,3.9552780442506106
0,0.941407851542349,0.979977780871911,1.1375858731508033
1,0.11170869353005004,0.2073887465026727,1.313396016403876
2,0.6778616747597918,0.5072576568311202,3.8856853665223907
0,0.9601245839827628,0.9166430640458196,0.9676069728128889
1,-0.04578125189338722,0.35914404300059627,1.1327916516869934
2,0.6466230686960739,0.8230210832141025,4.26569669616151
0,0.9804654511756905,1.0570765494287266,0.6162565651080569
1,0.1420784142208045,0.3543188198073982,1.0921556570285662
2,0.831009695677768,0.6617990854157125,3.475991005417276
0,0.9438321444799959,0.963058497090048,1.0514133466087636
1,0.22941779810179533,0.3928107157920165,1.1741614930724917
2,0.9512813396664329,0.42576608531969756,4.7018246236668695
0,0.9619797697542075,0.9687940270263355,0.6670043137015282
1,0.39923811456440994,0.2669992414999172,1.0532956998804426
2,0.8735903517520854,0.8560956032334756,4.040669015798567
0,0.9095477049500023,1.0139484442863718,1.0466957182684837
1,0.17594278577455164,0.1201446558937079,1.0183591205273492
2,0.8303191641977762,0.6670684707148504,4.390023469706319
0,0.9940079037871177,1.0167467464473934,1.1250085675500092
1,0.1703745741698737,0.2310918164072304,0.8437053782960391
2,0.8475905021715713,0.589104177040416,4.317763424911676
0,0.9613306226743983,1.0174979792065881,0.5837779685203548
1,0.19113934798698368,0.13671312295660543,0.960740967898491
2,0.6055200596342687,0.5963599088277901,4.047525617837698
0,1.1002692401981107,1.0483255421365916,0.7779088848506298
1,0.2067122642282348,0.17302534467125877,1.1702491424801396
2,0.6957476911450133,0.7057756921533757,3.9345785692754056
0,1.0589707992288824,1.0345381048299545,0.8793640119479866
1,0.4771461678540774,0.10566186472234636,1.003130600424472
2,0.5147467328420098,0.9053014488612027,3.2081984563081445
0,0.977485346679748,1.1161359913968623,1.0826940478741331
1,0.1864820092169193,0.2498769718744519,1.2402169658303661
2,0.8872494121950966,0.8270502517256023,4.021231334225469
0,0.9560004369903212,0.9524231682864166,1.2496707430096237
1,-0.08085193463806517,0.4997474124575007,1.093378159299348
2,0.7791316428505112,0.7655328447162025,4.061758743879633
0,1.0684494536675846,1.0308861189664114,0.6061998979647152
1,0.3262215181781847,0.3102886378048255,0.8636288709188071
2,0.5530900984732897,0.9685035208967069,3.9872017250163285
0,0.9787936657472208,1.0133189061130523,0.8934519323159886
1,0.23793881559593721,0.32391202409492137,0.7663690269696687
2,0.5138137500729477,0.9090721308359305,4.2935999147947905
0,0.9426488123306332,1.0151907561579845,1.2181953433281514
1,0.09365517177665122,0.2042405350805243,1.0878939044716525
2,0.7937760990407925,0.7709322310183317,6.113824414743728
0,0.9345117362492397,1.0307735296333091,1.2726249890715717
1,-0.035132953997953215,0.3139240149793576,0.8701420126273608
2,0.8889521210283953,0.8934201888189913,4.5895526759539145
0,1.0218582111629726,0.9471221038483372,0.876189275717003
1,-0.04104556390687927,0.2654459899537701,1.0869159059115694
2,0.6425855114263394,0.6967031197741287,4.258259277472518
0,0.9216671431242385,0.929612211097999,0.9423358779076997
1,0.36650737555901836,0.23198683659040167,1.2240786791267178
2,0.6197479015936884,0.8308950388896783,5.4078551467734615
0,1.0589307084143,1.0072436152223456,1.0867566682267937
1,0.02675369123091234,0.3336235616619432,0.8291034246642295
2,0.8069011080550689,0.8059633959995771,4.383551596107695
0,1.0228162035031785,0.9002707862539225,0.6150354020123336
1,0.16933401096314352,0.036677117023501266,1.1217299936394791
2,0.5969108056211537,0.5093898213387926,4.537508215041859
0,0.9789022677382597,0.989053614984982,1.344465316050338
1,0.13077891349863502,0.42621524284434953,0.8282095975909429
2,0.597981991492576,0.8516757352801877,3.6602178510231216
0,1.0316976946939742,0.8757315654731987,1.0386089896129624
1,-0.020343183207124832,0.28520056677772143,0.6250354910093328
2,0.7200370633140095,0.5950141243076306,3.484369986290117
0,0.997883411475191,0.9450810728446082,0.8958499051313942
1,0.44912779115958495,-0.16758085760070457,1.0580196306031666
2,0.6811382768526535,0.6862259566794713,3.9917673674153393
0,1.0556032756826574,1.0687798463265876,0.8349619485562648
1,0.17434064419027806,0.2453031116771215,0.8278219730243328
2,0.6428233389990468,0.6835184490391837,3.0955235384641373
0,1.0960433779280083,0.9602009362806674,1.1524777514693245
1,0.41136986432315803,0.36283800964479374,0.8836943702237008
2,0.8448630642714327,1.0026250948022442,3.173259124025341
0,1.0224432485830504,0.977761562866158,0.7951234510048516
1,0.20639101973915583,0.2860367517455653,1.1492197076608575
2,0.9019792576629525,0.800051067652293,3.4085354709379976
0,0.963259345874585,0.9327925795633777,1.0880445078495253
1,0.04966486940397,0.47063696402965083,1.3057515108016873
2,0.750844904106725,0.5831318220994586,4.015566952107801
0,1.0709959334363137,0.9608656002641773,0.8610168721743157
1,0.31958537541954213,0.09903970087435758,0.8375749979106766
2,0.7622304327850183,0.7063006413317947,4.285147208160924
0,0.9574361352653966,0.987624636859369,0.8716255538361534
1,0.30392684281748994,0.14467825331892725,1.3813103997083387
2,0.7751027915477944,0.5672586264887871,2.56077422306027
0,0.9171901971227316,0.9256843998484812,0.936994577575769
1,0.31195438619187943,0.20452958225571446,1.0044009214931415
2,0.5495019297149886,0.9980515884051978,4.548726201059683
0,1.0603246503311348,0.9707192958997021,1.1031441996149651
1,0.0566902101987633,0.10062428071692399,1.1466114068006903
2,0.9498325341367708,0.810267774080195,5.20318751819185
0,1.0428906429040465,1.087127883947131,1.0407536894877358
1,0.3622563305515193,-0.1391148914689836,1.1182627893345787
2,0.8194791529975399,0.9190790840305236,4.014974518159644
0,0.9475261452187534,0.9660686734908096,1.0342717146322706
1,0.11051821341238134,0.1492115437635521,0.6460802735575761
2,0.6668740383908507,0.6739441089373839,4.280840124057128
0,1.023821758149353,1.0110683557402962,0.9661623033770231
1,0.03363346657966737,0.12746835169907278,0.9471636835505419
2,0.8836911783806541,0.7240780028689886,4.0251614621659595
0,1.019951716804319,0.9541906057205332,0.8993008224378961
1,0.31776948610449,0.052728645447089384,0.9780571189839132
2,0.8765865162923742,0.5444675054223322,4.023752191124377
0,1.0421887924187863,1.0018328097900397,0.7173516803110271
1,0.28041809381196753,0.1976021566842444,0.8499205237785326
2,0.6578001596555999,0.8225537375751542,3.8198250077362714
0,1.0183181733573379,0.946678716457961,0.6847517767899616
1,0.4040316595718953,0.4370124451454389,0.8217745664329144
2,1.0135493125434767,0.7595146516147566,3.6257280231890383
0,0.9242665090297222,0.9656660153568354,1.2498763770959898
1,0.3863883629894975,0.27862765025602737,1.023103737662783
2,0.9048117111324631,0.9043658547208062,4.155394519009289
0,1.0476312119651026,1.0039820483397692,0.9706917189038543
1,0.20963194278472025,0.23178536257484098,0.9191199034324822
2,0.8145718410832038,0.8247070230837324,3.026644353398612
0,1.061533605349223,1.0489969831624215,1.1008182402495468
1,0.24160327903145337,-0.10344915759118323,0.7785179820699275
2,0.9488526336043872,0.7111216054893692,3.4508927262129685
0,1.0016748459575082,1.038860170748496,1.5112313779650979
1,0.0043969191149073605,0.11025160708983829,1.0028551360815696
2,0.7655678813792272,0.72201045751232,4.590100362047628
0,0.9457509519935117,1.0349508330314448,0.7407548611768651
1,0.067735359965682,0.24106974779785992,1.0962962462493733
2,0.6750054042751134,1.2830617036469238,3.455838487902272
0,1.1219127053080675,0.9831900146929645,0.9519393880046628
1,0.07216490270008352,0.25557117273949265,0.8049589891251698
2,0.8933619620766782,0.6716640737656228,5.181291947444104
0,0.9589578858810908,0.9720654864744436,0.7024552053814679
1,0.13809939947672745,0.504332081682813,1.0084656212065157
2,0.6914247839238693,0.6153053888481879,3.9735770529598273
0,0.9846166738781436,1.006415578886695,0.9154014506947015
1,0.07209215613071837,0.19163087784472352,0.7197419318518068
2,0.8052797118937455,0.5377065703083067,3.1516550265194336
0,1.0303244918722239,1.0102776881651738,1.2574383911872298
1,0.2651944442525412,-0.06921655196466514,0.9386579275932035
2,0.9228716823831505,0.9961284746413152,3.92898095961628
0,0.9157347951060683,0.937175506501676,0.9746795545935105
1,0.469568977846969,0.07790405595531685,1.0621299296900342
2,0.5003881088379876,0.8002286527803942,5.495384998668106
0,0.9585733291108408,0.9578160658211792,0.6420721118815745
1,0.14343409748448457,0.27413061193629473,0.738847853214363
2,0.9789683935266273,0.8743772162462392,3.67282000258166
0,0.9953884655420322,1.02952612181046,0.7761828202091587
1,0.39096064345432957,0.037371836497354594,0.7900215220659532
2,0.7086957429003442,1.0624690161660206,3.418922489842393
0,1.0242877840183378,0.9769375728325627,1.1144895401296238
1,0.06962232541537383,0.3224732028346279,1.1994412539224024
2,0.7697269934280957,1.0773817858657444,3.7957911224155287
0,1.024431552906998,0.9758004829650091,1.0024575893115064
1,-0.06649645826167722,0.2178712376639277,0.8834975515341986
2,0.8825262398191217,0.7238358079238717,4.081008959837076
0,0.9858070136464944,1.063803670797053,0.8338079573654419
1,0.10933333771757449,0.14563959517596917,0.828451716310381
2,0.9528466730972596,0.5192675336177578,4.185158145162788
0,0.9766358580774006,0.9906538054059312,0.9472575806379605
1,0.286523089234855,0.19585311310962672,1.1760000492010572
2,0.8361765339355304,0.616548300338099,3.8538399067399145
0,1.0010842049040503,0.97709488478878,0.6982341721551752
1,0.2945870677091881,0.16652215882351018,1.2608867916987878
2,0.8422368565553267,0.6377269283322927,4.022645334037563
0,0.9456847245822401,1.0095003886575964,0.7802170736231495
1,0.34005363996493254,0.26161803923446003,1.120037848987755
2,0.6589035690247167,0.6983125156521627,3.6120351141337497
0,1.0415409435632597,1.0006106620139144,0.8200129309727755
1,0.4881201066023894,0.14246173807535706,0.8987171813225087
2,0.7511039044564813,1.0572102509248953,5.248402440588642
0,1.0194743915206754,0.9987101823644372,1.110249870305715
1,0.21054617187052072,0.5461405921002239,0.7441384870614491
2,0.6828437994476819,0.9418099610544004,4.212836545580821
0,1.030904214032054,1.0396162419892507,1.2659474399073838
1,0.16553975315295735,0.11753571464448893,0.8637197300218001
2,0.840033458351599,1.0043104446022875,3.616302570247074
0,1.0021084945117575,0.9760950989478653,0.7662618892890845
1,0.3065413256266897,-0.04998675401386851,0.8909220289019282
2,0.9339033607622363,0.8395983539312224,4.357027575219535
0,1.043569576474526,0.9767915277327887,1.1505362625734625
1,0.1976955185920322,0.17375019472393816,1.0062554579142606
2,0.9654271557938969,0.5504572654139868,3.7175254240018765
0,0.9541937157297548,1.0759094674497112,0.77040698117929
1,0.3570209900389516,0.21487867715873976,1.3828881248953757
2,0.917356430184841,0.6551655864153344,3.0811328310260544
0,1.013798954116372,1.0038341741443388,0.9427289649819368
1,0.10353607237695375,0.08657154086189038,0.9310846480333472
2,0.9899887363352518,0.7353413402066903,3.3561044179941746
0,0.844277152601709,0.9786573125795957,0.6961953232743852
1,-0.09634747581937747,-0.0005428349220327477,0.9716653341960935
2,0.6651539082129971,0.9347372928532638,5.345493705004593
0,1.0205172359947559,0.9558579893900045,1.3524113556915822
1,0.5476686188823503,0.18237768599717002,0.8688533739633887
2,0.8955512823886567,0.831120432725403,5.191203142386532
0,0.9857410925434495,1.0240687142913452,0.9053321145649109
1,0.24633235401672463,0.28866224207620683,1.3740772666141525
2,0.7981877540324659,0.6297770994697124,3.9781507091949435
0,0.9759591478744374,0.9893826203880308,1.0586139077541203
1,0.14259171808830925,-0.13138023985617342,1.061496285700075
2,0.8816341677608965,1.0599117034998824,4.531248652157847
0,0.992298215944111,0.962677749206555,1.0713500138614205
1,0.24324300372290392,0.20831008839258688,0.8935620457901163
2,0.5155128593841218,0.7124873187021157,4.6494907093897035
0,0.9721082445686002,1.0420205632856667,1.1733238389342018
1,-0.11228688277672277,-0.06016509477206239,1.0298235477083555
2,0.8690636870398376,0.8320580133499372,4.229919524941176
0,0.8965065799397702,1.0211437374242176,0.8349004990681155
1,0.07365949156860294,0.34925213902074165,0.760750588022494
2,0.7480377271629407,0.9926751570266908,4.322763634800214
0,0.9265877879262177,1.017248659874472,1.0373708868669063
1,0.12927826521770258,0.17728628147270936,1.2491442208233707
2,0.48440508132671706,0.811711303928382,4.662525195529487
0,1.01463774515882,1.0595073264021644,1.201066945764436
1,0.38238578987302035,0.33239135794192765,0.9490615034611509
2,0.7940411151946407,0.5871826074849033,4.355764595591201
0,0.9669794808373144,0.9185484029804627,1.4364560775522128
1,0.28236268131137393,0.2870105365481006,1.2125755743730946
2,0.885853793952172,0.9819794179442216,3.924587028027919
0,0.9404998097977921,0.9893163062100104,0.7211652403988646
1,0.4224610067966641,0.35697365042876583,1.157145951961163
2,0.8861291649111275,0.9801174853518051,2.5591747580989472
0,0.9753947192774158,1.0456352110138254,0.8939855375903605
1,0.29868903965465887,0.1625186389727957,1.0957097397178577
2,0.6663156849139984,0.6890201791992149,3.415045534500643
0,0.9610353450947067,0.935880969167143,1.0487141131384612
1,0.24670766072465758,0.29725981005393026,1.1229156041529647
2,0.6173162723812988,0.6435819532285205,3.672163742856328
0,0.9770419112274997,1.0148944305431855,0.7525773336010455
1,0.024697275165159238,0.1943787607657976,1.0927816534504387
2,0.9693131076659565,0.5659214480109169,4.423291056985386
0,0.947188615278768,1.0237352671912925,1.1917553717931233
1,0.19094405707762574,0.4459076104583921,1.084531103468966
2,0.7323845132600788,0.9179893775618923,3.9128102116232046
0,1.0522476636394675,1.0114695320695661,1.049681112140231
1,0.023192434743287443,0.28237414454111576,0.8511757687538604
2,0.7372884305675551,0.7232179166671076,3.300396022653493
0,0.9227044346231833,1.0239877777462751,0.8393820350718897
1,0.24996797952646765,0.14532108412717543,0.976417007907524
2,0.9925421528820929,0.6569938266296135,3.6752125418783237
0,0.9932652172113355,1.0681682773255938,0.7291996586776675
1,0.16355593383019157,0.2641475194154038,0.8789797724343072
2,0.7431333434542136,0.873782223313708,4.888884634428413
0,0.977283029604348,0.9626872660161085,0.7965038428498958
1,0.17064719750709675,-0.07838091457405966,0.6262380002882426
2,0.6997571540669675,0.7385205681311401,4.951949918438457
0,1.0585998143450985,0.9259111819763686,0.8703756936975058
1,0.15920526952726305,0.3305985632233895,1.0178575360873587
2,1.0326797630300735,0.792506407887031,3.0420093505553956
0,0.9921358725727827,0.9398652913993853,1.2815440471437962
1,0.16687354566367288,0.08041337337763281,0.9250355980635127
2,0.7640253728261435,1.069338558029794,4.416360479723117
0,1.1106489959050116,0.9963026979223275,0.9433952184343749
1,0.23912800083755265,0.24649881267198054,1.271676537578851
2,0.8853820108216703,0.9636905980802283,2.944878711808127
0,0.9922673562188148,0.9679707848722693,0.8508002804826293
1,-0.018108891565834256,0.3908605579983193,0.842579488999174
2,0.9680770257893089,0.774381066795252,4.831666173289913
0,1.0028979834332583,0.9490013298710599,0.8136127091151296
1,0.20210391056243956,0.17509324868641848,0.5781592674484364
2,1.0492312896119953,0.9052049127934946,5.7071009999870315
0,1.0536710823454762,0.955752587996448,1.0809848442576673
1,0.03161611654991234,0.10287919949267416,0.8614993525512664
2,0.6899696988237958,0.6820764880647656,5.278995084595387
0,1.0462823108292525,1.0686838005001873,0.8848563185909636
1,0.30293796504288456,0.10265009477441663,1.0616522401664559
2,0.6975725257268528,0.6604494033263353,3.8789533738909103
0,0.9327686237877741,0.9685394297311297,0.891957616578491
1,0.09484757914822363,0.13511368134327212,0.8518383473384008
2,0.6193098337366155,0.669417693430591,6.170584667165517
0,0.9686462706688752,0.9730832491827761,0.851460756332237
1,0.13451020418798076,0.14598540286960063,1.222192087425815
2,1.0945691891261304,0.7942259233092166,4.580931970593603
0,1.0798205352409123,0.9734048153041084,1.138095947972908
1,0.31900434770158254,0.29139108963845034,0.7853148279548368
2,0.8647186590973837,0.9979713048356222,4.97438377433184
0,1.032150021273679,1.0204426291376019,1.4096310010595652
1,0.07443158471482092,0.4045464253441903,1.3472352693704814
2,0.8681443934729927,0.8011937861695735,3.91593236802494
0,0.9753697713967729,1.0212473712990375,0.9677371716507398
1,0.19351440394491903,0.12136217442826161,1.0515289126213552
2,0.8492411300782249,1.010446140664273,3.468023470769222
0,0.9957218404416853,1.061569037604646,1.1337365509588702
1,0.1699932708308362,0.39566906488246334,0.9093055463986667
2,0.8271101279012585,0.7820712054141437,3.495087993995142
0,0.9988559546708226,1.040389282164051,0.8185708778519087
1,0.08152837837606196,0.38892734401023366,1.0061024669145606
2,0.6874938687571959,0.9050515738195537,4.031919589578635
0,1.027836615854146,1.0083023881896898,1.291833909104722
1,0.29595721036760425,0.10374709142718516,0.9338183691827777
2,0.7442701486578289,0.9400198352625401,5.094919928163211
0,0.9403601056822275,1.03816498279763,1.1859369343359456
1,0.05012048828140481,0.09035587424493573,1.1301859558400782
2,0.8662960029713292,0.9543145189661948,4.945438423432757
0,0.9538271947361121,0.9871946046062294,0.8696038701616354
1,0.15863707198214402,-0.0038942657577917816,1.1468869257652095
2,0.7550580891266518,0.8330605823096646,2.01283295033965
0,0.9895871968661755,1.031298804461682,1.1577157669789613
1,0.3781062807722423,0.15139467334018863,1.0434498362871312
2,0.7084548368830195,0.9473290688885021,5.027974174415577
0,0.928825253215547,0.9729164138165409,1.042721292485851
1,0.18852611058484098,0.3426618080727979,1.1229079310177883
2,0.662085436754912,0.6232571605824283,4.923865373102059
0,0.9189423946493425,1.0251380915099908,1.0569420232745328
1,0.19701495294076166,0.21507611652152864,1.0183114443086703
2,0.6463725135562015,0.4257546797188024,4.627911918218106
0,0.9998555738070568,1.0201205082454876,0.734564190919458
1,-0.01414287305918302,0.12369882323276067,0.9205986305898795
2,0.8041302930614203,0.655382629996665,3.449740755213104
0,0.9579364812351796,1.0481140659379278,1.238681964827007
1,0.2872431969476503,0.28158387171973254,0.7008162052513238
2,0.5803886119118385,0.7873764787139167,4.249032522757575
0,1.034711708597049,1.0842000276087107,0.933112032981555
1,0.030638791047342212,0.012211931721228031,1.2999986090374551
2,1.071695243337612,0.910322876894676,3.1232868676557315
0,0.9847358105232215,1.0133311757103534,1.1214962016298753
1,0.099596210789956,0.2273073377239476,1.0740251104781955
2,0.6637266485587083,0.8058421271662064,3.4416062429784633
0,0.9934758508568048,0.9846522622674959,0.8837518302235758
1,0.23516672541867673,0.05591064004980334,0.8247370898302229
2,0.7358099589528327,0.8724236989408178,4.566195329394644
0,1.0972735997586405,1.024605263406586,0.9295063670750672
1,0.16753953331232205,0.49981441067196297,1.3185744263599821
2,0.8070969771784849,0.34495867080607184,4.763827565503643
0,0.9440184155364559,1.1065333796288295,0.6718929112601382
1,0.5620044003672073,0.216163672206434,1.0253081936563586
2,0.9505302926064024,0.698262856278604,3.300748850391189
0,1.0082632779627407,1.007155527645398,0.7704767888150706
1,0.45093217739269387,0.012472627571538442,1.0034059767471375
2,0.833242912938764,0.637810511551894,4.562893887301671
0,0.9236309470229082,1.0042137418901973,1.3399740881399789
1,0.10257208496456821,0.05007365852387538,0.5805601725083764
2,0.7274669526268454,0.5964737214709794,2.744084872693244
0,1.0025258106103132,0.9968557492224224,1.1098164939004556
1,0.3459437160757004,0.3893456196880617,1.0014917646587658
2,0.7915644819060809,0.8197398383539605,4.807299127015787
0,1.0090966086549582,1.0217531359759011,1.1948291519973557
1,0.13635703417972783,0.050306603056083615,1.0801310305030984
2,0.9650910439706605,0.997633182442067,3.321852805942349
0,0.9492639346487495,1.039894219770534,0.8463632995722217
1,0.46516654077918157,0.2941988472050343,1.1886966912900625
2,0.9467885031655647,0.9850129199780653,3.698698663959151
0,0.9204642665161992,1.0685819961105971,0.8393117953620455
1,0.3597620596265244,0.24301455903656918,1.2619999829897317
2,0.6661197837686693,0.8748853637719239,3.0783231665273627
0,1.0219709584728995,0.987790533823964,0.8525530401082575
1,0.24045360658062123,0.4096280473270705,0.9563976612256219
2,0.9120691189193239,0.9498362419701093,3.7682386632622853
0,0.9242685422631844,0.978528629968467,1.1016719012654492
1,0.27022426380900677,-0.2704745497062803,0.8878468472066561
2,0.9820851378971653,0.7227964656328469,4.793062928419413
0,1.0323720125835265,1.0545139391961011,0.9982559433991472
1,0.1745870024618646,-0.13374129955844738,1.2450619998171149
2,0.7025197274707181,0.8638760982995192,4.009390419953583
0,1.0390076260571284,1.049659871498692,0.6287120238558526
1,0.29976467731789086,0.27972128394664986,0.6702872126182386
2,0.711664628860587,0.8152256674342149,4.716657898773587
0,0.9100483182251251,0.946975937986634,1.0874627472117973
1,-0.055495730450222935,-0.018351568883651498,0.866964683335807
2,0.7770452095109678,0.9109290194673042,5.649342976401158
0,1.0154414918685148,1.0870032544298691,1.0046460760015088
1,0.2171935867952612,0.38707907584481227,1.0370955415844345
2,0.7870086390354248,0.682313859491052,4.077012251289661
0,0.9927230578814839,1.0640012852172924,1.3832312174588566
1,0.25200377886099,0.29651982839001895,1.1183248507178827
2,0.8104458786455081,0.8826176665207539,4.952415994487738
0,0.9180651966930017,1.0127922344581919,1.3311936623395693
1,0.1917555617162781,0.17745465034784438,0.8051465677192727
2,0.8299031092863132,0.7172161131844887,3.716522713036825
0,0.949221469658378,1.011342924739168,0.9316308334451617
1,0.1612131395145946,0.03795665876036733,0.637221854289399
2,0.6542329459445823,0.8277877192862286,4.20101935642351
0,0.9285534057760261,1.0173112258510983,1.4088651710821063
1,0.06750417109215712,0.20238338502361986,0.6855011593436322
2,0.9037418380177024,0.7960639777779667,3.5122678035622403
0,0.9304474462308535,0.9550224945683228,1.2241180864753516
1,0.22741994633092893,0.34924051420943875,0.8793954391875909
2,0.790323916478629,0.8884318187558468,3.399931480274543
0,1.0174338733739525,0.9335965481683224,0.9873525017704357
1,0.052059283432759396,0.07998293157798986,0.7407582592317069
2,0.568758135639388,0.8506603790701116,5.0442778839668065
0,0.9911663735042718,0.9157117039587783,0.9523932865416559
1,0.21313232923039932,6.0381166497258665e-05,1.2315571792162578
2,0.7040725815006263,0.8797622674264853,2.602943068488111
0,1.0339554964446782,1.0434738269698796,0.7618056972219944
1,0.38334151773464187,0.2901058470100382,1.1091510191312925
2,0.7330146951278141,1.0366373355756282,3.8526590907117217
0,0.9830800824512548,0.9437782462997467,1.291515771953805
1,0.27149419077187403,0.09889423269737033,1.0369671784459762
2,0.8666429333753616,0.7143202749161502,3.5739471908725213
0,0.9695125195110998,0.9776399219151669,1.0507239802378854
1,0.005830495404427705,0.21448410527733483,1.4699803474311182
2,0.76182115397989,0.7462926168944524,5.090856782987116
0,0.9905068642322915,1.0674669211175811,1.1442911984425272
1,0.3078488992417999,0.22393892743849295,1.034832928928146
2,0.8325218417983897,0.9749775004495093,3.0204982248207766
0,1.058146441898133,1.020589024732327,1.2038865237507825
1,0.1510481047782249,0.059167427906978515,0.9905204573383726
2,1.0425365873427346,0.8443828102133225,4.231495514573804
0,1.029604086456721,0.9598180417612778,1.0244224091146679
1,0.21765726598447382,0.38786723233646603,0.9877677214058258
2,0.5263726100457297,0.8692597993787419,5.1317700564793745
0,0.9957122299503338,1.0216396967603096,1.2004600258383107
1,-0.0531718960995049,0.4527813342184067,0.8517904741985954
2,0.5719173355707637,1.1431011222534158,4.263988146425254
0,1.1135942603853164,1.0308961473583744,1.1892166278923462
1,0.34433241326574915,0.2808049314730395,1.1207924013102197
2,0.8143409369642246,0.8418035541913441,3.34757087181846
0,0.9728240301479134,1.0342495894593235,1.146009048813466
1,0.22869924243812792,0.1382492842377751,0.7638820552291615
2,0.9885879654231453,0.870461600707511,3.8498123880212027
0,0.9610250198258578,0.9718975047098076,0.9728675737653509
1,0.0894248447353833,0.21855420722095975,0.9242750454978926
2,0.9778838761117414,0.6794911403567979,3.908113191144771
0,1.009230443988684,0.906102728765241,0.923645769210771
1,0.23052038282539628,0.13413602772962469,0.8736321160173438
2,0.7231103039761794,0.7317694388453022,4.5676088904585335
0,0.9986082436382673,1.1116835420260525,1.0840070729531213
1,0.3331295563437572,0.18433359203305344,1.3204787625182295
2,1.0445079837102542,1.146057797657022,2.7247343754252444
0,0.9420082618835411,0.9956465598593155,0.9350347091183822
1,0.163755224845155,0.26276314203288187,0.906014591317163
2,0.8199565757209533,0.9677358604458757,2.8830466080602095
0,1.0765509115062895,0.9601760899405367,0.9851546957593867
1,0.21930870116142942,0.17438599295264995,0.8051125099477402
2,0.7247884045353339,0.860541281196641,3.695941858165167
0,0.994415166547586,0.9713976148856986,0.8695017317116978
1,0.07479256666264258,0.060347989193917234,0.8730418159211211
2,0.48154626118342553,0.9639293010993555,3.5276894160547245
0,1.0758600067682922,0.9561503317285426,0.959209739875623
1,0.1055078365011435,0.21399967004097376,0.6497201464110687
2,0.8788977273940528,0.8262983585839683,5.271511935365643
0,0.9920152456067897,1.0484573712375853,0.9740881299129889
1,0.35660224976175103,0.044067876251767696,0.7260969441736411
2,0.9398622119865421,1.0422018313300454,3.454806655980698
0,0.9406585998961251,1.009589194550307,0.9938295624276497
1,0.0718132582849258,0.2223668490699683,1.0415007682596717
2,0.8900947853669132,1.0216200531275954,5.181365872925998
0,1.0154845273997746,0.9821583446464046,0.8406722582874283
1,-0.02101080708317679,0.17585343708592327,1.4130474901720178
2,0.8652214667375508,0.8226920485337735,3.8824071648558793
0,0.996008848758113,1.0962723457871697,0.568666336698433
1,0.11974618676986626,0.3175758137261852,1.0682945727763111
2,0.8724187257021631,0.7773814427762699,4.709002311863716
0,0.9529522369825576,0.9509514935546635,0.30680626180399906
1,0.47801654013698136,0.25360326787781456,0.9577715424854916
2,0.7072463339961639,0.6897349600104565,4.892397991337538
0,1.0215476357164184,0.9742960811097251,0.6436137362674923
1,-0.18626735612093748,0.03852328626851484,0.6132320881043394
2,0.4931105198514916,0.8411657916995162,4.245323734344654
0,1.055515585635141,0.9449544029062094,1.0780917662349179
1,0.2530725184585127,0.2599743822410468,1.0455815208325738
2,1.003300132885836,0.5888475982608554,3.5225645522300724
0,1.0355785097807177,1.0181334095337662,0.9922739985798849
1,0.10933002943974728,-0.014562421409086201,0.9496352833174593
2,0.7771738955199,0.893127196399484,4.601383429142587
0,0.9707690385877931,0.9631015756770078,1.1322201777077037
1,0.3559961370029778,0.2611112619519618,1.1249930357474482
2,1.0262666317744316,0.7904135662507892,5.189572080375771
0,0.9782400846709611,1.0706001218602004,1.0279659763022944
1,0.2653205392175656,0.5279004358685637,0.7084997198124642
2,1.016211585927195,0.7367701368812978,4.398749850099329
0,0.9476314824152475,0.9970568176015613,1.2172941991890247
1,0.2601556718487115,-0.0031834377045587003,1.2235914978873261
2,0.790676016446062,0.6939591331306427,4.72182789013081
0,0.8768144920310583,1.0201398346610553,1.149217778487301
1,0.32371386344821595,0.17353419426953146,1.2022379224854884
2,0.766527075108495,0.9366560323793149,2.923582895291977
0,1.0013867427675331,0.9458591964436138,0.8387597505402486
1,0.30359888117916567,0.016346803895365414,0.8124809123122776
2,0.5774757406150207,0.9261481834649921,3.4737144291787345
0,1.0538852767042137,1.141515461556148,1.1171502069738986
1,0.2784465911750026,0.19742929317017593,1.023992501176948
2,0.9816637830928181,0.8474340330636405,3.6626977325572456
0,1.0237233984809029,1.1329817794298207,1.3412372438406661
1,0.1014014156185754,0.3086273718020753,1.081386302768586
2,0.9002713286265085,0.8585265990711907,3.963467546925722
0,0.9762315414214868,0.9058534795522198,0.9035949523345029
1,-0.0381999886172133,0.1138455696889686,1.147180570677998
2,0.8580393253032522,0.9494830624355319,3.5943497942185303
0,0.9916102267632154,0.9826898475050632,0.9632206418774418
1,0.4363532867240291,0.05587391350375345,0.9876623891380784
2,0.7991111416362191,0.6573580697454131,4.179679420905816
0,0.9931199184353938,0.9811282312385459,1.0735272898374693
1,0.3213875590236378,0.40270102519685824,1.032642206290877
2,0.9700791416339251,0.9969011134753911,3.908630852605252
0,1.041195946611679,0.9342751697308688,0.5687880604642976
1,0.05364002158838599,0.23043955664562787,0.9738621020869054
2,0.9678337857414021,0.6603447389391669,3.9255884300249653
0,1.0228184668976352,0.9500955169013205,1.1206412702472568
1,0.41232260730262793,0.4069104969120101,0.8798834927775709
2,0.8556147769457718,0.7136944738439992,3.8068220177104797
0,0.9757190898840328,1.0303520017746144,1.2997624177067095
1,-0.06457654032761956,0.3286420066173169,1.3330151953885283
2,0.9537951233490326,0.6229061698370681,4.401911007297387
0,0.9278180187677227,1.0085454030855254,0.9622597002961059
1,0.3726348991324708,0.0923861814788826,0.9015603528440297
2,0.9734535986472085,0.6440639330604641,4.77526127716386
0,1.013585371101854,1.0557637239037108,1.0455782778134715
1,-0.044684979895261406,0.19795225573758474,0.9510097904754281
2,0.8806878018090524,0.7324693276544613,5.3512712284296455
0,0.9818824887930685,1.0233468020063856,1.5473015448629588
1,0.2964194101667294,0.4915507787292013,0.8698914194632248
2,0.6649421135555438,0.8576707544227999,4.625963722173188
0,1.018356132195634,1.048321627145297,1.0575284677011307
1,0.18477294224439472,0.3832737352719138,1.0535132393415705
2,0.995919325271326,0.8501623710748227,3.482890099459221
0,0.9682139561806098,0.9796611533778667,1.1323404124155556
1,0.2979364067954497,0.09897962380699128,0.9364506205757007
2,0.8298101905759281,0.7206889587029351,3.431541385834752
0,0.9398898749233343,1.008211040441611,0.7937456821881568
1,-0.12815450587315408,0.11928296728191194,0.8114228246064384
2,0.793500412849962,0.9365924015698626,3.851500908881327
0,1.0184927996997537,1.0256381836892563,0.8625810975362675
1,0.2669138470369033,0.12669959897244631,0.9243209857604519
2,0.6598561746875141,0.9022639128670116,4.166229211458646
0,0.987019492622353,0.9831115259972696,0.7177086829556366
1,0.3711639993973873,0.048632612974948586,1.0637972894481527
2,1.0063115206669666,0.8267982148996521,3.5712655236800965
0,1.1176253386637043,1.0057943476530937,0.7081120874072707
1,-0.009286584307281576,0.3513634737350029,0.9604141223484646
2,0.8296694309604017,0.5426170816113731,3.899973868849375
0,0.951461313819039,0.9836339585537566,0.9961019437757288
1,0.2852197220625484,0.25197600551676475,0.9724313134537198
2,1.0193225365691274,0.7480668174422739,4.453181119982965
0,1.0273737695927874,0.9742145941096112,1.189648343003445
1,-0.014301083390894587,0.3543800015519101,0.7677154921533683
2,0.939006519007836,0.9529198374393916,4.6915947556797075
0,1.0138989430066758,0.9426488062735843,1.1312990428812215
1,0.30525448050540455,0.21906334755859597,1.2774367780377993
2,0.7855814935078895,0.9981153321852052,4.5900573828882045
0,0.9975704398576714,0.997675749372877,0.8576079214582274
1,0.4411855057209385,0.132940189050254,1.028687173420451
2,0.7208675372594842,1.1180193010253494,4.953402550495532
0,1.087762099637938,0.9706056131556642,1.2038976735325175
1,0.2825890226983717,0.028528075211489506,0.8881441003793152
2,0.6773860311772887,0.6995027359770303,5.581629939778756
0,0.9327223078802505,1.0195977537306562,1.0918159509001397
1,0.07581675676816024,0.07404214477899865,0.8138199784873105
2,0.8608280120193945,0.9830842846432614,2.9881730850383397
0,1.1451307778698743,0.9891152166731518,1.2937195044528724
1,0.24878918102487008,-0.0211326489480492,1.0954462163945398
2,0.681676136745146,0.8696756639069823,4.423112790219229
0,0.9681826938922119,1.0599540404837788,0.6725140514423973
1,-0.1259922641147071,0.07967102693712094,0.889790806886057
2,0.9160383908003364,0.7968112358524242,3.7081767530830594
0,0.9448066975846441,0.9891579860617825,0.9950191760828847
1,-0.21933427904585656,0.14496804965909757,1.0545121901971386
2,0.6794044523302842,0.8379292210843405,2.015548214508695
0,1.0013245804340698,0.9393241683139252,1.3402837746615417
1,0.18781479087776398,0.23545942755792107,1.1770384529713194
2,1.1541574592369215,0.6851109014506573,4.321214564304684
0,0.9510401680155756,0.9903390390575775,1.1385789227375203
1,0.1851877789789781,0.26892306424653517,0.8410055014161195
2,0.7688354808252169,0.7820330210353926,3.785660089788797
0,0.8932444505235968,1.058540597366151,1.034886203898111
1,0.16127733717672213,-0.04744031018102468,0.9853509201149789
2,0.9304995459786858,0.7924637502757473,4.421696192348447
0,0.959756637358175,0.933344942304926,0.8144969137384444
1,0.24199367526020038,0.2799980698518388,1.264930708355398
2,0.7293713579906159,0.8294851862912169,2.974307642232456
0,0.9302913540733923,0.9996832585060518,1.0969629093669677
1,0.2496114613630473,0.4301765094056733,1.0552819701991794
2,0.842429078986878,0.9025507724665937,4.369070607238949
0,1.013563580288099,0.8982692115216394,0.8142849613276992
1,0.08603327918498097,0.3126877826669705,1.2260137100407649
2,0.8589303447025431,0.8495232561258467,4.811575910056733
0,1.0113985769624376,0.9880534518609074,0.7590247639053298
1,0.20058399110334912,0.1603355993401379,0.6002337119128007
2,0.7539837078846443,0.7875389136347232,4.10057520329263
0,1.000542842780571,0.9364898664405003,1.0713842032369905
1,0.09909555438293399,0.3291927298038061,0.8598431822986451
2,0.7242504783431508,0.6506595849993915,3.006599864163015
0,0.958003430883477,1.050215342161467,1.0987120615394184
1,-0.032814016204523705,0.18031900609101859,1.2239133233828943
2,0.6984310517201039,0.9252139290278185,3.824606389578513
0,0.9708177812596188,0.9998692059524461,1.2367564596618088
1,0.19158787949458422,-0.010557687450636066,1.1407652184919956
2,0.5562296583504789,0.7259546075109105,1.9330991311048362
0,1.049328775393049,0.9631113486495042,0.8451194213917194
1,0.546743893782549,0.25883765050981566,1.218199035693566
2,1.0147094805452923,0.44911790823450276,2.918590268869748
0,1.0549607667306595,0.9641274004754099,1.0007498552285212
1,0.25055591641495545,0.30668017992042496,1.0705781308529343
2,0.842266168884523,1.0145290501771203,4.721453034298456
0,1.0296326737482533,1.0487031847004986,1.419799795317415
1,0.2081849828144732,0.1593886971087349,1.2134123067346982
2,0.7763578212194064,0.7701084503621498,4.291601053278075
0,1.0869796552919482,1.0013446129142687,0.7986688080116969
1,0.4516637465553283,0.05085290196815989,0.9760127228078702
2,0.7634057713091653,0.825066533979657,3.6296942013019287
0,0.9575785214229978,1.0829559098901704,0.9704670196671129
1,0.28871356868386855,0.09479767822044234,1.1584955808205724
2,0.7838198937529658,0.8852047144101245,5.289190527070761
0,0.8434565216846848,1.0162557991233658,0.8385863958505322
1,0.0774984445491293,0.47558090721512575,1.00885597404424
2,0.8055950232159771,0.9889075653627657,5.160283491514307
0,1.0335285882639496,1.09937705837324,1.2937304990479515
1,0.007150997677504406,-0.006659747178694192,0.9548628869456369
2,0.7656813903331252,0.7154917786711509,4.796301394378566
0,1.0564602432052657,1.0603490285548443,0.8498062556263932
1,0.27565179482525975,0.49345448143478043,1.153625527564066
2,0.484818690466352,0.8420981369644384,4.3373743067557164
0,1.0525701541196981,1.0237839802500417,0.7669861659713287
1,0.28188809585229024,0.1896875522666133,0.9320500424541339
2,0.7778104694453091,0.6025403391091624,4.309205343556821
0,0.9808242889348732,1.0367916172534053,1.122472406076638
1,0.19291179940846867,-0.040441722831242755,0.9234195662508686
2,0.9966545899291237,0.8226476232264123,3.5163218308484123
0,0.9962437181648705,0.995032045951343,0.6935958521056574
1,0.23744963977959255,0.2283583898708306,1.16826124927893
2,0.9241856558912618,1.0951629039619746,3.615246170021832
0,0.9330449610991292,0.9946756847204867,1.0392537412546996
1,0.1526213279931759,-0.1181144174078616,1.0912399986844086
2,0.9246113261695373,0.7462748461174582,4.000286704743906
0,0.9640017453018689,1.025923664284395,1.2492585132739515
1,0.29022063719874874,0.3528360072071764,0.694497311944174
2,0.7352253690225945,0.9586484369566528,3.005944291513715
0,1.0126364122651577,1.0504293032427363,1.1199878973699207
1,0.22255983789504802,0.18891968256075428,1.1929670116647548
2,0.7689614118221059,0.5798738137200089,5.038632399195212
0,0.8672288570785185,0.9563499023127211,0.9503392783946425
1,-0.0006685801411468462,0.22991528898358388,0.8592890005447226
2,0.8937547927267735,0.6647205444699481,4.644912612414786
0,1.0751812088472295,1.0031270162278767,1.172380046229709
1,0.20372746555367682,0.5423338406664986,0.7012072123605233
2,0.6592141300727274,0.7472126268094432,3.7973907502605155
0,1.036750724133555,1.022252977097422,0.9883275334659563
1,0.31993837527270164,0.0692248476067864,0.888463963258352
2,0.8586177777207519,0.8413819769142854,2.693923006368566
0,0.9539374894094554,0.9634181735184063,1.0745132927831742
1,0.1310760696730137,0.07143581009768338,0.8257930356879164
2,1.1667297608661498,0.7674880646043721,3.1999662881599376
0,1.0338837717096219,0.9546036206431747,1.343381070375655
1,0.2246751941512989,0.16765667745588475,0.5593476162951907
2,1.0704846983845622,0.7252061004064432,5.459919041691149
0,1.0690650812358078,1.0100273207076007,1.1049100085762174
1,0.36258862019973914,0.29306604150741034,0.8950655301337619
2,0.9357437318657177,0.8461283779573149,3.740432632292352
0,1.0211990921309286,0.9530070608735952,1.3724013357020135
1,0.09184178338055773,0.37901478543985323,0.89775204974417
2,0.6431397423641159,0.8198493481717817,3.2090209721076954
0,0.9792485368088306,1.042320625810822,0.9918431108699067
1,0.18917068338933693,-0.030212617381655704,1.2994509416610844
2,0.7912249631996606,0.7270784027821618,3.0249163841221383
0,0.9285449295801629,0.9595675278456418,0.9489417009587001
1,0.35302167105713345,0.09232808542077309,1.251180636877832
2,0.8931897198222097,1.0115520373442004,3.2553202001569805
0,0.9814683168512115,0.9763507461100489,0.9564891245336007
1,-0.16896736500140863,0.09990092446121185,1.038628504402501
2,0.5719749484782645,1.069683628204271,4.79084336173884
0,1.0595264807999956,1.0290931978239997,1.0868060006583795
1,0.3077805765498416,0.27593075043094384,0.9159576993799001
2,0.9986890386815876,0.766135115200834,3.178656672404034
0,1.0372956488356886,1.1236107736254144,1.127669210439343
1,0.3182952205891715,-0.06396079137925625,1.0838572782173903
2,0.9233273711331574,0.6538097460873902,4.876935417976003
0,1.0156408631372815,1.006590572057402,1.0355644271827222
1,0.23957438792291513,0.05488377840373598,1.0097567273847716
2,0.7146758694675899,0.7467104699209292,4.770027393497275
0,0.8804424968918994,1.0624347398718978,0.6997996872794647
1,-0.03467545602098479,0.3162835115113635,1.0216279826156545
2,0.7146377304234468,0.9485672685164672,5.9465170018387425
0,0.9997176069432752,1.0269709709926376,0.8970885200251725
1,0.1534853672280551,0.33274568937394483,0.9141549690187879
2,0.5404024055539837,1.1298065279968283,2.567190790898204
0,0.9631081543087426,0.9368630111680465,1.2256230965681711
1,0.02616106801696369,0.38219193631700465,1.1529679037844474
2,0.6189785869260236,0.7198958122820514,2.7368645864779086
0,1.0517342910931373,1.0089042366571974,1.1294312348072502
1,0.44384146608810604,0.18874766404382717,0.657889415616211
2,0.7402410149879802,0.6615376286273704,2.3857107181124455
0,1.0330506846653225,1.0140688493458412,0.8428933580910909
1,0.26782327551533835,0.3816510540108721,1.175121339801679
2,0.833104376222332,0.7636126520260629,5.326874323511376
0,1.0058256750208607,1.0240766504183474,1.1548931179991122
1,0.49411209424139463,0.03520973395095045,1.0347031797530994
2,0.8191140289354621,0.8566173875321581,4.076765922833112
0,0.9167239479396304,0.9849936558400001,0.9426103052622944
1,0.48818770193189803,0.04316385430180408,0.8606486728638179
2,0.6559212037655273,0.7588138744501379,3.1592962833025453
0,1.0059795276817005,1.0223259185697147,1.0239329480330182
1,0.2791236358248466,0.07298500069810648,1.0796839999971435
2,0.8664761025958835,0.6225099192262917,4.919079800228385
0,0.9842556050879859,1.0241720483044052,1.2728757972084923
1,0.059574391227503465,-0.0035907673705191934,1.113695345231312
2,0.7813147362505098,0.8149695374724938,2.9478398515407656
0,1.0397314177862806,0.9812565662965921,0.9639308348328759
1,0.32285278752001756,0.5611082368962251,1.4210329369230092
2,0.5844092570199971,0.5118661471715709,3.762399113806358
0,0.9786517119245777,0.874002101275034,1.2480740692845382
1,0.17296031741442974,0.4082645884648094,1.3870911402156967
2,0.8841474059178187,0.6706762155129476,3.886199546679942
0,1.121414191465777,0.9610719942519644,0.7896942936043713
1,0.2958386600272122,0.4071861674979801,0.6510168516527346
2,0.7602608435612026,0.7259181906341621,3.657822493276695
0,0.9537945779941934,0.9540809338915636,0.8727346837309063
1,0.3088536827190282,0.15628086700779073,1.3955226099411502
2,0.776213104339884,0.7062854338717266,5.216195925980319
0,0.9585230541226266,1.018587184524083,0.9259616363394045
1,0.23316270870242184,0.3232323174697894,1.2062973911196175
2,0.975993816655801,0.7033390478433749,3.731674514854362
0,1.0422064634375148,1.0781089788959637,1.1259155995776107
1,-0.021098097896981693,-0.046186157736131384,0.7059498377307963
2,0.5082851927640286,0.7801843282669817,5.284845337111814
0,0.9289227864249345,1.001958950059338,0.5238709306643543
1,0.5657121112858896,0.08394108214958383,0.9778158828613702
2,0.9374637264961979,0.432183932177345,2.486271294003375
0,0.9796137312520883,1.0238360571292713,1.138661238490372
1,0.1179129029650766,0.11419227287107435,0.769133689817943
2,0.9460702441214336,0.5643252665468379,4.821053815711298
0,0.9458714186144173,0.8930338882660676,1.1394481823651434
1,0.3318085501426476,0.13930664506907445,0.984989499589917
2,0.6271403237760412,0.7232063627293153,4.060794205032808
0,0.9338782796571391,0.87862837031378,1.139443710973632
1,0.005474894282237852,0.2531260851092866,1.0844018333945111
2,0.6047055926693954,0.9259652685097237,4.204845295761514
0,1.0032496987515283,0.9387858346738006,1.0543290514292811
1,0.20938881737490714,0.02770906680859936,0.9747872944746091
2,0.5539192925814689,0.932859464778033,4.557705321745399
0,0.9843586050926976,0.9832298260094886,1.4273350350112555
1,-0.018419775313701536,0.1317320593560854,1.240272102225405
2,0.8463849215906487,0.7502128147726898,3.7589776119073863
0,1.035494461019708,1.0484683455315489,0.9945436218934196
1,0.33570227691660914,-0.05996826983609238,1.05529145947848
2,0.7862259193384903,0.934686627683059,5.5479900540669025
0,1.0342269634281105,0.9092604219837557,0.9887450380507833
1,0.12838415147089247,0.37936230305729535,1.387614460025424
2,0.7460100739362687,0.7367147691089809,5.016687435959222
0,0.9669631042367391,0.9946781030929702,1.125806593793249
1,0.3871456982389113,0.08136991073353711,0.578177038363973
2,0.792976762509375,0.9252226318033921,4.614669300946742
0,1.0630641964704948,1.0039391480588895,0.8785748489625345
1,0.5405076419281076,-0.0757610992928015,0.8957097065404972
2,0.8483715822365658,0.8911548623986085,3.2344345422782665
0,1.0897374530353434,0.9932899535430578,0.9436325557672708
1,0.2568042336983937,0.03540389292129592,0.9718398433445693
2,0.7610260693814923,0.8457449555856454,4.8153007508338765
0,1.0790260405442869,0.9393837550392107,0.8112556839872012
1,0.10933707095624814,0.1969667137077165,0.8690517444156378
2,0.8026335118209144,0.5871757319167267,2.1111122214615228
0,1.1056645786798536,0.9947147897393408,1.0896150604704287
1,0.27959347705954246,0.35127672058723614,1.1647290092363722
2,0.7540986880586101,0.9956328470514327,5.126516154986943
0,0.988144248420372,0.9947010118472014,0.8865590546398873
1,0.3551795157617653,-0.08433154864330072,0.9399046711693702
2,0.9225846302606663,0.7975485691831912,4.663357507632393
0,1.0194843411216985,1.0817774917807836,1.0803420504758927
1,0.5064051932448368,0.07872825924597948,0.9171534106708102
2,0.8183696972257096,0.7153235437137936,2.2442947577626713
0,1.013554788190543,1.004811925965965,0.8742541551743566
1,-0.11934660802076996,0.32527252885640584,1.163857334334383
2,0.9126755981764659,1.1848340081993163,4.208626793470776
0,1.0062601324590976,0.9588182452345688,1.1182570215129188
1,-0.11491764238327573,0.3475548658912979,1.2148904686664297
2,0.6839376171359521,0.6767084472607314,4.073851824133466
0,0.9786705734895855,1.0109249722404523,0.7485772429215527
1,-0.1369029279419871,0.43778172217886857,0.9244308171143815
2,0.5775494398524347,0.8108893993009727,5.220347663115285
0,0.9661953616803661,0.9449946931591263,0.7858407676307546
1,0.23188310117206162,0.21424453056864165,1.117751949259736
2,0.6159954515607138,0.8677812621491892,3.1577795702347453
0,0.9956009185915294,0.9554236988102652,1.0737921061251952
1,0.06637885482013262,0.2754065224487485,0.9464609867957041
2,1.0621169245750557,0.8000429336986974,5.049263379347225
0,1.0114061500323297,0.9706039675470984,1.1272934582326188
1,0.22033578697656922,0.21032907881468232,1.3754986847128396
2,0.8968914898869659,0.7891034971959289,3.8382523980306824
0,0.9730890640234873,0.9015020481971034,1.1614725848959275
1,0.050911091713755546,-0.026397216634893556,1.0398551240612153
2,0.7842306074515988,0.9455957622426779,3.4185875057183077
0,1.0042243027871216,0.930127941461156,0.8635257984821805
1,0.0829293939631777,0.18716147085692394,1.2895734137529682
2,0.8162448095076309,0.8111687978441185,4.452868220361196
0,1.0177706956551091,1.016609726594998,0.6737446503944742
1,0.2802644384949563,0.2856524206244543,0.9780633797293384
2,1.0208005827622586,0.8208531000775994,3.498298941644936
0,1.0509026373117067,0.959210537711969,0.9658279341336509
1,0.03609524746231818,0.05349940949024651,1.1491756062966996
2,0.7960224820140932,0.9400899740854416,3.8215373355107896
0,0.9323424448928783,0.9823133982258577,1.068696918835789
1,-0.017628833621865958,0.34288601426789844,0.60594290337487
2,0.7699938255134187,0.7374220941686365,4.975790159216272
0,0.9328164637351349,1.1053678153458386,0.9133915006772821
1,0.43413074960824843,-0.07370954570800348,0.6805705362712375
2,0.8773269644570776,1.032228761497323,5.548279513399951
0,0.9976722791142084,0.9647631788012119,1.1541001394219983
1,-0.019948035107746703,0.31712223008823304,0.97372077647403
2,0.3608986386104733,0.7238499318906316,4.894007879511479
0,0.9789863834608333,0.9288449235526758,1.2605611839208628
1,0.1834215986911643,0.26225067290615034,0.914065481083768
2,0.8294770000409877,0.8724324264119888,3.2607816710279023
0,1.051938096114288,0.9359374531868964,1.1567640901456469
1,0.2801562233113903,0.14175611535615124,1.2453903699578028
2,0.6274013966028218,0.8237666052848809,4.622800877600913
0,1.0295067722156042,1.0131264495107701,1.0309447825412734
1,0.21834217876050788,0.43926155251264737,0.8155031538839632
2,0.7920847387698026,0.5947802101172615,4.157281376869052
0,0.995513754149567,1.0830712711280523,1.3523075587373132
1,0.09985477587042525,0.17156585391265006,0.9324498997254177
2,1.0742112499303698,0.7191471890339578,4.023376477243169
0,1.0349807820011492,1.0518648437900087,1.3837085437970682
1,0.3190584089135783,0.07110687311615585,1.10475210624691
2,1.0553326066650988,0.6620077968918525,4.206445468681189
0,1.0547268284539195,0.9826056256098818,1.0669034550542826
1,0.17030515808740448,0.08189535378843192,0.9751124295803353
2,0.9078775639940425,0.810264766727881,3.931820898662701
0,0.9840284130081113,1.0261810404946172,0.8078799654662503
1,0.05644112175620461,0.3544586682747197,0.8299453385625656
2,0.7581403967555949,0.9382382540702343,4.884791332945443
0,0.9705371705390206,0.9782287804862002,0.9218645106464711
1,0.3791919949938827,0.28030213079409705,0.7070925676105493
2,0.8118705652511756,0.9434482490781515,4.226664326246194
0,1.0371490236882597,0.9846562132189471,1.330665514595494
1,0.20389989233762912,0.50603819440578,1.2704611503360401
2,0.4565541409585473,0.6450903331361751,3.95472327662057
0,1.0528895020695201,1.0539282386774969,0.8397925794396707
1,0.044975145529747185,0.22401447200002153,0.9149469058845072
2,0.7798791356537519,0.7361053133842168,3.8750593918038243
0,1.0131546105928793,1.0040674589841618,1.2028955732518303
1,-0.1701899063459879,0.42577313845038406,1.1797761652221954
2,0.8120520104138437,0.8640739561874806,4.479186952299076
0,0.9837372209116269,0.9804568514813583,1.0231643955529444
1,-0.03963265277972475,0.5153032471342951,0.7329410341264733
2,0.6601081812312417,0.6284117223342607,3.909182285842068
0,0.9878847737102667,1.0306112317522045,1.0713593688259588
1,0.2674802767430253,0.3745691560988589,0.9168126119977916
2,1.0126824145871598,0.7994379146262804,4.8701526060640905
0,1.0546108977542679,0.9267225918165732,0.7388618829995641
1,0.46827355474655985,0.21261687910189564,0.7646932962951017
2,0.6767437515485436,0.7349226907342153,4.767513721309324
0,0.9715024391197135,1.02585607308703,1.0916196845468333
1,0.18100116622330722,0.07778979826454854,1.0171838460574492
2,0.7228253840648967,0.5847957569146992,4.658904924408725
0,0.9549019614290843,0.9332906069068557,0.9495971894319871
1,0.336413763793031,0.2598584577673606,1.0492318827653055
2,0.7379801619231285,0.805789560607388,4.9066761651256705
0,1.017193577315346,1.0382340593261248,0.6758150970694039
1,0.3618272890303851,0.4549339138880915,1.006741469880767
2,0.8149777330242494,0.6632402376026134,4.535779286246282
0,1.0600034431468406,0.9884004384573088,1.1741211544203425
1,-0.0741283552313472,0.12221567467736898,1.0271967104145
2,0.7619655122331875,0.482904748798524,3.110273152797885
0,1.0194031682944382,1.0031973183124818,0.8497619746921586
1,0.22243045363347233,0.4059523711467486,0.9598065171079107
2,0.8504794978548232,0.79652371837041,3.9116301491718186
0,1.0204763051976578,0.9064316140788253,0.9072214149538864
1,-0.01747710016924367,0.29408402818105833,1.3004117161834696
2,1.0311199161712052,0.8507148505143952,4.624735442673286
0,0.9237848055062137,1.0053270712352564,0.9149749275570527
1,0.4015528918493686,0.23881757147731025,1.123628263117509
2,0.8846324181282016,1.0431902601187846,4.586319968354854
0,0.8927816272014654,1.0759017207253059,1.342811132855168
1,0.3301962760578682,0.3052995789927136,1.0781449658848263
2,0.9248877999509383,1.0271139061636465,4.873467939067138
0,1.0647758045722375,0.9099610043119202,1.0049802252384734
1,0.25803635112099427,-0.1433150533178384,1.0415725886651404
2,0.5122800403030937,0.6631622335945486,4.050045985821659
0,1.0680723958918112,1.0233935123801081,0.9324827027782047
1,0.35464065513211973,-0.03392479655623126,1.2618170625341856
2,0.7109044721937011,0.9299448525365895,4.03313473488028
0,0.9029557734894385,0.9936982177104617,0.8527867872802242
1,0.30730735627746825,0.35427276416976605,1.1294535117812867
2,0.5648277537935689,0.9204272943952126,4.795412520573545
0,1.0321734845468626,1.011272892056887,0.9709777933183614
1,0.05089213352638919,0.4841449452021634,0.6919312483975462
2,0.5131588543794117,0.6577849222406263,3.593841263124514
0,0.9282549510101689,1.0328828881721128,1.1937477733078705
1,0.1322212495934779,0.18789856797470492,1.1871796674902144
2,0.8687281013644393,0.7595339700617275,4.627911406293105
0,1.0086950483781352,0.9492547429580085,1.0663908722483086
1,0.4292626103481826,0.19647030550812358,1.0146123258732873
2,0.8491909881050903,0.7356214448808713,4.450981405139301
0,1.0228897885566044,1.032553432455173,1.1315163007128928
1,0.35428254813400883,0.050284338589321353,0.8573063115139418
2,0.9556909469009321,1.000515834739589,3.3707929463271724
0,1.0239576750566701,0.9541000627574852,1.241358652673473
1,0.25908393556503584,0.2617594619985802,1.4078975820834574
2,0.9082366427888762,0.8037127238746922,3.5340995607064043
0,0.8801367008460321,1.0133236853369854,0.8807874536261514
1,0.2711581907130389,0.510411513499893,0.9639946382749939
2,0.8627582409517262,1.1342030283285285,5.103886133267509
0,0.9688575161394192,0.985810190814636,1.2405185768398952
1,0.16270337684291544,0.1967083834003598,1.4064969770844373
2,0.8815390737953712,0.8265109759574789,3.2693992374414487
0,0.9325836353170303,1.062812167050648,1.2185036058896326
1,0.10284998589714951,0.1939138624567156,0.9405578336018066
2,0.8499452924401855,0.7038265685928302,4.0376431318023664
0,0.9507452484571494,0.9640283193063596,1.1058378704065115
1,0.2665862473690443,0.24586705258103903,1.2609820190512793
2,0.6380307292114628,0.7887178853437116,4.2345047811223555
0,0.9932583060995964,0.9692412856789517,0.7883904927103539
1,0.11797959905411025,0.2839990666688606,1.097303094807319
2,0.7109671651168153,0.9030032307867195,4.172097957036164
0,0.9656254258761643,0.9615384000048728,0.9505669338658861
1,0.09324992375054841,0.2517886977645722,0.8931665413795213
2,0.7066755923946771,0.7494294408226747,4.196751634419682
0,0.9821220743500834,1.0245528728893205,1.4111764222712841
1,0.18346023298859765,0.27883271925597897,1.2352793137924833
2,0.9742615186596757,0.9128319501611029,3.9025531781625666
0,0.9716536100793896,0.9626760632922183,0.8956747644121422
1,0.14883306390766654,0.34248600766794124,0.8208607656230948
2,0.673843957738915,0.6969029632375747,4.162948765501117
0,1.0544041189699642,1.0576474335395996,1.023367184628164
1,0.27110320541174115,0.40644613526681844,1.0162640973404844
2,0.6147320773304408,0.7091610650721355,6.5484503124924345
0,1.0536703361438462,0.9372767614724372,0.8208049649127874
1,-0.10817567740083206,0.3376415955825565,0.857886193931261
2,0.6774228340704465,0.7990267973101222,4.571472887944613
0,0.9435967402937946,1.0977308391461642,1.0794568958866042
1,0.1212691651212087,0.12759201836553558,0.9861442028905624
2,0.8696436967271547,0.7865759038292119,2.9869858563902536
0,1.0505251384108354,0.9463530769396536,1.0423789036261693
1,0.2834965675508183,0.10534501528502846,1.0774920181450522
2,0.8418688400437294,0.9390359101495409,3.5552901780262376
0,0.872303634672316,0.959296242993983,1.1307590168346326
1,0.13557988734304144,0.11981837848048786,1.019880301304915
2,0.718368890525238,0.6433031974808211,5.817178795557506
0,1.0466817466748477,0.8963796890778863,1.0364725089586966
1,0.17508642064290916,-0.14763720061202135,1.03515274032776
2,0.99322653120727,1.0741589155232194,3.6626428237502004
0,1.0425248674229848,0.9870302588750455,0.8614324533482847
1,0.01788798160978758,0.10214072790321348,0.9143080572699589
2,0.7836472979593954,1.1004615842666496,3.3884044666698436
0,1.0200677704374765,0.9493227763385393,1.063450330853489
1,0.40812587812606876,0.3836462138495012,0.8781665441080974
2,0.6370586740898013,0.8841007585157397,4.964117743583199
0,0.9825536722526805,1.0725366007307022,1.248483550669402
1,-0.12099275390597225,0.0759575946845245,1.1573642088457967
2,0.5955790415202543,0.6505103415214407,4.930437927127294
0,0.9249436923097845,0.9556757383706174,1.3253479784438498
1,-0.004191967442828237,0.10899207656062036,0.8283160199487362
2,0.6164205784407635,0.8714845924506125,2.838946586708877
0,0.9514875902402933,1.0343503600491837,1.0606100412876225
1,0.3153674274053944,-0.02246270904253181,1.0449420268879994
2,0.8495126614875792,0.8939956710272361,4.098753516315263
0,0.9791846049684833,0.992323177129334,1.080385268114204
1,0.13320108399881242,0.05181176229850701,0.8804957722359376
2,0.70079615547037,0.7281811565029261,3.7566639504583894
0,1.1128640195320252,0.9301535694990701,1.1166603239634638
1,0.14380040692617352,0.4984328074680087,1.121246030176684
2,0.9730829594395438,1.219059491083299,5.631319266055424
0,1.0284689755259468,1.0535489085482346,1.1897541800753415
1,0.4910818791752803,0.22685091707818433,1.0015325868407
2,0.7495578325781397,0.6693112840968982,3.7638236592238825
0,0.9819463080281603,0.9409608409360013,0.8164331763210508
1,0.12130732470111223,-0.04896267892223971,0.907526195050683
2,0.8589824196250425,0.5401923029517006,4.648751899275217
0,0.9215680982287364,0.9869025897735099,1.0359334858459097
1,0.16932445067576693,0.16534853315728293,0.929067138056824
2,0.7017087794584502,0.3988366535264462,4.087426779009662
0,1.12902739018057,1.0680956699910509,1.1881215367207802
1,0.13104132658900952,-0.04223190593742396,0.7671150813322523
2,0.7467566931547884,0.5453661626828502,3.9527718159523477
0,0.9989605749068049,1.0073004412533964,1.0737026708134816
1,0.06282018629418254,0.06948896994433165,1.0168240077031339
2,0.6117142674978009,0.7860326366275999,2.9892137217937593
0,1.0435624829911858,0.974357778797158,1.0288355995671166
1,0.07743323641581501,-0.10460796466185585,1.2334946099829143
2,0.6362619529518725,0.7501849411943253,3.900037988134489
0,0.9644642705900338,1.06956620714484,1.0211066968095097
1,0.37076434501608646,0.250681850265718,1.1535739586237779
2,0.940572107687117,0.8426673451869704,4.180093070232399
0,0.9946766550348813,1.1082726529162144,1.19315182497506
1,0.31968332698688007,-0.0008986800782013471,1.2351352842547254
2,0.7401772702410454,1.037264462404765,3.605564738279228
0,0.9609518042878161,1.0679742307026467,1.1387600247093843
1,0.2513488666931365,0.31189988047262934,0.8576761450661771
2,0.8226459452408579,1.0020400708200763,3.8827367331710407
0,0.9803565639833446,1.028286854175583,1.2389179556860885
1,0.015931540703902097,0.29120809908605255,1.2132083709057437
2,0.727944299050632,0.8952006293339184,5.40433131054096
0,0.9925685315358502,1.013399869463337,1.0421540118208479
1,-0.0863650147170274,0.3863023975991612,1.2808363884005007
2,0.8416771850309285,0.7355553440818599,4.101698673568002
0,0.9810060412027092,1.077455792906193,1.2621716973661365
1,0.1345508799619799,0.17936888662457606,1.1767701276330078
2,0.7332805186993574,0.9425147163269988,4.113985727205047
0,1.0625296879128574,1.0000586820271715,1.025035913646279
1,0.27211025711760084,0.37510825469668196,0.5118457916401407
2,0.8270289352213243,0.706283726653859,4.171491215060864
0,1.0676105246390772,0.9604719406075091,0.8823782346970682
1,-0.010025854054163869,0.09597072569474774,1.0588157415709152
2,0.812451723916681,0.70783405072564,3.6636111239536584
0,1.0832808100315092,0.9881272890247375,1.2147568995068712
1,0.33512893800609045,0.1957357349666457,0.9571584850405658
2,0.5350557156478619,0.6676203014564932,4.891890644330104
0,1.0308777557556934,1.068791210876023,0.9397164934138477
1,0.4237926477942305,0.020401774776143272,1.188457586121558
2,0.9271584986521235,0.8759932669839172,4.274464935672579
0,0.9505917170904208,0.8756401925074959,0.6772994569892978
1,0.2181855015799402,0.09318801248640775,0.8750869525349566
2,1.0173886296616594,0.7600608557484317,3.1048501381951654
0,0.9771559889881664,1.118208978974582,1.2954846468656602
1,0.18754517193136933,0.2297719880729867,1.0332322958425664
2,0.8600860025845859,0.7430536904262697,4.028371957808954
0,0.9331881745281587,1.1140243269803025,1.2623957792345284
1,0.3254919638766667,0.44739964290027745,1.181197558913726
2,0.8132880935937132,0.9336421333890839,2.9897380172245196
0,1.0441154931544867,0.9736141566209714,1.1455452698120356
1,0.041327253068162456,0.18602067374155482,1.1575076942697446
2,0.7439870712591299,1.0375471907567673,3.9322730324956514
0,0.9934835401334834,0.9759770816094192,0.8143148267989564
1,0.14784352432698378,0.2719660433118806,0.9177414692639615
2,1.0699549582950707,0.6349553895927587,4.884370041379395
0,1.0629201721297863,0.9761357925872408,0.6361448319388134
1,0.15850279797776007,0.0967719215387591,1.0882773829963581
2,0.4286361347542425,0.4604299963877985,4.834210317211977
0,1.094563107871503,1.0131249315451463,1.2284620943434226
1,0.3828295719965699,0.041778401096422474,0.7978343863988496
2,0.7329474876661861,0.6375793498280157,4.224021445626642
0,0.9090156335260213,0.9907627370293224,0.9959146469816625
1,0.3690468956115679,0.03084477909499994,1.1182221968282153
2,1.0191602014416317,0.5012567923520541,4.512558481350095
0,1.1378378466694756,0.94950803301519,1.0409845939834865
1,-0.08478618681082345,0.12153716220868624,1.0982129370502545
2,0.8949905810983106,0.7494639063187875,3.828814682746203
0,0.9676493238643553,0.9304651058107778,1.0377036187889837
1,0.2371307633445519,0.5037360540389013,1.0670333366152314
2,0.8557728374272917,0.926823165239905,3.415424024002732
0,0.988550524424025,0.9396930135556876,1.0980136995311518
1,0.3432600969795276,0.09149259615176528,1.1028645163988875
2,0.8396488829111524,0.661086895502232,4.458697093081244
0,1.0729818037363428,0.9790364872487279,0.9140334156753344
1,0.2351637589522147,0.2517757187721371,0.7541243830249826
2,1.0321816735473495,0.7895164699909781,3.41457516018777
0,1.0192631104584187,0.9704872878344151,1.008857819630615
1,0.19030266787137357,0.1461966076681283,0.8269672510195009
2,1.0054985927025162,0.8320628239868115,5.128271269612629
0,0.9627324078677252,1.0554149937900583,1.3173103913731041
1,0.017906023954689126,0.08674632300494114,1.1927136680786037
2,0.676207564120846,0.9104470458188922,2.947533186812829
0,1.078536039397867,1.0583706317902029,1.097790029340951
1,0.11013608581604235,0.5590030038363296,1.0653348400926352
2,0.8865192085767121,0.7657629782317749,5.138486386176152
0,0.983147935853678,1.0986787515868472,1.3215586175142056
1,-0.050734235402755457,0.2732231093105171,0.5335492148971295
2,0.8091554124512748,0.8363097400528295,4.329857937944819
0,1.0427521627625265,1.1217534984993605,1.1492092420211901
1,0.12240617070915213,0.01169139233504074,1.3284668054792999
2,0.970667522536184,1.1171005233148625,4.309027185150434
0,0.9468020910081394,1.0064795124930332,1.013394798145587
1,0.16802923461798192,-0.13578576897798217,1.198450401235255
2,0.7593803404541808,0.9250493785556729,2.9360161704246828
0,0.9675550964069101,1.0463191352486017,0.8490719790189437
1,-0.09460640973914636,0.2834463849871964,1.1012540275442946
2,0.8530503381270962,0.9571159899201844,5.576497398125195
0,0.9542773888282572,1.1029445216213953,1.1971805277110044
1,0.21518476951829843,0.05079379226182254,1.0447805983970886
2,0.7567948912170082,0.7185637800539756,5.12513372047307
0,1.048818505517188,1.0441282336659798,0.9580923503802142
1,0.35420439825066197,0.165822412895125,0.9389806643233185
2,0.7445562892084276,0.8034197229206322,2.9771942190910545
0,0.9546800338075854,0.9701733829752716,1.1645432059981058
1,0.48302169925194777,0.7163774993588239,0.902465408069194
2,0.8891496187753112,0.8093145687232671,4.722031361734735
0,0.9546884915664668,0.9513914060916732,1.139744842583064
1,0.16160494465489628,0.5041669032940004,1.1454129457113251
2,0.8145223572847131,0.8064208426077382,3.2458636215576897
0,1.0716139856380715,1.036746714955162,1.048760306265403
1,-0.06161895503564202,0.4312025908589961,0.7639264015114575
2,0.8145409039534162,0.8744045425355782,3.8413179316355377
0,1.039077288741268,1.0491790462412312,1.0689113465463511
1,0.07974837196898205,0.3057636311400116,0.9777578915561169
2,0.6641500334562105,0.7197218105583517,3.139869449814768
0,0.8633357783381983,0.9268255195930275,0.922386030380065
1,0.3860916322009207,0.003060335982936424,0.7727465706579598
2,0.9188532668702224,0.6936518109290323,3.699617903688299
0,1.0144916879124364,0.9941345666523517,1.1638736711192779
1,0.13942583100394731,0.3381321006843115,1.0035012075077416
2,0.902655024841479,0.856046875386331,4.7778865388003355
0,0.9800116051450587,1.0379052879001873,1.0056381468605247
1,0.19205532883265852,0.07316962035534075,1.267838970362431
2,0.6148351270574457,0.9646612169051814,4.77040070919672
0,0.9990524583856527,0.9363518632262271,1.1204607306599415
1,0.30773286591135696,0.11910695996590402,1.3118852946301385
2,0.8871412702096118,1.0838947069925293,4.578308496542104
0,1.027356661126037,0.9869324293593705,0.6211456724116643
1,0.2774372573342007,0.3179427701586203,1.1680555597023294
2,0.89079077300596,1.0165258248867686,3.4653350481776792
0,0.9982451932670509,1.0621135469212157,1.0819970923932942
1,0.419404860096245,-0.029353999085365345,1.2457545616544559
2,0.8181909055644014,0.545689475698219,4.867865343824759
0,1.0159995064778735,1.0833320751168292,1.0874711553440144
1,0.11991080078218422,0.4230478038501002,0.8057896304345775
2,1.0150578507648231,0.7801095858628438,2.744867778165384
0,1.0559292427018667,1.0813681809695899,0.653034430706386
1,0.26780280404482976,0.24576386842416237,0.9866930236357002
2,0.9838218632882303,0.7296710587884375,3.85503475409485
0,0.9961240542877934,0.9771724369600079,1.1783911168743382
1,0.4593845118621724,0.10171444473447754,1.2462960021438558
2,0.9486195946126071,0.9305062532256352,4.447887243649861
0,1.0341513654897563,0.93929154138559,1.091615727416197
1,0.2943696651266025,0.17726902997923208,1.1435279893519399
2,0.7169264033443093,0.6323479547985166,4.947998842204161
0,0.9912401430136045,1.0148164149631098,1.3093740639589309
1,0.29369550998497174,-0.004787342139015632,0.7648858322350709
2,0.7542946750239293,0.5368289614609566,3.6514491186565086
0,1.029999397642519,0.9710496401994764,1.0692875218305096
1,0.1950763636517366,0.3238916078675708,1.3549176315189582
2,0.5908564124665375,0.796380214505045,2.2820155607478334
0,1.0603589331377279,1.0222208700918456,0.8323904286328458
1,0.3008971225245125,0.19370014378478045,1.1195502468305947
2,0.6523823756048713,0.9889043706962315,5.3511278987852915
0,1.0035294974179296,1.0285076454376652,1.049929478468228
1,0.28412419728952143,0.10809761853349066,1.3529256022597371
2,0.7688273522439661,0.6704787064373237,2.882533819632457
0,1.0052763745447244,0.9700865639416819,1.2688239754465644
1,0.0539874183237104,0.32897606575148786,1.0759428394808201
2,0.8573081440917539,1.0694176318877162,4.7916159213872085
0,0.864374418178076,0.9992070244726372,0.8604265886641302
1,0.44783108482213946,0.14541545392719812,0.913574206917483
2,0.6283553791912999,0.7052184574614597,3.2572980475851097
0,0.956922417770462,1.023090189255261,0.8286703182734327
1,0.40832281319329006,0.45155998231571726,1.0507409240947456
2,0.8354159448403041,0.7960234082952224,4.931974732553303
0,0.9306783378522022,1.023594981388926,0.7388031139178204
1,0.4150609149407287,0.28783978629260454,0.8677167101526314
2,0.6696532003686189,0.9908713001788252,3.3014487170895706
0,1.0713251538331516,0.9415639140296412,1.3377881356741108
1,0.09420142210438558,0.13742567773652647,1.1679187702466338
2,0.9802773141902357,0.8755216685172994,5.457524722304269
0,0.9956518354805381,1.001303171900633,0.7213816029424821
1,0.23707522334359804,0.10548783982472106,1.157968074624733
2,0.6641742216427685,0.7372036184057686,3.7389942481358407
0,1.0654595759751406,0.9738233860002559,1.1866728362768406
1,0.37248753952506136,0.14734885513614687,0.9323928743093101
2,0.9318020888379346,0.9531115119886412,3.0878600097867364
0,0.9243666043929528,0.9553936596487291,0.9521330826885435
1,0.2991251455832642,0.11262143442933123,0.7773571059369646
2,0.7039641622252975,0.8647362703843511,5.140677480209539
0,1.024560029157936,1.008195377124867,1.373962303193618
1,0.1161977284829473,0.03976982879333643,0.8583975227788202
2,1.075350569908895,0.8191704603385679,3.1961295892245216
0,1.080480914623999,1.1060609250485787,0.8866860895360004
1,0.15358877562847123,0.004582510873731266,1.110510002986071
2,1.1296020992233196,0.8437294163546943,3.4428935670225242
0,0.966326150173934,1.0256605841823856,0.804081099043051
1,0.19777984480357208,0.2289404250790474,0.7990867732467422
2,0.7199402462383018,1.0470878096841059,3.528344379151872
0,0.9350505231066691,1.095044132430897,0.9640321211964138
1,0.2521095706796872,0.534461109828624,1.2193443359695557
2,0.5032437060505752,0.7573502626684268,4.3348589288097426
0,0.9683729651652532,1.0767074904484029,0.6549417686310488
1,0.19085132468601174,0.02306076990766978,1.2351641554189536
2,0.8340331358847648,0.8981972221547118,3.236249926058296
0,1.0249567709820864,0.9977683005524727,0.9016538181515286
1,0.5324111504636201,0.07662684497798745,0.747275191196348
2,0.8902785920236633,0.9262036823918756,3.901875743417511
0,0.9662690499365174,1.0163600096661483,0.9601291930205288
1,0.3274372153548204,0.33991987390123757,1.190503648673187
2,1.0965938802887012,0.6665208139989194,2.9169722253797943
0,0.9900603831008928,1.0064229757729248,0.9492097523158022
1,0.33578917490231736,0.057947964909155825,1.0868700446503332
2,0.6128300961734106,0.6505566015365205,3.481737372962632
0,1.0497891874754648,1.0141106772700856,1.115740607261981
1,0.0792299111263117,0.11230633758903567,0.9993851623153547
2,0.49591260480268534,0.8460009160845494,2.625183343869211
0,0.9476314322236947,1.0427498033039857,1.2748826786717615
1,0.3363408161481397,-0.00365029950184817,1.2457892614689947
2,0.9494194570563694,0.8815558955123158,4.480965167329334
0,1.0706465793514433,1.0665061614336202,0.556016871466351
1,0.23903934944332,0.26562555431545687,1.2449662226066
2,0.687277330431797,0.6956274461762982,5.122041652877842
0,0.9725986820839336,1.0002738677461211,0.9613762239309701
1,0.23589817804958882,0.3995018204590217,0.8528373836995576
2,0.7002906588974395,0.7459353709404491,4.6411350885517475
0,0.9613349618683065,0.9657171226010675,1.1653567942019758
1,0.16864670544005983,0.37009743008495466,0.9604885060162133
2,0.7934516223548651,0.6997338044479877,3.2180324862428007
0,0.9773386895544623,1.0489288524367584,0.7987007790651999
1,0.3418933263146975,-0.1064889130108318,1.00187445308117
2,1.000039889182869,0.8174390127159765,3.7086481466543813
0,0.867906858463302,1.0021048709289535,1.1518976929502687
1,0.19319498338551377,0.34632821028185945,1.0429110166944546
2,0.6273160127715929,0.8587288758511672,3.3363799721002363
0,1.0140752291581114,0.9349730404315325,1.063663652802284
1,0.16869836570517577,0.31896074954655074,1.1594908333073914
2,0.9262169039466521,0.9301426774752869,3.634922676384913
0,1.0247750624583154,1.0213150736730323,0.7481988246837852
1,0.15520722016865024,0.15663949001546323,1.073388939315128
2,0.9693906734123515,0.8144114319720941,3.6462048500020137
0,1.0291575682123388,1.085860513417311,0.9073254623079693
1,0.13772479341589242,0.0877001981125888,1.0480647717293476
2,0.6976220627986067,0.8267549846854949,3.8376204781068
0,0.9833153636775582,1.0254864792619323,1.0376547074763829
1,-0.012402450072385218,0.009431610118792816,0.9112251368271032
2,0.9009746542641328,0.9309653025175615,3.4816377224466066
0,1.0136065537788594,1.0251215091464876,1.6687293955444238
1,0.34044998863205195,0.04697033570682271,0.9646874291891645
2,0.6091556400399274,0.7697032051349623,4.288747614278096
0,1.0259958667712885,0.994913315165938,0.9386006009404569
1,0.412431942738421,0.24334994358742082,0.9353703298771574
2,0.7526284924815682,1.0009154409743668,4.591503415854634
0,0.966514026016873,1.0781822383378512,1.2049766580338739
1,0.3535310613679906,0.18356696432943959,0.49200730984635366
2,0.8001120843642119,0.731186283439961,4.1861961669327785
0,1.0992528914423523,0.9961435079512542,0.9769757793884432
1,0.0661014313824988,0.3081732415675961,1.2696779607594026
2,0.8491970942928926,0.6166651075430145,3.6579577868125455
0,0.9459957800391261,1.0467942889181086,1.1548968238003805
1,0.21939916623195352,0.45944822774461186,0.9380684851857493
2,0.9369065309112614,0.9280122854485755,3.541182490962415
0,1.0151279615924393,0.986182856244019,1.0070810021505339
1,0.36759318773146155,0.4454785009220038,0.9976673482490025
2,0.9512273325485335,1.0734948687269914,4.754193273423965
0,0.9067980730668638,0.9640186456986954,0.9390515468469917
1,0.32750812920522576,0.029393740047651634,0.9338045569334668
2,0.9193959730384187,0.8836729525922091,4.816358978232851
0,1.0326144271569595,1.1128645442837313,1.0598793141616898
1,0.2877028714417462,0.0842339919581109,0.6976658590224296
2,1.0490394061379473,0.787838970638494,4.064452517906789
0,0.9786455288003345,0.9178813509028055,1.1054077242188993
1,0.1913739761171829,0.2914061287749413,0.5288041757027474
2,1.0487414866632958,1.0538985715829268,2.5723931227310612
0,1.0070828223558181,1.0265222006758354,0.8373615656826667
1,0.0911880381129737,0.4073736190932712,1.2197158252222928
2,0.6494132476137486,0.7552688295952219,2.4712877762775767
0,1.0702810339638538,0.970519785104531,1.1489768636715936
1,0.7688363222726968,0.3384569346489318,1.1576608431617825
2,0.681846607350121,0.902054218470246,3.475248455025383
0,0.9934445357876966,0.980725096765512,1.0593636949581768
1,0.15351168468132106,0.13240150464340944,1.122026361985433
2,0.4677406770278977,0.8224759553608881,3.405516533989602
0,1.040121346298024,1.0340463333910546,0.9764000472670915
1,0.31921008786328786,0.3682061948898349,1.0207295871569346
2,0.7669398756724014,1.0227086989790783,2.2349297797855154
0,1.0928229592673158,1.0040650464707914,1.4752888806987474
1,0.19207631595083766,0.10596324561251041,0.5250888387052175
2,0.9377937346439755,0.911339085677984,3.656600393399309
0,1.0500206488906154,1.0752240333177852,0.9298727343347041
1,0.2016151140578244,0.3645784970420509,0.8642444430108234
2,0.736969491465021,0.7013802285406436,4.323800163039065
0,0.8978498856497594,1.0350413597647137,0.8412038730603568
1,0.032286081374591574,0.12696315876913342,1.2154784552205138
2,0.4558008054118255,0.6685672801906635,5.09804199564449
0,1.0283041212270632,0.9806936456469268,1.0198965645315583
1,0.06621268673198777,0.132657861185419,1.1427868500869542
2,0.8831540148791135,0.8238526772948783,4.566122838231072
0,0.967116227423783,1.0335921107810302,1.0026855745159273
1,0.2366812156196224,0.2076639790690688,0.86861910014522
2,0.6181830371896193,0.8773033832903252,3.4015050304861143
0,0.9884877542373302,1.0406242346261363,1.0589319139153481
1,0.14058629062722708,0.3276147714181391,1.1238552752046436
2,0.7279390941012809,0.7778504289996819,3.106975104743711
0,0.9611268309721349,0.9062093978235937,1.0938926819914574
1,0.34290395838838095,0.19512427603755741,0.7647473358523796
2,0.687850246907778,0.670684987068563,4.045690936012545
0,0.9678625218095347,0.9811076348880926,0.9882003201674853
1,0.3115499394643953,-0.04130475533068689,0.8339397712111781
2,0.7474751792172399,0.9657011588408959,3.547421275757789
0,1.0509146000200436,0.9640909207144386,0.8204646694381179
1,0.23764552243277967,0.35367966588575134,0.9782714049396611
2,0.8103439392769735,0.8698307502137377,5.464428908565822
0,0.9979502427997791,1.027818350801459,0.8075742656503302
1,0.34569534444858174,0.14914903019903458,0.9244888652838023
2,0.9286135915483815,0.4954821213848332,4.3615576235266715
0,1.0387158836750794,0.9934269487198346,1.1024084297744043
1,0.12328240216276654,0.457077212942805,0.694143856160883
2,1.039790328140379,0.9524130919458499,3.8802607433697114
0,0.9825227995859952,0.9422419526167521,0.9966222798173192
1,-0.0001767286203824825,0.30049669645323773,1.036583911103951
2,0.8341476390409474,0.9107585313301669,3.2317486949479806
0,1.0266630967928023,1.0511943226359828,0.9451090517499788
1,0.21588425587978116,0.24941660422624287,0.8733605012870993
2,0.9250152270458487,0.5730133144575403,1.92143770117293
0,1.0303642972132108,1.0416069941271828,0.6566370087707425
1,0.14344661335325293,0.32898352793283375,1.091623746924125
2,0.8873569840251301,0.790200471814029,3.3003067759879
0,1.0449332395774362,0.9543292574890045,0.9212706790487237
1,0.14829143448920415,0.016735640693334525,1.174327010769778
2,0.803572124831712,0.8515861354064928,3.920372991206345
0,0.989338308534533,1.050389143417522,0.8452837486918665
1,-0.05249963470952779,0.31986436806726504,0.9274817231601137
2,1.077801377708974,0.6093623862672026,5.21666727687091
0,1.0347062498940673,0.9961176904045064,0.6584293743784868
1,0.15443500132711108,0.313548059567479,1.2136646099314055
2,1.0038990456797026,0.9137453963349325,4.787121883389474
0,0.9536567299608666,1.005155938482629,0.9373083556551314
1,-0.09648822412277747,0.21091138455117212,1.2553038896470161
2,0.9667788069091633,0.9143484585594861,3.5944126488208146
0,0.9943029197391826,0.9831695390502502,0.7720903655839206
1,-0.08198440719621974,-0.021001164920932153,1.2312320425864147
2,0.7648113561603036,0.7901241253640794,3.9094707081935716
0,1.0188805151683633,1.0226497952846787,1.1735896004999395
1,0.08666916812489417,0.10399142033456657,0.9352592804371905
2,0.7660471486930172,0.6804045144339498,2.944443576601838
0,1.0491033234650664,1.0475636903525494,0.7699233206701998
1,0.3594937985464211,0.14335736958705464,0.48705376239302467
2,0.6369571062341411,0.8327415504916496,4.229053583571637
0,0.9338812577850105,1.0415746871418472,1.0386692218936335
1,0.1613595964528835,0.08640928260528351,1.3876226710326738
2,0.5578527326776118,0.6955787261717089,4.47493379304002
0,1.117202465390333,0.9884441980935919,1.1134939845421954
1,0.19421653529443095,0.0800497739672641,0.8840442539847087
2,1.2226036915157272,0.8520240342265207,5.426205831368372
0,0.8907747376712778,0.9837151992479439,1.2517479306560386
1,0.2024692517734187,0.3198804720817592,0.711191397638538
2,0.9435814856498286,0.7948142550241293,2.434842738485392
0,1.0385507666967615,0.8938988923939837,1.0208444526145122
1,0.1310882487530997,0.11680895512578139,0.7321101053226033
2,0.8443750396902013,0.5992718363244588,4.263184155012012
0,1.0306287929547275,0.9923201223169866,0.6505431032923756
1,0.19175578983695762,0.09043100580165016,1.2374313356062718
2,0.7064013849689429,0.7093576555226336,3.5419144428525806
0,1.0134106077614184,0.8980368234336287,0.8722354075132255
1,0.21791840176296937,0.403555231753047,1.1849734760723183
2,0.8050418988331398,0.7809923862582673,4.5451962495222915
0,0.8977603549177621,0.9985579602581837,0.851919658984385
1,0.1223226726511917,0.04879611875161749,1.1919881291836885
2,1.0016417275992167,0.7792533717292274,3.625525167799523
0,0.9821363832383658,0.9192203720593309,1.2585851298849262
1,0.13787060187115255,0.07619191522595356,0.9549247035458774
2,0.6458193384305742,0.6748125928641299,4.638866148886903
0,0.9850765741208818,1.0802983594199234,0.644032459125645
1,0.43003561964062065,0.1799809665658182,1.2196464336151311
2,1.0644070677590622,0.546950323548524,3.193917449595676
0,1.0383170985220291,0.9981897270207104,1.2375954773376994
1,0.3521417194785149,0.3723971515548732,0.7550615486950777
2,0.7842683100717548,0.9065427278993614,5.677833486091922
0,1.0321083348850382,0.9709890692450514,0.9278748686236575
1,0.07834360883566291,0.2680910147348634,0.5325089414598823
2,1.073036954662577,0.677005465443395,4.254130778340524
0,1.0718190997464594,1.0840551119404223,1.2600822701426282
1,0.21605655943184612,0.3705341126889097,0.7569939294969472
2,0.8975522447488926,0.517255502320206,2.0118799317059963
0,1.048543340774359,1.010602384639095,1.1749939985599918
1,0.14487361090510026,0.2153018932973846,1.1628476884576133
2,0.7316106005059626,0.934033744582031,5.15605515454337
0,0.9700390528334679,1.0431494063407176,1.4428515255088326
1,-0.05812685595959233,0.2725047831890813,0.9274114040206972
2,0.9144354805778929,0.7030261603159472,3.8975953343663474
0,1.022030881152231,1.0504157565417576,0.8946577946998057
1,0.19910363450469112,0.09479794491593156,1.370130360898759
2,0.9205118620992383,0.7646082850338648,5.573773785250658
0,1.006215826224332,0.8930245094482095,1.4231296045395936
1,0.31830322341096257,0.0016036017028258909,0.67106626312525
2,0.8203886355510249,0.7625856148044846,3.5757449851592495
0,0.9496084924294436,1.017878235984291,0.8616040423143528
1,-0.0005244972284644822,0.3718948704549717,1.0345614805147054
2,0.8752483674433345,0.8893084507974935,5.1119147418036155
0,1.0681575549480489,1.0174099949704174,1.201680787508906
1,-0.02546616596207915,-0.09798180688838631,0.9941879198078197
2,0.8611711759337645,0.7563984089761399,4.270681403479296
0,1.0179016540702928,0.9545307107581374,1.1501130403819873
1,0.03990694379759027,-0.06886791453283914,0.9358609184642148
2,0.5133060723526546,0.7967465404794185,3.679957242418351
0,0.9601719015159015,1.0155926079760595,1.1310839683511318
1,0.15093240896119106,0.27611609532600734,0.8252539589478294
2,0.6497934214003643,0.8972688717419203,4.2592902661193595
0,1.028834391415248,0.9334681896790231,0.9711641909525426
1,0.09270249060699148,0.37573648585708763,1.2084298921568948
2,0.6796807341487154,0.6769685876200638,3.6245719732040884
0,0.9937709133679883,1.0097903896005664,0.9825800565311869
1,0.12448866903645486,0.40915461256529073,0.9380955560295874
2,0.7333620540512588,0.864395265630819,3.6538981096786993
0,0.9603200740611741,1.0047749884974502,0.7428406340847475
1,0.03957230679452725,0.5075939940555027,0.6710607639012589
2,0.8297954920000342,0.7448478196653237,4.777201713966574
0,0.9932987291613488,0.9950682848598518,1.2922692461806418
1,0.2785803111253917,0.17720394991550503,1.154649928867449
2,0.7806917785032983,0.8704736175705543,4.512230786434657
0,0.9891151092341823,1.0002410002067854,0.7382219724338193
1,0.20202219468825747,0.32690347645491424,0.4645273964683022
2,0.6751422246937222,0.9271218309836856,2.586988718139427
0,0.9580716101704806,0.965682311853581,1.394387252618216
1,0.4355728983403457,0.232135775940407,0.6780455205806666
2,0.889513501825649,0.9943499346164882,3.9145252984636616
0,1.0542917846705884,0.9717987593398641,1.0603161786953552
1,-0.13627120017283478,0.29650336884030326,1.0922551015124307
2,0.7245254561846768,0.9851084409311371,5.386664218265982
0,0.9960887986747624,0.9964643746564116,1.5815194549962452
1,0.36842317573548516,0.3728369508099342,0.7818571738989438
2,0.8502690578234678,0.7820971715247965,3.911966826532444
0,1.0548472417631538,1.0720467231974258,1.3180860377790018
1,0.3657260304971264,0.0409783726092601,1.1101171928549887
2,0.8242885890995724,0.729670102974249,4.86800945233585
0,1.048220797777689,0.9878772273602092,0.991673726066345
1,0.19387362842659683,0.22971262722763847,0.8127485345865018
2,0.9532172501597262,0.5273989221357367,4.715235308856268
0,0.9547872624795005,1.076055038257373,1.0513080129826953
1,0.2715291574039008,-0.020290767700865103,1.2246735919124445
2,0.6777311890847425,0.6909124772451072,2.538696727703287
0,0.9395459082770248,0.9900731520242232,1.1301639672750372
1,0.32607890312366017,0.2738571303040658,1.341305600567075
2,0.8221132605806822,0.7337277498395651,3.1498029117240423
0,1.0071922279491448,1.0760966808965386,0.9861242012732845
1,0.40613534043140326,0.04061474298136075,0.9264057244674918
2,0.803435431399808,0.7439224690951285,3.950530487137662
0,0.8987521081373013,1.0673806140587434,1.031409993637392
1,0.027894365974020924,0.23323872141504656,1.2111832992509541
2,0.7769437786116062,0.9257020961697431,4.595360608838541
0,1.0535315746374216,0.9701041010757456,1.3072208686958304
1,0.24974004850808187,-0.012524903995320164,0.8274625362090512
2,1.1751843646857387,0.7517817555175048,4.233244585812416
0,1.021521296804404,1.0078415993786733,1.1561450381998388
1,0.49108450123672864,0.6075356707027546,0.8886977825429129
2,0.8794892080318175,0.728898362130961,2.987067836778058
0,1.0130114537562436,1.0804853297634598,1.0578719532366745
1,0.25324735181663893,-0.03988420389744357,0.7026983275448365
2,0.5218201885364848,0.7910497792103073,4.659052983354832
0,1.1031051905395497,0.9510773186307837,0.9748918168351305
1,0.10862234478879342,0.23023444181649186,0.8372487808189631
2,0.7675673574573741,0.5666641904067871,5.019967462141016
0,0.9924870725603436,1.0003565682238178,0.9203098182099738
1,0.27516397707543466,0.4946050696664077,1.1474105354923412
2,0.7369519619514796,0.9822118282675022,3.5248802415325
0,1.0078181218669666,0.9304491617887187,0.8094761416304694
1,0.4028494565575826,0.20785832886639657,0.8608891725772903
2,0.7495626097930608,0.8953589342156805,5.027668381401102
0,1.0523258686615786,1.051615456360642,1.1768946228353707
1,0.22996031563686448,0.2532626168712517,1.1702674164590914
2,0.8413089872821798,0.623645185846396,3.7539708535191787
0,0.9379612140622435,1.0981115392322565,0.9471448478496188
1,0.4324528262753771,0.06265690822934522,1.0321976368651615
2,0.8590321474735155,0.8467596300536572,3.02805640010546
0,0.9788048057683553,1.0203921925310562,0.9575782444428046
1,0.3567853260030621,0.08886176767020491,0.8700601330775609
2,0.5733827183010267,0.8616393737377877,3.1635630616507386
0,0.9602741987694927,0.9891762781894061,0.8236587210666979
1,0.21362224606487032,0.07959444774917177,0.8456869832223682
2,0.7166635926943217,0.7849631427828424,3.6634297688668958
0,0.9973549101489599,1.0655622319398814,0.8554967561851436
1,0.013440886226973064,0.36588087027880933,1.1298909761374663
2,1.0604222308121252,0.591118019946374,3.869622458566404
0,0.9399210700685691,1.0019840967980662,1.0885305354166217
1,0.014372279738085941,0.047422522901448744,1.0499465492352087
2,0.8010465086659796,0.8071366273451563,3.2136967270318366
0,1.0208671603277162,1.0061037944038336,0.8344158516979987
1,0.21645139097139432,0.08463481785265611,1.1162110561524374
2,0.9173039540648772,0.7666315442419477,3.7856399158185305
0,1.0481832279109171,0.8934628754896998,1.0654750544625098
1,0.34403686133733996,0.5389096924338668,0.6984513078063472
2,0.6324793130391961,0.687382156482381,3.4345889548542687
0,0.9202448798075754,1.0191607751044212,0.997046879128256
1,0.09517972698397628,0.24090054266876257,1.1856303703638291
2,0.7761363727875549,0.830906765765028,2.4489994495576877
0,0.9879523771871944,0.9604955417055187,0.5621507350611189
1,0.1135318006552286,0.06826865693183676,0.9219562900162221
2,0.9245758373749228,0.7665047370244445,6.012984618423642
0,1.0346007232983188,1.0625714118750755,1.2469555068418678
1,0.3109947228105344,0.2822990770254381,0.9873453736595422
2,1.0014748859453901,0.7249944533658144,3.6749498049305642
0,0.9556259471796175,1.0324863658774588,0.9959921424983652
1,0.24958324103237806,0.371343165460279,1.2402262083135227
2,0.6206403828479674,0.774291306652781,4.633370057517228
0,0.911406255828863,1.0905125004088996,0.8868401003836345
1,0.2257416798355078,0.28949385746539885,1.0991904023768073
2,0.8590525311136392,0.6516438208894964,4.2633140270103045
0,1.0302811954874054,1.0424740412781808,0.9330485731285316
1,0.3516906649282312,0.21771238362127698,0.6421169904885549
2,0.8846101537046336,0.8553942996189221,4.009504047602122
0,1.0718584324058775,1.0384269185219792,0.9233285532657112
1,0.07114532443273214,0.16093041507848255,0.8097113386629138
2,0.9252199929673135,1.0588676287310206,4.364541648939591
0,0.9361937321191603,1.0423686658811495,1.1702489425285663
1,0.1762801618282967,0.26121109091796624,1.1606194946961057
2,0.3679635948209665,0.9741715606495482,4.066526728555496
0,0.984661373490576,0.968975270769028,1.0061607852747279
1,0.2730463815395407,0.16082050911670487,0.7584190879076211
2,0.9771079478327382,0.6157653508818577,4.18441806442018
0,0.957950859175132,0.9001077264549859,1.1127883529765397
1,0.3848863815733592,0.24772278203334633,1.3046359680620836
2,0.7604274711491502,0.9409632725023853,4.065126262746119
0,0.9272564433510803,1.1050557112268884,1.0636345024564113
1,0.15626752849164227,0.22441126388881344,1.2149064522150685
2,0.8220308932715746,0.7289590091997875,3.8562132820003834
0,1.0361922215003303,0.9764011036648843,0.8769159786194957
1,0.19451227394946097,-0.004488613892431048,0.9331597957195601
2,0.9480318044933268,0.8534494149381124,2.649888592607522
0,0.9779227570493577,0.9867077543724182,0.8739096077004878
1,0.2934687124500698,0.20818420076494437,1.0700865053410438
2,0.8606837251904302,0.8057170784773235,3.9274799313188833
0,0.9381588606995318,0.9667781705234411,1.5128986749748312
1,0.3574376593698224,0.2724535720336455,1.2119382497608946
2,0.7397597135835708,0.9511381841009858,3.7299818302832173
0,0.9724922017851135,1.047174392794305,0.717896312225393
1,0.056410152577985984,0.05825478896534414,0.7469994488595568
2,0.8652634079786362,0.4375887508256174,3.7271769173454143
0,1.1002172223818774,1.095841673228717,1.1280344471009776
1,0.20517417584573844,0.128848694101161,1.4267427008066493
2,0.924983667075499,0.5827501245578907,6.574030198939318
0,0.9318587412829735,1.014172556086684,1.145738661817755
1,0.26811719103534287,0.3497906631463739,1.319505197363941
2,0.8416835176801858,1.1685656764950574,3.991257090149866
0,1.0771650125616996,0.9391728163866866,1.0869932486628746
1,0.44422519738871324,0.23332986923739896,1.1702279970564078
2,0.8201640592946425,0.5952544502336745,3.164914697469274
0,1.0154841412948588,0.9916841942541922,1.2070529939851162
1,0.16404891938005284,0.17346235496246754,0.9164454421800832
2,0.7684343165679737,0.5856114667339984,3.4419043026140765
0,0.973401814339722,0.9860935152773939,0.9348852584727583
1,0.2653223021873673,0.27400011684647574,1.1192975286356264
2,0.6028101242187016,0.8211347165855992,2.2474618569869853
0,0.9737917116324297,1.0829432197117195,1.1391911109347865
1,0.1222562351749297,0.28228977893853985,1.2773553665498782
2,0.747441665008851,0.6302816964372564,5.159663764054601
0,1.05099540739948,0.9891235973265482,1.1817544377328626
1,0.33959887770571234,0.04605220324328679,1.0195238732352139
2,1.006057932191495,0.8340936007632261,5.788122590158317
0,1.0337500454378705,0.981604475783916,1.0460568327899302
1,0.34874927278253154,0.2762666686076211,0.5718937233840625
2,0.8433899161588946,0.8195505083323195,3.212083103309193
0,0.942592283883785,0.9826769026398154,1.0386920408491254
1,0.22347790964406444,0.1767943771961899,0.6835658342334869
2,0.8694828475883591,0.7286474274929383,3.192197502025145
0,1.029209941184818,0.9604256397029298,1.0286539804661219
1,0.24705725115847324,0.15857071110901913,1.027987174129192
2,0.8358241648399095,0.8553324891799149,3.866284124463924
0,0.9891387706793945,1.027982436156658,0.9306859696975405
1,0.2552337164205681,0.2611415517821677,1.270673741327608
2,0.8833194890695907,0.9709340274684343,3.7531060317129294
0,1.029401336353877,0.8451314928323458,1.1346925227880122
1,0.12697524836322266,0.5967731155655653,1.2973190794903164
2,0.7460281752090251,1.0761497745488526,3.669851871031811
0,1.0488635043878,0.981909374237638,0.8329328375823863
1,0.09515575165226527,0.1283774591266118,0.6371183024813402
2,0.8296568151139283,0.887586829596502,3.072998373419898
0,1.0003177141026558,1.050406466530195,1.1255098337973242
1,0.25668382306721793,0.28258388492461844,0.8731245618658416
2,0.8594307959562798,0.36026498384146177,3.9369561378775777
0,0.892180991085517,1.000767543943113,0.42161570911983814
1,0.0947628953464164,0.2875078874480152,1.2123201541146038
2,0.8057260761638767,0.8593287754920734,4.335991811376659
0,1.0255541688347196,1.044511763879002,0.868264966507206
1,0.3303396830606995,0.2184274281426366,1.19582500488179
2,0.8869992576696845,0.8615981412929575,4.205883680674641
0,1.0487580076458458,1.0728313021288436,0.7515700682893303
1,0.29670000029214794,0.2188180540573039,1.3224543095094212
2,0.8015258840626457,0.9121530754764289,3.3161005790544724
0,1.02131637140231,0.8911867652778466,0.8646256959649151
1,0.16508229439237396,0.5613077924650668,1.1441545347095488
2,0.784144511133303,0.8668929984940766,4.074497836660855
0,0.9196831863846098,1.0050300293753611,0.9925588247900051
1,0.5117526063810944,0.14708464096651747,0.9335507060013236
2,0.6362643929160329,0.7624783465053337,4.2889474544585955
0,0.9614688345386818,1.0222761766234794,1.0959200529606203
1,0.1310801344783707,-0.1545651526975268,0.8447238991297551
2,0.7453412174891689,0.6281031283465321,4.016387792084374
0,1.053008976923344,0.9816922402549813,0.9160348242042502
1,0.055343667022061394,0.05054591936911862,0.8143294633904464
2,0.7630690567436237,1.0482647600339596,5.339432892171784
0,0.9541840022220205,1.1450119278425548,1.3828581845881915
1,0.26166908503035957,0.17037346432505193,0.7723601398154386
2,0.8399399218305013,0.9750095999023959,3.331120744465771
0,1.0872202114941567,0.866500930787381,1.1472452630611758
1,0.212088070769604,0.14267141205923595,1.3467565769970924
2,1.0220761002732528,0.5375705504095369,3.100512726134263
0,0.9805609146244667,1.0157381907042229,1.1113746072122483
1,0.03514590826213543,0.07494279825217731,1.035689661850703
2,0.931587344516971,0.7835118659817613,3.0722660957823416
0,1.0892867564362672,0.9334727287792226,1.2567913244660152
1,0.28775304073651065,0.24123745674330327,1.3137043184759833
2,0.8394787189148195,0.568141302465566,4.966990398881272
0,1.05606140129855,0.9289081972692212,1.218404717887661
1,0.2939049880007164,0.18866259114287348,0.6795936408812262
2,0.8151280945774971,0.8007259633875118,3.6741017811160983
0,1.0215826025336285,1.0224528798844912,0.7664970422964998
1,0.4452588229745492,0.29185970301165565,0.7478119963639251
2,1.10569210316382,0.8653220880803932,3.8820252076680455
0,1.0449608646010666,1.0441511156456333,0.9927707068433338
1,0.04063684882526644,0.08527968753802367,1.0900315933014229
2,0.7594812975417666,1.0317769423343721,4.79760033659381
0,1.0605015024404423,1.0447771542457662,0.6987043246078328
1,0.25977554605400127,0.22574492458991066,0.9242923069435537
2,0.7473414574382283,0.6009280347544048,5.315642524680559
0,1.1071149041687736,1.0750770844017936,1.1630431942854287
1,0.3046502119526383,0.05162924885375719,1.0084478903502856
2,0.9999354296904691,0.49361887510129665,3.0076456195268353
0,0.9678577838947795,1.0871360077007453,1.070130746607463
1,0.4708558598551811,-0.004801264420653456,1.177723511058089
2,0.7608401081228715,0.6859268960200974,2.3342096373160444
0,1.0235963964143857,0.9767508876816874,0.810293596399835
1,-0.28214193403197924,0.2639067150426683,1.1034963165499072
2,0.9985258280478133,0.971328567733262,4.015590088553465
0,0.929131797519219,1.0191764571434134,1.021378709068528
1,0.2538104839350835,0.19600729673805697,1.0344424448919989
2,0.7425902014214676,0.9339286986300608,3.6651197592415077
0,0.9904597726219683,0.9778639870118635,1.1256814650054126
1,0.24868057789471676,0.3796455533049877,1.0062529962125397
2,0.8387158252400075,0.5076010361458364,3.427841897995666
0,0.9897514077439533,0.9716152784883044,1.113698926332963
1,0.08091724653650668,0.024870534942295353,0.953093882836137
2,0.9668605878486521,0.8104592544068335,3.4048929894438715
0,1.0165739706601402,1.0191045455033712,1.0931169122933737
1,-0.010417259732346362,0.02898423481280274,1.0496963339863272
2,0.8896346016405035,0.793797469127696,3.6870314423990953
0,1.045770788210641,0.9345326589223951,0.766665456951492
1,-0.018097890813932954,0.03918948955929827,0.6719818198269196
2,0.9312456257686204,0.8883474936409815,4.660591431247581
0,1.0249506425824686,0.9614834403312821,0.9664409743340922
1,0.08690245839798774,-0.12717336802589002,1.1155539081901278
2,0.6962612797944481,0.6272685187523339,4.171952480168349
0,1.052389380879371,1.0075100429101524,0.8166848588035409
1,0.23869875396448412,0.17291545206301354,1.3534226197430612
2,0.991060986207589,0.6789782563172694,4.058173110211483
0,1.0472412798334214,1.0249855087350659,1.0156281783011776
1,0.14059471188581896,0.11162294156879297,0.9080606884898799
2,0.594158056384163,0.7661098749722326,5.152564429840561
0,0.9784959692481542,1.0094069226229387,1.239814433702283
1,0.2988906455363616,0.25721326185971116,1.2205578964432835
2,0.9446680160919811,0.8218156302496695,4.25073931354201
0,1.0366702553947367,1.0022636426150717,0.8603830548362142
1,0.3134565582647465,0.33427002040394527,0.8149032657683198
2,0.6727568027441401,0.9236753810659825,5.412530353523838
0,1.0166301804428204,0.9406564716807543,1.377239449893515
1,0.3116230821310959,0.02263644509218868,1.3772202790954389
2,0.8148513407617736,0.7375746553360916,3.5386119458814727
0,0.9385916673176395,0.9788399625651028,1.0057283251897498
1,0.1862558519354631,0.41021921288051133,1.051379103848757
2,0.5159990824424736,0.6991789565560994,4.247924348851518
0,1.0681700345333487,1.0290409248822687,0.8121193865321105
1,0.15833769910770737,0.42581876695270904,0.6252057909108247
2,0.6627800822200064,0.8988964997419033,3.638254346077808
0,1.0224395400504975,1.0302600461059925,1.1195142984773259
1,0.1387645261302662,0.0017084389674826284,0.5520780964897564
2,0.6860103383094538,0.8389466439831161,6.0635121735525965
0,1.0149969098365494,0.9405024595940817,1.1500922102797617
1,0.25578578397935275,-0.024181123772074792,1.144503806174702
2,0.7640623308540002,1.0270844436337887,4.182540623876589
0,0.9497741126796804,0.9498617764266803,1.09266032517035
1,0.2325686169804038,0.5997462388931334,0.7645057606840926
2,0.8472179804165164,0.6889196348476637,4.294111141364248
0,0.9800249815455346,1.0273945013010592,1.079515883476248
1,0.2898617355481904,0.16514255058549634,1.046295981603031
2,1.124975703260757,0.9856278493117463,3.8714128388644213
0,1.0001314200704112,0.9543646368726697,1.0244248570396945
1,0.22199304138437748,0.20084442313142267,1.0412511701188178
2,0.908325176911366,0.8796013251082793,3.2963793215317017
0,1.044358871410145,0.9804390491795535,1.2747646665137036
1,0.2457730450116219,0.5114457365297707,1.070205112952551
2,0.8523172381817896,0.8265889066753278,4.445954981703328
0,0.9686453789636374,1.0078150263904742,1.2859066432518689
1,0.3236398896149309,0.3094289073599291,0.8528546859148134
2,1.0951998458729124,0.5073116741123535,4.228878721593892
0,0.9352658034133199,0.989917256080762,0.8503806848193145
1,0.4214684919436107,-0.03460183965283925,1.1159575834634619
2,0.7319752811554495,0.8662508643214201,3.7516383450886797
0,0.9946582523775597,1.0225584822009168,0.9492599113094493
1,0.32761396582217617,0.35650849334230195,1.020562631478788
2,0.7835924802069113,0.7397965280807839,3.0891170676026922
0,0.9648575802547791,0.9497249884329795,1.0125704025513345
1,0.3460943479695672,0.29841685846309396,0.9308629990192567
2,0.46855830294950174,1.0208765054031907,5.350234175312918
0,0.9648005104729195,1.0696921900393397,1.1888233214559085
1,0.38407843304825096,0.27076270485273946,0.9204374214624419
2,0.857163788636888,1.0376478197847074,3.9268099059789145
0,0.9527342216802804,1.0767857705043824,1.0772283290418445
1,0.36264912472409533,0.17651371428596263,1.2448820480311455
2,0.876680784457698,0.9798146493708665,4.643017761129069
0,1.0165421805733683,0.946249991249091,1.0622961285278452
1,0.08471143394327606,0.31517643314442234,0.9664577553007891
2,0.9207257810630715,0.6577332471200208,3.530595821666729
0,0.960769808217278,1.0191036933701916,0.9625581546687959
1,0.12803855335589603,0.075930639476508,1.5085144498070935
2,0.9329130237033152,0.6108342988502458,2.847611330484315
0,0.9722087502858168,1.0651522819486599,0.726965690787214
1,0.36812451755147735,-0.13623168136879177,1.1900658238717028
2,0.8885438767550854,0.9691742488703617,5.147553050036587
0,0.9628093098925464,1.0678258168935437,1.1568315903879345
1,0.23287556581880436,0.5385167723668254,1.1178247017195624
2,1.1392882345713493,0.8686215422654917,5.100364020941718
0,0.9772104383489438,1.0104513399627364,0.7343124355832444
1,0.3020211018454821,0.18164499112403087,0.9343138165202558
2,0.8337595102785965,0.5264370976123354,3.661471121309154
0,1.00657875676216,0.9685958201625877,1.2054969861848959
1,-9.630804530083581e-05,-0.06318510871569555,1.1520147216568977
2,0.8090877060863866,0.7032683172722567,5.322512130233589
0,0.9419621582280883,1.0347091481088533,0.5117781362287349
1,0.1780192118495313,0.21880072963811034,0.8821439116899756
2,0.7575608885782766,0.578326690197881,5.035441897180609
0,1.0118838168792965,0.9967762688715935,1.0100964865834723
1,-0.05609014282276498,0.3760434363299521,1.0136891861028563
2,0.8591156214188466,0.7934652017259647,3.719357111929618
0,1.0676594186732984,1.029789963346216,0.9001885427494006
1,0.25420974133283103,0.10001711255708777,0.8334504568270636
2,0.725406684528859,0.7875267761053201,2.334747107156087
0,0.8892488408741422,1.0095125354318633,1.2261544066510073
1,0.3261111976037461,0.3131271290811972,0.975657764162674
2,0.812691755337301,0.6632441961673611,2.688635403065409
0,0.9028143937527702,0.9910575396026722,1.1485365663435345
1,0.3669177098983851,0.06208322666409341,1.2022241992243061
2,0.9107166178120518,0.8628792879109762,4.983900820361288
0,0.9843301578995404,1.0119417319498036,0.8576968085813982
1,0.15762640044088166,0.1784635665831892,0.868846651492175
2,0.6357589471257238,0.5353607676507863,4.324204365048409
0,0.9851888000384449,0.9785877658297186,0.5793004048988992
1,0.09241244882974563,0.34001738771575307,1.1792234764845513
2,0.8445680269005879,0.7152949064524797,3.7247034893928967
0,0.9456630936060756,0.9746343042232439,1.1851042750170453
1,0.27437990964773074,0.10448214080019635,0.7268323131452255
2,0.7260766626077764,0.6099158842260093,4.4349886584184635
0,0.9998183233063614,1.0346049302700806,1.0119302161891615
1,0.13355592134497668,0.33776386594419516,0.9999207411698466
2,1.0180705276059072,0.7588582756061758,4.707391230270584
0,0.982990981741369,0.9845420863633336,1.2631273503697158
1,0.42745317922805426,0.1718069091639682,0.9982945603950947
2,0.5310169005500774,1.065410131178117,3.537893381478882
0,0.9701467840745303,0.9440236143622416,0.8377113351178554
1,0.2435100243335027,0.35731700449926224,0.9633791761541525
2,0.5836808728521654,1.0220248358882134,3.922426605553568
0,1.059828867661424,0.955386042970705,1.4904572178665478
1,0.3895278506710054,0.3642084788035337,1.010227122420337
2,0.900637275662313,0.8142597856595465,3.998647301676377
0,0.99963767895699,0.9795932071509812,0.9057196427056381
1,0.12117937742155557,-0.10300252985315916,0.8202004109106509
2,1.0078627202736272,0.5980660389124473,5.058657520745351
0,1.0984140222662533,1.0086680961627303,0.9548624175024517
1,0.416458561517847,0.18836131149605675,0.8168428538062941
2,0.5785054980538065,0.605648873299706,3.191522427159808
0,1.0752899057513166,1.0187624386035565,1.1613975450722374
1,0.138555737018762,0.10909987744758977,1.0457188628092773
2,0.9400626195639832,0.6797714663365757,3.3687828387738583
0,1.1189843611746926,1.1066396339442033,1.4051279885706323
1,-0.009580045097737688,0.023388047684471308,1.3100689561950425
2,1.0067600742223628,0.7052943233523509,3.4868518286107553
0,0.9822939991494023,1.0236993836383552,0.9441872539161554
1,0.4737696355633313,0.024191203177070103,1.226597305927931
2,0.7588635367635957,0.7085307989259663,3.9615659277791364
0,0.8853055054327853,1.030400874747515,0.8981661745472039
1,-0.09146935322116428,0.29823866476750827,0.7781349941732048
2,0.32220826358843874,0.7975561062990667,4.227637085277343
0,0.9412062333009045,0.9554194767504939,0.6216860484745341
1,0.5104008286053677,0.10806117097301686,1.3091497396517933
2,1.0615832267647398,0.8089956060703114,3.3514716181591546
0,0.9409476524794675,0.9066267137974613,0.8651545603927975
1,0.00714860477737278,0.13952869859836403,1.0297900829546907
2,0.7141435325563108,0.7523963999800509,4.360817442570102
0,1.0682636693032719,1.0365568653297546,0.7986194987158451
1,0.1071101960320001,0.28423913048496335,1.3352756903233123
2,0.8427295311150941,0.6295228844719051,4.174436105630692
0,1.0396370859810624,0.9552115237020378,0.9836327957593693
1,0.05336569647154335,0.15778146203587534,0.9110707274933294
2,0.6921124440964186,0.7794550161914547,3.9735011018279094
0,1.0299050268069951,1.0429467621737432,1.4804803900952148
1,0.25543330270275055,0.2648555616158601,1.0991454031574674
2,0.7017257814806814,0.8731455716467337,3.561524104137945
0,1.0355159170740902,0.991859532524974,1.0778289733039348
1,0.04560942835829096,0.22938280131339175,0.9456428060274717
2,0.604750287286398,0.9560377843077564,3.483184921711938
0,0.9433105372616296,1.0374843383748642,0.7068680917774077
1,0.20887296270208414,0.20817614207404364,0.8822638973643004
2,0.8492718067569354,0.7129616800831098,2.8883621794832264
0,0.9868772468147708,0.9831508461902224,1.108861217393897
1,0.032211513766821215,0.04272899474031633,0.7751048323047396
2,0.949133278275655,0.8758907658673183,3.5925099195562558
0,0.9929509519687856,0.9963191923874684,1.0152270536066457
1,0.3312454513576124,0.39426373979795337,1.3379708245377318
2,0.987103760933659,0.9523783961391962,2.808414032315861
0,1.12775729365819,1.067011735718837,0.8810217365471473
1,0.14142023153794045,0.28510152212771545,0.5020001206074531
2,0.7016852708129839,0.6301027213622108,4.210749720674954
0,1.0336120417426353,0.978233927076303,1.1765890012015827
1,0.2562523597965146,0.3420225601504575,1.1432175305454482
2,0.8982476723132653,0.9065140526961053,2.991637280429471
0,1.041743321009479,0.9487924874962066,0.9607660117935709
1,0.0997373219259969,0.17055591657303987,1.0413234195832484
2,0.6693105592080943,0.8459614158011831,3.606905472898365
0,1.026843184891203,0.9017197498389552,0.6299412387710208
1,0.3065553170725237,0.26349476995601556,0.5995327093087112
2,0.8531980031107557,0.6918543340076206,4.142423325916949
0,1.006505731027326,1.0561292264771398,0.9577139197765275
1,0.40758548496290803,0.15766940467652607,0.9408721090487163
2,0.8126128689415397,0.916439268174161,4.488592186055068
0,0.9835054636490671,0.9960067274989894,0.8491728647569042
1,0.027758435676933257,0.2788795349931329,0.8658953400645213
2,0.875397846562443,0.8639706451225405,3.8690130580390845
0,0.9859017628571791,1.0194791447343177,1.21852799727142
1,0.17221754250440374,0.11423602232128688,0.9237132790857486
2,0.5363819926889581,0.7931628528244019,4.456028598270555
0,0.9124692948366284,1.0166232589832314,1.4005485425992752
1,-0.006527367092195868,0.4902152818149372,1.0896721956070796
2,0.713758576263712,0.5761117709627741,3.713891903891959
0,1.027847540202096,1.0585937641114012,0.6348699941058387
1,0.24185176734830577,0.14840689616174402,1.1038643974342353
2,0.643761545637396,1.115918423393861,3.784734108673288
0,0.977812588650729,0.9437948776412638,0.901227406301579
1,0.21086226752881287,0.28997316883699015,0.8696480109131295
2,0.37310380906480956,0.9259034325375677,5.082972067783511
0,1.0619589764529094,1.0907954295459388,0.8238255665376556
1,0.14203889271284614,0.08731880390318618,0.9050815139487944
2,1.125234905228786,0.7459259138895873,3.2357957618268136
0,0.9685241112752263,0.934661058979273,0.9029432517345098
1,0.45230841357660323,0.09790852018270868,1.1903557256330677
2,0.5189778660084984,0.6875326873057012,3.703770357045141
0,1.0542024439852655,0.9812180713396665,1.0123154409924753
1,0.40600427562154484,0.07872615061975481,0.8403769585081043
2,1.0151353708133921,0.6754268661635414,5.319710889050408
0,1.036621540051486,0.9964429960205238,0.9250822686350479
1,0.37697404771363774,0.16575674850367048,1.0195665657552184
2,0.538459849342686,0.6051658136219158,5.021245819116108
0,0.9707451056930834,1.018742337322575,0.7680873329959828
1,0.16165433627495104,0.07651703422764006,1.331518068452252
2,0.8770790728429163,1.1685471725671253,5.580481630933642
0,0.9812171418693286,1.0473094735655695,1.0816871258891376
1,0.24735563080256068,0.22408905083283778,1.014731220808534
2,0.7039423281895382,1.067924915640002,4.519318114260351
0,0.9878468073025167,0.9460856225760798,1.3564076198242625
1,0.3663236680772558,0.1692207727853479,0.6751747452455572
2,0.4222400374195747,0.6468123542059282,4.006061425457283
0,1.0320763025955875,0.9339625104649049,1.2406202616658475
1,0.4087438964178546,0.04281683553299434,0.9853868388523448
2,0.8189701964210926,0.3295174696496294,4.285838421288405
0,1.0200954857446936,0.9872610120689631,0.6961467517210629
1,0.30816379917495623,0.05842127801713118,0.7156915004176068
2,0.5230051089653605,1.0414448254388584,4.235224795842394
0,0.9275011259841429,0.9705734891180261,1.0823704858013947
1,0.5251050442804426,0.1747554354179351,1.136638714963984
2,0.8429018563310514,0.6446585809798496,4.32533999560038
0,0.9911205682848316,0.8919880277351705,1.1231807395579152
1,0.15522792927119042,-0.030060347109664237,1.292048217979129
2,0.9565108940483265,0.39723324116425757,3.50042118001337
0,1.063238841889055,1.0352501041136732,0.6739629270989838
1,0.2671142473459607,-0.06912882945174564,0.8853171771548244
2,0.9385511179979614,0.5055477647452304,2.325262622959982
0,0.988649086044466,1.0516752257253141,0.9328090945624807
1,0.3071433101364642,0.004182334264160176,1.287507371757005
2,0.8549196540963822,0.8584890389703562,4.4866245536264024
0,1.059864857311928,0.9609313011989546,0.7582994910836075
1,0.059249219403459535,0.17160066435261015,1.4501188128611944
2,0.8313130337380746,0.9461486592468509,4.853102854407663
0,1.0100442077242329,0.9238459553067855,1.0370457527512151
1,-0.0707441264670306,0.39828098368608755,0.971513740205378
2,1.0275859260688127,0.5587349560858672,3.44010968119416
0,0.9814947422273499,0.9853560688274309,1.1835403959935058
1,0.4985800257876165,0.24544362345823906,0.928455939831531
2,0.5352744903561262,0.9040970205861897,4.948702562774301
0,0.9272893355875201,1.1011118267535025,1.0391440822384455
1,0.5667271502479819,0.030613979169883593,0.8226745684519676
2,0.7792717676733519,0.5030910629523511,5.210976229394035
0,1.0200702206827816,0.9712009451332837,0.9127764302543602
1,0.08324670911017705,0.2488056687133711,0.43018450743427417
2,0.8216235558114587,0.8029385592886398,2.8074709230028905
0,1.0385626420409813,1.0359503873771565,1.5309761558737374
1,0.5189929301602824,0.035836946399516845,0.8017418014319361
2,0.9431639477104136,0.6647591963851802,5.057565877427388
0,0.9398562949203777,0.9153686724378222,1.0424712918869765
1,0.4963633406891502,0.09924093708603142,0.8982952979435425
2,0.8368183481826427,0.7151550361950519,3.0040877501176317
0,1.0581643750370662,1.0491344953900266,1.057153727008916
1,0.17486849844724203,0.1324558528636631,1.0217277863256982
2,0.7299546576148265,1.0099362359926594,3.801649335072442
0,0.9809173797168398,0.9984661769479244,1.1373426627451466
1,-0.12597562333214113,0.5493279950978951,1.1468740351919189
2,0.9941988238381794,0.654742504995535,3.315285720642115
0,0.9802611508442843,0.8830000597733854,0.5591226175976214
1,0.07314753366203292,-0.05657531367482699,0.9966320896215191
2,0.814257880884968,0.7791486494600356,3.354209855534323
0,0.9821580685611854,0.948415001203736,0.597396883309667
1,-0.05523747194863293,0.5481660017589456,1.0689610169801846
2,0.7852939370161551,0.9359050950981274,4.946536722038247
0,1.0494334622646972,1.0095620122396194,1.2170049827253848
1,0.32717969267501446,-0.07425279235832599,1.4537460444197003
2,0.7669453543070412,0.49049220701887397,4.539616573166872
0,1.0689391994471973,0.93094134197422,1.0627549437074801
1,0.23314516500591878,0.4020877417837697,0.8680455015139009
2,0.9389422620747343,0.7179593970106453,3.176502645595514
0,0.9610378495588575,0.9614494806965891,1.1987317382742642
1,0.35347348104989296,0.23366949738541043,1.1518610087121488
2,0.938633192860661,0.6287178051690954,3.002066577307657
0,1.0145174087199855,1.0048011673324864,0.9153462251226105
1,-0.07835548890851579,0.20331513786864253,1.1176911475629192
2,1.0055398433779117,0.7519117822868758,4.208598196668797
0,1.0521764541813776,1.0119193119834369,0.9092041970231166
1,-0.046789898953067094,0.10210523359397052,0.8411140772724317
2,0.4067166817715609,1.1237976262169875,4.562838882352981
0,1.0117929178288543,1.0300804329851254,1.1490756913637976
1,0.4524078944524159,0.25121513580939286,0.7646894693194526
2,0.8089501603614452,0.8690508617209336,3.831932628901506
0,0.9783017870867935,0.9500174466844559,1.0861791645235597
1,0.0005101160684545525,0.048792032044309736,1.0726327458687253
2,0.6455946541211901,0.732313277123725,3.575747880654741
0,1.0462971051669563,0.9975039760359254,0.8335115635761409
1,0.19497735501264737,0.3955804136550374,1.1463952128577586
2,0.5884132443102559,0.7251968134214876,3.8761356899892014
0,1.0780401265902315,0.9711015084639859,0.6898162137044497
1,0.32510606103399825,0.2626556676083002,1.0473145811799407
2,0.8780242316347359,1.056758157478007,3.7381236832662026
0,1.0004128140416775,0.8907068446165416,0.8002953439281304
1,0.014320793369149515,0.3181526914888445,0.7554860385942836
2,0.9860965634924816,0.4694853830308633,4.9227626916128955
0,0.9841167027900916,0.9876940124543339,1.331526247947762
1,0.12884339264568684,0.21953051145062236,1.3904922864584441
2,0.8379090427538847,0.7495540580824154,4.655611414313515
0,0.9609619368448825,0.9993696958630452,1.294777227005216
1,0.4486541923742384,0.07929712463365891,1.0524965933091206
2,0.7950227577585435,0.8894307871915066,4.128380457535259
0,0.9911734716354382,1.0376215522024692,0.8504205734779855
1,0.17594031347040967,0.38525264269644677,1.1291541027960572
2,0.9165785945305566,0.9449130441129262,3.989307837839031
0,1.0596246301859504,0.9026058626134865,1.251418993720047
1,0.18274556361410707,0.30699179336386734,0.9602377653176148
2,0.8363366207409185,0.9038104699557756,3.8497332630877703
0,0.9406536190953411,0.9018523425201643,1.1072102589981052
1,0.1701025347415252,0.3963027203387801,0.816057796866156
2,0.8509179968831169,0.7723812470416163,4.169762410601748
0,1.0085744468022044,0.9983609914849679,1.2966778012291713
1,0.13631021078733152,0.2862234051806816,0.9003542221063424
2,0.5738990545862337,0.8866429565973368,4.887482901505248
0,0.9116676117493608,1.013038645680504,1.1049637114556439
1,-0.12156189150697577,0.2045994066724526,0.9163416314629704
2,0.6846260025878783,0.9380304632365325,3.706652708407415
0,1.0232734567999964,0.8662860159186612,1.3556676444137632
1,0.1420049329819152,0.10420387029546427,1.2660358707064723
2,0.6036810345383693,0.8744197959983391,3.665918145851555
0,0.976589260892601,0.9906638371114626,0.9453471371334232
1,-0.06579241992022539,0.4118269005930788,1.0352986668774897
2,0.7962392677569317,0.6615607735072663,3.674343272918694
0,0.9544557604213939,1.013903597528876,0.8117966274167692
1,0.03503996961247083,0.49280513733654496,1.1464527146012364
2,1.1392673026082425,0.8280104683786899,3.3254570390237648
0,1.0479560909039032,1.0066330541531014,0.788690448393952
1,0.2374439066450313,0.03867277105870595,1.1524064969037384
2,1.0047248267218705,0.9582522014957556,3.6378428239631218
0,0.9666181364093759,0.9830912792042548,0.8276128192801818
1,0.12320105830832624,0.2612174043466889,0.9057792754707945
2,0.8354989968444311,0.6071088572888435,2.1659420696439637
0,0.9986338321059024,1.0117842579162473,1.1456384217094797
1,0.23374188461496223,0.19083938286138447,1.0234492468362153
2,0.8930198908815201,0.7125484873698432,3.909461198261153
0,0.943521615655649,1.0144754885360268,1.0204667038686994
1,0.09707011471687615,0.23949652493619003,1.274756156143208
2,0.5464887111851854,0.5546665616887166,4.912730768668414
0,0.9819288209973074,1.0334023689270633,1.039276457630338
1,0.37773142036500107,0.05595053871965944,0.8819822486494825
2,0.6306128903716132,0.3743992888610488,3.726122291532178
0,1.017761468997892,1.107674748335002,0.9082543910031003
1,0.2184291684080093,0.026797861093526443,1.2703263085406389
2,0.8478549223031882,0.7749347997729326,3.945712952848839
0,0.8579484040546572,0.9584557041455353,0.9163900759187139
1,0.3562866451146126,0.09034632281483104,1.3653768806351054
2,0.5236279232018848,0.951055294393371,4.27838397813229
0,0.997725296301092,0.9955454729290079,0.8993837715761307
1,0.1948866049792318,0.04487284501785613,1.631193874463688
2,0.7460487364155897,0.5757445477675854,4.600349949136353
0,1.0234897011561046,0.9594214645644783,0.9748653268537818
1,0.10957609028867107,0.1824760972877744,0.8239216548326551
2,0.8585388471458486,0.9827505222225057,3.2317175859917926
0,0.970316887062019,1.0285534706437969,1.0423644198118658
1,0.5764663085130673,0.1952228400607884,1.3216744537353229
2,0.8216758222723561,0.8357769617941874,2.930436936674229
0,1.0711097562301615,1.0134765814946105,1.2458437468883858
1,0.17777177830042912,0.23291316195370587,1.3277216566150047
2,1.1095007286670633,0.9076899450041599,4.103030544374288
0,0.9549606642850709,0.9834156811189043,0.8060612971486161
1,0.17020920584310106,0.21573986764630054,0.5094138747934166
2,0.8129636676332846,0.6193446962091835,3.6467968584832864
0,0.9889886057925064,0.944327670449086,0.9226336224122028
1,0.07764660035875727,0.16393194225276386,1.1211667757209944
2,0.9086134791522136,0.8092121696872348,4.5921811155212975
0,0.9311944827049009,1.0884633942837292,1.0557611234598345
1,0.344617789807586,0.23850787523526001,0.8836356863502365
2,1.0129170940176535,1.004606718494318,4.8708011822833
0,1.1043523839255762,0.9495531676087818,1.047534675548188
1,0.16043140316219523,0.14949853836219368,1.074788287800557
2,0.6761178073525435,0.8090113887540815,5.2066366414669485
0,1.0201738953929622,1.0067618173293236,1.453473797444878
1,0.16140395914820163,0.20846782173306463,0.6414059698055221
2,0.4801494241110638,0.8089835518533095,4.897688527665784
0,0.9059262675792774,0.9234018633265755,1.410747278021192
1,0.3597164045914717,0.36307323130756475,1.2493213643325158
2,0.8549489514291005,0.7333647901606826,1.979536994984373
0,1.0162397057721955,0.9847182838610976,1.035367813509713
1,0.09355819222345137,0.4543996634608509,0.7866675325494014
2,0.9333947524081913,1.0844355347132795,2.7241356969686583
0,0.9163357771680001,0.9720391105105833,1.2333996617455572
1,0.1507131088122754,0.2561621743198039,1.2962368767218455
2,0.886367433271166,0.6383961837284998,4.905909427457538
0,1.0087848123172756,1.0199831914719095,0.771448221783318
1,-0.11825497088383163,0.3750866897562587,0.8731016623352778
2,1.058122246106545,0.5004061765844559,5.074281578264324
0,0.9512119241693877,1.0903118622366652,1.347903262131227
1,0.33843946862064056,0.3263504014758988,1.0923664442058465
2,0.6433446061918651,0.7041711838611362,5.487904776880001
0,1.0500993212510292,1.0180607179313554,0.8411624920994543
1,0.17081717296027535,0.02653941904772139,1.2526052994017822
2,0.5976769133735105,0.6445220169343144,3.1180393101295136
0,0.9120898881991134,1.004015406402823,0.9541102871267453
1,0.2084728694064049,0.3583739064241885,1.157994741297531
2,0.8189201888439597,0.8950657516645251,3.098144860776059
0,1.0449489680771051,0.9911893193745542,0.9954971086343829
1,0.3293602194575468,0.07317746089580962,0.7451223739149662
2,0.5642991017319738,0.7409531438733781,5.16157714336161
0,1.0312822276723153,1.0409682450293936,1.2030032029083655
1,0.5155790100127018,0.2566101532408971,1.2336370256537434
2,0.5889853078432006,0.7155170910998775,3.4639150742486935
0,1.008708954780871,0.9406812978274335,1.1319468308231608
1,0.29005059414442075,0.12287880973698649,1.0002263098011757
2,0.8737011509581971,0.784500041687645,4.074317796693188
0,1.02499223313373,0.9906280286991467,1.143538304780297
1,0.4574036350574613,0.004645100220484699,0.7046667081573447
2,0.6084797689400441,0.7991414560053212,3.622032872924387
0,0.9999980419342528,1.0539672842972636,1.2274106524434234
1,0.4880856400676678,0.3851304904913918,1.0053024968726194
2,0.6176106234757577,0.8586525872347509,3.8687960957098517
0,1.0655969901697073,0.9506042374577378,0.9537405013452259
1,-0.056322713497444055,0.19055592550389977,0.8411836086633885
2,1.1048942621756503,0.9260291788386351,3.393235351693181
0,0.9801453254874819,1.002114087482682,0.7158731495546731
1,0.23733238636853177,0.3395801137365668,0.6353803747095146
2,0.5380997078809804,0.818532944559422,2.4542519092365414
0,0.9757314733813716,0.9245580585406367,1.4095307948301679
1,0.3300805105516115,0.23592599915970838,1.2313546330767888
2,0.8626013695772787,0.7721301575691304,4.096546817360297
0,0.9756877358134335,0.994614679860201,0.8713363188451363
1,0.41996881207270287,0.36509614333060103,1.1837687319163774
2,0.8766158453533873,0.7298248813010925,4.940104912895565
0,0.9513747628527591,0.9147595216834438,0.8555135582691015
1,0.2434242618887819,0.5249132881245384,1.0864053653924997
2,0.7783567307678927,0.9405277197170671,4.138997024184287
0,0.9286617874925837,1.0334490440102024,0.8764870273426795
1,0.2509412709665758,0.1530932916249611,1.1748323468957644
2,0.7210214167655029,0.7846660479089794,3.21453589346062
0,0.9645500733926383,1.050967593149658,1.1741793109243068
1,0.2527141263444689,0.13565137062404306,1.3205317193091775
2,0.6718439109899578,0.8048291823729388,3.7646993876692965
0,0.973961898546736,0.9437498396111124,1.2318848612181363
1,0.2071581391150899,0.2032820628431549,1.1611382198843918
2,0.6394652112381869,0.9421685323464295,4.771202623775108
0,1.0048446601025889,0.9922866653940107,0.9203182442442843
1,0.2901961602381049,-0.09022340112504096,0.8042506310731949
2,0.5671493351611545,1.1045446890238446,4.3239896338948824
0,1.070987221572371,1.0405244677794105,0.9285260220127256
1,0.1543730820925542,0.16942642481347953,0.9000569740481874
2,0.7968611763467904,0.8206232352344779,4.103051704292209
0,0.9361230918991547,1.0472303911733785,1.323465844035068
1,0.4443475675455224,0.27774146332430566,0.688078018258083
2,1.0276046455948287,0.5884121613317032,3.788228803419012
0,1.0249059250061643,0.9500101650573027,1.0112824380894099
1,0.17236756777512874,0.31076481907000497,0.7202961982533826
2,0.7401458387264135,0.7577531768721635,4.423022851977684
0,1.0415478843016546,0.9388218829913932,1.003719422337065
1,0.031201020443187066,0.44298578014002205,1.141045468074028
2,0.8106293283037038,0.9449648992534688,3.2466992257760046
0,1.0445495347844704,1.0343398297025457,1.0100948457621046
1,0.29949877099905614,0.28094250957918093,0.8869242646864538
2,0.8662417589000988,0.9248289777306015,3.1099822642525323
0,1.044650680597036,1.0498550505684363,1.0052705080111646
1,0.1044444970854277,0.03385528846052849,1.3481309384563347
2,0.7762101383669512,0.9695993740456217,3.7870339896217042
0,0.9822730844822379,1.015929843193033,0.7805794236019661
1,0.274973349026834,0.22574022799793844,1.3090640344858508
2,0.8063910970322241,0.8805868255551011,4.110026889007859
0,1.0243927693463715,0.9208549474486013,1.0460642519198649
1,0.07704429775125948,0.18965661361427438,1.5868345874258862
2,0.9310071829008119,0.7142861373593288,3.741698090799134
0,1.0423940606075082,0.9360407897764859,1.0318370170536382
1,-0.008795313763652585,0.1332340152019002,1.1907059641521265
2,0.8014553589379138,0.80168165145354,2.8285868231339735
0,1.0225949860694097,1.097613036225479,0.9553146115452971
1,0.34270143482837967,0.1272305261620273,1.0677136231952689
2,0.8489295912867911,1.0351299080707645,3.0327458435722643
0,0.9075960110040197,1.0169317195620098,0.9112420417679288
1,0.011982542572387372,0.4275871734798505,1.162858104964619
2,0.5886076895257938,0.8860456468571667,2.9660353382371065
0,1.0695812589480747,0.9889649414426042,0.8850793681479926
1,0.32180486447339984,0.2883578675249894,1.0356599532605593
2,0.651720360117839,0.9010892524291815,4.984183433331145
0,1.0305621967068943,0.9742441027387478,1.0534736530999382
1,0.13142007556112478,0.23801281370558505,1.0900359959769943
2,0.7523835679318692,0.6723498021886252,3.958407093017631
0,0.9795677184985199,1.007448216623963,1.3372571791896553
1,0.06235662769582012,0.005024130158396423,0.9214814413569282
2,0.8756235575776051,1.1253207850172688,3.109936022888461
0,1.0289807683761651,0.9880574690053142,1.2454379574990995
1,-0.01764642379524542,0.3198908251696633,0.9820649090926191
2,1.1749424809534517,0.7721596468274147,4.8841188363774615
0,1.0134208913748468,0.9429447390086689,0.9940261758217295
1,0.11377838421251937,0.27548348195632555,1.266888380414462
2,0.6579355540100127,0.7529294541813153,5.534363216104127
0,0.9295368047437367,1.0109398376965673,0.8586729324743485
1,0.01893479065338166,0.4016111557859637,1.1482659230045975
2,0.7087104001286139,0.595271332567066,4.260083011345071
0,1.015524624766454,1.0153857041368903,0.9016559273816775
1,0.36484360264389015,0.0707633399099174,0.8344191267754654
2,0.8826621397046723,0.9506195858105526,5.072913901430763
0,0.9988856588434204,1.0030050569443711,1.1857270621347933
1,0.3390081905329587,0.052460008209341075,1.1624875947206648
2,1.12551121076835,0.7857877643530075,5.166685529899095
0,1.0224439640986258,1.0452008028801365,1.0277847097560302
1,0.0921795681294203,0.017001786115258016,0.6435236583670482
2,0.8799002443545014,0.7077458182948919,3.989326047658987
0,0.8739204732863964,1.0448225555177217,1.0109485046100042
1,0.37637627078586866,0.18165587099315933,1.2344590308626389
2,0.6688777954438977,0.8494148634374963,4.198610296073527
0,1.0703240845610908,0.9713726630409644,1.2498595189496053
1,-0.039685079141966284,0.17992961269231528,1.0817474418808688
2,0.7682186730814271,0.8523724784952027,2.948589847797243
0,1.0053043421901986,0.9918345576217076,0.8564657935452544
1,0.33527921653361015,0.12484329585037114,1.0902013760406921
2,0.7177864869649307,0.9282084674625294,3.394936653221341
0,1.0223536494089425,0.9850124276188141,1.2030046981891875
1,0.05254209366153892,0.10753265019559279,0.9657105347326456
2,0.8945015551598813,0.6322016864382681,2.0018519476352483
0,0.9253140230548677,0.932001890811052,1.0215814033995156
1,0.06194691384709347,0.19803248264426446,0.7524246512124433
2,0.8473038340347924,0.9271718330448957,4.8817342542758455
0,1.018268182251441,0.9964660528562949,0.6541072178806997
1,0.052663134792891614,0.21054208329709223,0.8278367192740294
2,0.6762238067623095,0.8728554253933558,2.658041311143398
0,0.9239335915810089,0.9476950693051012,1.1068853340211198
1,0.06673402558107872,0.2655096889149029,1.27410149892505
2,0.6840488318404001,0.4467573364167074,3.8134569206133317
0,0.97179349297286,0.9596777233731736,1.1651594120290687
1,0.15360472881777223,0.165167874325035,1.1386054955449911
2,0.6346207006856841,1.0420697237794434,4.550460290525038
0,1.0145042931927672,1.0309873261765947,0.910835588630864
1,0.364383445172175,0.28275859515684676,1.0147836061396853
2,0.7728774503648327,0.9419555560511171,4.435437728606695
0,1.021075098889959,0.9496362228457965,0.8055462486201426
1,-0.06566821851254495,0.11940720231844808,0.6161669092165531
2,0.9092536365998989,0.942129718467168,5.160596181536029
0,0.9550202284180834,0.9411228415203977,1.1625521060530504
1,0.458634496282587,0.2189396676139083,0.8284796907069057
2,0.8390958640505954,0.9155322583215376,3.176741389194603
0,0.9719195158926006,1.096306071645972,1.1192407496582462
1,0.11204757863054242,0.20759333404694016,0.8353060184208885
2,0.7305699359458964,0.9707626838715165,4.027859813595378
0,1.030087945141902,1.0077871128124138,0.7110171646773844
1,0.46937261794261526,0.26989404348703117,1.461362579939749
2,0.9391498357501993,0.736695494026621,4.203410976944309
0,0.9153050997755963,0.9761507000706083,1.1389743147696911
1,-0.08607502634731906,0.22816989519252356,0.7968176035756193
2,0.8324107777577915,0.5898968130867618,4.430123377234785
0,0.9422777271733661,1.0210772995676693,1.2253566157220486
1,0.25440930439575554,0.38350489621062844,1.1901727309449281
2,0.7592828521139665,0.4758360830664938,3.5038808082632764
0,0.9453661930278267,0.9595002244336022,0.8042432332194167
1,0.10528907343063214,0.1723596062258482,0.7746417933005888
2,0.7691513930241867,0.921689809218756,2.2782495458860508
0,0.9982865998236881,0.979257497799698,0.7724694954038896
1,0.15177878533136535,0.20781692508374133,0.9850320802578993
2,0.4756862626078123,0.835639579301402,3.6241649345491025
0,0.9518339057752336,1.0530739481500229,0.9868818390666619
1,0.17779137821775606,-0.1027525447470159,1.28240750384666
2,1.0418551029118484,0.7443874985377087,4.3657356852295965
0,1.059996064127457,0.8620579320615154,1.1490094524039816
1,0.39099846201683264,0.20536388201635117,0.9726281142944487
2,0.8075356474266331,1.1536968000203625,3.1209295096795615
0,0.9256970066913455,0.9695918879697863,0.8500638214309242
1,0.11880772286139218,0.28948671568543677,0.9826102744186362
2,0.7460960460305057,0.6819477740376054,4.340216382023617
0,1.0865539761466305,1.0183666667373967,1.1376371069579752
1,0.3218333473288271,0.21206910764817571,0.9283456653239388
2,0.870670289833122,0.6810308817912132,4.941118236763428
0,1.0042447117539979,1.0638534073403272,0.9100095107651008
1,0.2373943914062167,-0.034056884829713197,1.415308551911687
2,0.8370561957510372,0.8365388305720252,3.81145720098581
0,1.0445086722276882,0.9745138244750919,0.7579326899526473
1,0.08750294830452983,0.01914779642172043,1.3340547078937885
2,0.9147799434969802,0.9078246040155864,4.304367842833142
0,1.0120122901273494,1.0089343445570067,1.2535852141279622
1,0.18250361119234051,0.05854164658399569,0.7393876409628144
2,0.7475012589911847,0.8096825123469319,4.295945304430239
0,0.9937969735466292,0.9160881119193591,0.9477643023339275
1,0.3102240678902968,-0.1165499527642535,1.0827493790560363
2,0.7063147289018181,1.0296233847494975,5.264718527698061
0,1.0507406557452803,0.9840108411306553,0.7310266323331754
1,-0.06992084481461958,0.2898827248532714,0.9932547750087427
2,0.9690128134485041,1.0337019427020429,3.4484299806938683
0,0.988689798101704,1.0268772325886442,1.3005021464527686
1,0.16156847684510994,0.04529877571391333,1.0085622486206862
2,0.8529414329651013,0.7406289424192462,3.5796671574211176
0,0.9980768766884835,1.032712059286592,1.0432826968048912
1,0.5140332769100382,0.33266960229545295,0.4900371365429983
2,0.6801519631577959,0.7575407007131816,4.9840095342451844
0,0.9847716770381568,0.9583968752593385,0.9985054993449696
1,0.4855861037564977,0.25565753247610745,1.073992881006467
2,0.8694440294687272,0.6748765663654008,3.7436565087566906
0,1.060065923972124,1.0738302967170792,0.9866651381833337
1,0.28474479963900723,-0.03055585583129053,1.0193742304987292
2,0.8807361331626398,0.9316643923847507,3.1783212846918167
0,1.0642899387852116,0.9690592889599828,1.0640993616485173
1,0.016378632596892234,0.12840506376655253,1.0045368055924546
2,0.8183760704876034,0.7386976263506059,3.190717228822833
0,1.0126559541598592,0.9350032960762301,1.238362023582234
1,0.30818451777536426,0.3410349663680229,0.7302926240055223
2,0.8353396330256052,0.6285454105137035,3.972976737534922
0,1.0360709274743176,0.8827745926230752,0.6923466957154003
1,0.2821942024767523,-0.08763867523739627,0.5852472040665142
2,0.5303870936884068,0.816368339542393,4.779297561699794
0,0.936163122306265,1.0289571135377065,0.8061838525597665
1,0.053185167778716846,0.20207255586242823,0.7486408403258609
2,0.5349283123616017,0.5621687098018279,4.440127987355314
0,1.0690996094118808,1.0454326895107648,0.8681741255812567
1,0.18225360971495397,0.28798820181218093,1.20905088227234
2,0.957782900767336,0.7021555056487448,3.748157594909345
0,0.9176588274736357,0.974679626359245,0.8279383374107123
1,0.33596850622620134,0.27497401926438586,0.714933515783092
2,0.8960756877898539,0.9138421837260271,5.0375378164459335
0,1.00781339955333,1.0293802773440686,0.7795843667483238
1,0.3483192378120178,0.4224805765707328,0.6504315557906364
2,1.1140558068441262,0.6871750177956609,3.7654968917983545
0,1.0249502397791455,1.0854138542393492,0.8645847098469207
1,0.1196432542395133,0.2488237376087835,0.9013779377036821
2,0.5972345684772147,0.7749291413791612,4.765071779242258
0,0.9747627872684023,0.9867409800357786,1.1687307808229703
1,0.22965286854065262,0.018852808473939636,1.181690123899826
2,0.5276656759928325,0.6423027869292592,4.329885434414423
0,1.0583984711072394,1.044793944659095,0.8435410076517017
1,0.4616763021497988,0.17958752684526375,0.9244919018505198
2,0.9124392872719334,0.5906141486184453,4.211452603188918
0,0.9046741804285943,0.9339158357128384,1.3319333079809688
1,0.26589369420558384,0.21791379402901234,1.050976034582594
2,0.6128593705351838,0.9288269221574982,4.505001496119672
0,1.0221274929632902,1.0291899807826712,1.36406365167259
1,0.22520457717787992,0.08842283994175552,1.1555732114575732
2,0.5526322259372191,0.9444335339520296,3.294180128721949
0,1.0489373415728223,0.9997042245071692,0.8936023278359138
1,0.1890014689859836,0.1883705431103745,1.0244790336501768
2,1.0087182494026683,0.6265990140909792,3.3954377661612516
0,1.0178462983312961,1.0784844703369503,1.0248519686765358
1,0.39042183623293003,0.22024814683733834,1.1098607032423307
2,0.9084686784401422,0.6511694333743074,1.7532094350317515
0,0.9637459741786807,0.9916725397411639,0.8972811893115442
1,0.24647540996363787,0.04031456025013036,0.8381580941738812
2,0.6325159636563754,0.889386162815981,4.308266300113258
0,0.9482085972027778,1.104331594940473,0.8570105915082752
1,-0.002528411407357961,0.15905275218681672,1.091385649775262
2,0.9018086746497306,1.0604340715880098,4.401670751969837
0,0.9183354702464349,1.059437879419942,0.9409499397994724
1,0.31944852609177066,0.3635397488137406,1.254742620015063
2,0.6755421606209336,0.6556786876330094,3.5081438776501024
0,1.0093722392593802,0.8839443588463732,0.7833154190858118
1,0.43167351022879596,0.2872256506829502,0.9694909068292941
2,0.7985314861218182,0.7201064710091221,5.010374643528785
0,1.1158239140189672,0.9844171960706463,1.0199976973740625
1,0.29773215859159896,0.2286285619029521,0.7515564538263455
2,0.9305125145174248,1.0937448250039505,3.6413846343291207
0,0.961652941940493,0.9353043563071868,1.1806006686047734
1,0.29366785238568005,0.41424720781122326,1.2161791437447629
2,0.9775075623431564,0.8006696235120492,3.8022032597429347
0,1.0143393203684332,1.0815120656012216,1.1090130066495165
1,0.18850011799518687,0.30884145483359743,0.7378891005946359
2,0.69626982410528,0.8602368113714051,4.0259516925227015
0,1.0620027850859133,1.013419784090192,1.0392720700430491
1,0.12707751673852297,0.22476084247780992,0.9206138399127117
2,0.8494757939827392,1.142841810200919,4.0541440025280435
0,0.9643922244697762,0.9686017647095831,1.3386400209444658
1,0.23037721606921263,0.18282302477758894,1.2364845514923692
2,0.6581372623667838,0.6734914433878361,3.2883463484037843
0,0.8908104483352373,1.0007022819218312,1.118058809841906
1,0.218329025499425,0.2518267471001807,1.0810283622247188
2,0.8230663753208982,0.7429945399981425,4.553307285502001
0,0.9593140709196101,1.042258308764836,0.8934182505441596
1,0.026403426895703325,0.1301955020462891,1.2413977547424886
2,0.6503670722424878,0.9043118593514856,3.6748015782461523
0,0.9926935306072845,0.976207036453876,0.7473252731065301
1,0.0804613229333519,0.10941359371131157,1.2255112838331406
2,1.1190088453367761,0.6979279333326528,5.4147056812295835
0,0.9772423718999176,0.9591838153994405,1.0210511407472154
1,0.026655143004018583,0.0978822316277377,1.130415978716655
2,0.6283904325798549,0.9478972636206724,3.901921618685546
0,1.0147014362601487,0.989389371925534,0.7892833001965627
1,0.058415022589960425,0.055823323503497946,0.8291539633367236
2,0.7903512258518944,0.6185215705694059,5.119333957719521
0,1.0267716768161015,0.9109283386286668,1.1097115910205173
1,0.1485293898859723,0.22307967405877416,1.1904643375381152
2,0.49187298837954196,0.8308365920900685,3.7346849210877253
0,0.9906594281432374,0.8657460959350749,1.1184563644491339
1,0.1468246047552978,0.13278117782316712,1.2598589254649717
2,0.647555464192403,1.0716713102902344,3.841179029992536
0,1.0492689696863702,0.9796783978526741,1.062680925101323
1,0.5577306744531486,0.025025867951389696,0.9294845339373521
2,0.8976700957360009,0.6939910905444963,4.681384531987739
0,0.9870159496741249,0.9699057141382083,0.9095630641603989
1,0.29029676500041557,0.3807477527703693,1.1587544272592005
2,0.9270387564599216,0.8712906754246852,3.940536075162315
0,1.053131308525641,0.9980343517278389,1.0891465630034518
1,0.18026604564760046,-0.06747593910585648,0.9780096916059307
2,0.6974281486758342,0.7264491810414064,3.8777230519390966
0,0.9956802559542115,1.021128941656354,0.7444676257197915
1,0.12151862599559592,0.1787116006082871,1.505210916324319
2,0.5352626835068419,0.9593696705406041,2.5589104224032506
0,0.999351407548871,1.0467986797113562,0.8745674261740383
1,0.14991247485101206,0.4323203374887358,1.1276338463589992
2,0.7849271328979991,0.7125538542748997,5.035123482137031
0,0.9440498756578141,0.9589444403609453,1.059287612902771
1,0.3474656886063525,0.18611318148208547,1.14406393489773
2,0.7926633588420463,0.45911274345704706,4.56513811369571
0,1.0503198836073142,1.049843583730673,0.7104690538527987
1,0.04443634729027787,0.1071816684061432,0.9632148489268794
2,0.6551851765751024,0.9233828397782291,4.238026527758437
0,1.0715587170368142,1.065619953462813,1.2686775750189667
1,0.1317961219616357,0.3967112703968829,0.9810463728743574
2,0.8362596914698268,0.8956360449353852,4.587399094218455
0,0.8865678036493398,1.0553839788488786,0.9835117532159928
1,0.3570298143996036,0.18024626265195406,0.758578044828516
2,0.6819234612547266,0.9001710482121426,3.1832358223558046
0,1.0123832181806867,0.9785278949970816,0.9538979329048636
1,0.3448237475238659,0.2296399102345786,0.853222017249443
2,0.8836795362307703,0.9105773416432476,3.263111109380364
0,0.9546895433134319,1.0208229101362547,1.1071514865187395
1,0.43688786004181596,0.3011106963256147,1.1570648837298805
2,0.7971792340854112,0.7286796561517903,3.3694982619591167
0,0.919818435774345,0.9876421254442982,0.8296930144236921
1,0.03963441481698454,0.03692495822508293,0.8964327633235687
2,0.8555227700510291,0.5699361855871732,3.80844008487047
0,0.9865732031364798,0.9703513401705921,1.0984764632269939
1,0.13310886919432952,0.028046602965333345,1.0266565815630293
2,0.7883810064292933,0.6621969847159137,3.810124424572147
0,1.0242089663041098,0.9750178451695668,1.355553026329423
1,0.1482819257713854,0.4793384451174415,1.033515791315813
2,0.842694845158996,0.827840455606748,3.494241152485509
0,0.9600436199363283,0.9232274777898747,0.940039527771949
1,-0.028237115356755604,-0.0006362697402700623,0.9611022163272538
2,0.8499162508779113,0.6863745924743654,3.926230640279705
0,1.0220135134076733,1.0696838742183805,0.9325417498158406
1,0.0488884007136762,0.1677960402999325,1.0044212352266313
2,0.7568788801939681,0.8196081270961316,4.271013656640345
0,0.9693844258914772,0.9595100462754674,1.1096265358484956
1,0.43316003409317805,0.28241406332869556,1.0133477228465755
2,0.734170477020789,0.645494585127251,3.3605640619594106
0,0.9561648063985495,0.9998688344826282,0.9902847996105193
1,0.1587833573983047,0.22134355666505828,1.1124303216232343
2,1.1561003755203338,0.8902620065518503,4.116860346858276
0,1.0007355037075278,1.04221173211057,0.6935056778290736
1,0.2951488534200992,0.3060089078564754,0.8344664246721393
2,0.5381086362527728,0.4519940332840724,4.479374823909572
0,1.056298085211152,1.0314297491123683,0.7028647925235683
1,0.28725811482573144,0.24649312191569991,1.105218939347973
2,0.6726383154152582,0.6597675381883729,3.4540147177870146
0,1.002386501174328,1.089903206666326,1.0636851753969188
1,0.20181931920725232,0.21902186440478508,1.2820347439846227
2,0.9888679737618058,0.7385598977548978,4.288059355674159
0,0.9854562192962485,0.9922597280175308,0.7482598025013978
1,-0.015752780755975554,0.3498641336688313,0.3996164680508133
2,0.9816409460713471,0.853362274326244,2.7169451862127083
0,0.9510830405197673,0.9963765147809203,0.784653911125361
1,0.304216391047339,0.2249194410584094,1.1863699800799647
2,0.7846979353476647,0.7300090895262268,4.626305340392644
0,1.016315813883532,1.0505021673323383,0.6364124015508063
1,0.08878100838700234,0.3305907431732664,0.6345556480980645
2,0.7920557686003593,0.5852372959852087,5.650120543155811
0,0.9615946625746448,0.9700004016252097,0.8441045156467143
1,0.1132314177688111,0.15493907309735677,0.9470276558691388
2,0.7329136343486411,0.763452200923064,4.687293001830096
0,1.039783327419213,0.9608365800584276,0.9804104926539166
1,0.05105900399322036,0.09025288621405728,1.5069646677857262
2,0.9355533152219948,0.49208780761457765,3.0776484372725346
0,0.9805267753721447,0.9597808168008293,0.9885221847100277
1,0.19463108114948566,0.2100916365374757,0.9674008499554126
2,0.7230088185498152,0.794456760757349,4.475355067753764
0,1.066448079718859,1.0741240014844302,0.8720905103063613
1,0.09889100693963243,0.14165416131289377,1.423303693523281
2,0.7792631596778272,0.9471870348845052,3.7756598922851845
0,0.998893871891976,1.0016382102534385,0.9241738938965752
1,0.405242673824865,0.4822812403584865,1.254142534592599
2,0.7939533489751489,0.8028882548427326,4.711262350829038
0,1.000726200085041,1.0208026589034704,1.1084365634289175
1,0.22534497804641365,-0.008938296845276306,0.8686217483414409
2,0.7190868928672869,0.9257601351635627,3.44614636863568
0,1.0374940064173659,1.0521943577100006,1.0276074932957489
1,0.20724693433709207,-0.01639982749040006,0.94274898065298
2,0.6421639922801199,0.7743630774972639,3.4535416969932022
0,0.9725339515513383,1.0419815619251271,0.9604917508792619
1,0.03986791662550135,0.24311436591877655,0.751940587378936
2,0.910666213878049,0.9387948480283232,3.910859695933225
0,1.0717347566161894,1.0603312101092583,1.0287787282403589
1,0.03079608438748363,0.08666820553405717,0.9392136368207866
2,0.6386918912815431,0.8713261558960473,4.563733831033824
0,1.012960339538168,1.0420876671966752,1.0240935058752276
1,0.2884053740756981,0.04548702091269777,1.0670922590486813
2,0.787215018419436,0.778277812736676,3.322904256310884
0,0.9629041150235916,1.0582431824472451,1.0378149043637959
1,0.06024063663763188,0.21889985328712247,1.2321487121620027
2,1.0082709273900061,0.6598559721542174,3.6168647528501063
0,0.9852243260499602,0.9892808645360244,0.9353233272743778
1,0.357649676688991,0.009018900360024257,1.2223392056844626
2,0.7891814552216926,0.6412198027060648,4.684800608464838
0,0.9340039362916537,0.9693430449992982,1.0222468002248757
1,0.43851566102660094,-0.04872494023855414,0.995485664441246
2,0.802546562635003,0.770686201202971,4.445316699010564
0,1.0403540481418205,0.9387176262600603,1.0870229299747045
1,0.3799246442782838,0.1833568178208477,1.0536958980425581
2,0.9794522705724957,0.8256082788707952,3.9841045484375357
0,1.012109113626056,0.9561359868346945,1.0228314626709325
1,0.2301783212986081,-0.09868341863454017,0.41389806227143844
2,0.84743891647192,0.7397424683484758,3.7827250270202515
0,1.0210992305606863,0.9760432912047501,0.9566758034000048
1,0.4063863727367506,0.3897706211168186,0.9185175664715729
2,0.6879837040712669,0.7122334756580057,4.278591575818396
0,1.0204590528599942,0.9932356985350776,0.8607137314913954
1,0.05970987868880173,0.0932572278823122,0.8560588506814242
2,0.7981599789267763,0.6864740709562145,3.09145452173946
0,0.9130562868065601,0.9442071603763326,1.098415763073965
1,0.38281847453993356,0.305086782489958,0.7322071901088083
2,0.6138064847769702,0.6722903757698317,4.699151568523394
0,0.864359009292083,1.0049048534733256,0.9168956422275979
1,0.21333769842258846,0.27819040995430183,1.1704465744669763
2,0.8431013924307509,0.9776652039755301,3.344629897830161
0,1.0407455632471474,0.9237917138947374,1.2296407872849062
1,0.019055525220302433,0.5024865017639795,0.6859828916556261
2,0.9458942798417629,0.8896635509284591,3.6309172954381332
0,1.0089329329994923,1.0105446102410451,1.0598471242398595
1,0.4517078193046522,0.3448308684837643,0.9354247569676911
2,0.6524428895119883,0.9178588371586841,5.542668327482818
0,1.0914818457923867,0.936326073960476,1.0755733040591495
1,0.0870329967026272,0.08917168897806815,0.8913474012500209
2,0.8052708517718178,0.7677070388775071,3.9513299086318323
0,0.9407740091939658,0.9866584238646159,0.9622009702061238
1,-0.08143385811777215,0.15163240094996797,1.1035229006719591
2,0.7750137640698123,0.4764259771333014,4.021245559471172
0,1.040585203359625,1.0517331280327908,0.929033364467192
1,0.12509295681728777,0.38568214839614495,0.6346790495850225
2,0.932748913361447,0.6671888401893071,3.7405910266703
0,1.009938983155152,0.9521101369045022,0.8941003049349506
1,0.21384193811244687,0.5667775231055283,1.2938010446709838
2,0.854082646928474,1.0932384024285422,3.8079211178374104
0,1.0174631245348877,1.1247400836530699,0.838361038734972
1,0.010727379236319778,0.15875382096206472,1.2371735544282514
2,0.9179409425043534,1.0002100636073186,4.89216371704688
0,1.0263763834282067,0.9396724136141187,0.9747133126574057
1,0.04365727915160164,0.1675462485995159,0.6228912738807325
2,0.8254769236964966,0.9849714919954834,3.1669980378960387
0,1.0394369289988534,1.0172165221427585,0.5765358392854728
1,0.22046262105197198,0.14280377449985332,0.9212554701717571
2,0.6585102492366551,0.5406658141369676,4.117528254838888
0,1.0844363138800646,0.9835499313077908,1.0779538187252564
1,0.3635171136449051,-0.07747512149167907,0.9749909327267089
2,0.8613503331634955,0.5733884468872987,4.240420680066566
0,1.048410506627259,1.0545053641986208,1.2601606887215897
1,0.24964480147257512,0.11656152685830662,0.8069637872196191
2,0.7063888912110315,0.732517731974134,4.187505787249612
0,1.012185947788328,0.9451275627283967,1.0923802676332326
1,0.1876594457112881,0.0666403196176456,0.8225205076873825
2,1.0071403435553126,0.5959842097717193,3.0983423213842984
0,1.058192116216493,0.9507111414531011,0.9722345955809369
1,0.47814969889941805,0.25534400330388524,1.0071979375242306
2,1.0422467505737179,0.7706063338038047,3.3731051706046973
0,0.9723074843399672,0.9766809609849101,1.0226213783907896
1,0.33693300071026144,0.2638130843234587,1.099261380225225
2,0.6420028394277696,0.7431147977474094,4.236226638654289
0,0.8799551609165881,0.9854518787029634,0.9463037837390877
1,0.06816882630924828,0.1964634115858213,0.9139740139542645
2,0.9608560604775356,0.9657153549726636,3.156068660586347
0,1.0662025590433115,0.9292089930945143,1.1401149557206125
1,-0.061539666980641006,-0.013587878717482127,0.7392766688066157
2,0.814839662147305,0.8838894034696249,5.597918420978063
0,1.0108413787401287,0.9298844688509783,1.2023688728800581
1,0.2264180711883346,0.17338915568462543,0.8261473652563518
2,0.7382430477289179,0.9273447100454927,6.059539645608327
0,0.9120979275501776,0.9535408691496658,0.8386479307459151
1,0.08688819529890193,0.44824287658226725,1.3308193075696904
2,0.7591289005025343,0.7105934233803715,2.927270236046133
0,0.9705998189182029,0.9973984419331142,0.8855486413930725
1,0.1437642099713074,0.47012608335511674,0.9900726036345248
2,1.0841437028684326,0.6144567875954288,3.503107358994868
0,1.0079432591135873,1.0753375969373486,1.2540925640940965
1,0.20015958336306852,0.22539929101155698,1.0577504449141817
2,0.8836765127520594,0.8558876048384862,3.178210850261416
0,0.9741013935014662,0.9779584215985395,1.0260259645406353
1,0.13709999986336763,0.17257507187643015,0.8083236004977561
2,0.6029297877649695,0.7259409003037925,2.832953671771345
0,1.0632767378791754,0.9340025616445501,1.0629049742560204
1,0.22931295167027133,0.10612235880112955,0.7989388535590058
2,0.7205098538874121,0.8139115626856326,3.180341440329839
0,1.0659855049215614,1.0870420312336881,0.9334083147451873
1,0.2001647874090071,0.3241830939197727,1.3484058600741036
2,0.8564363925999365,1.0719813761537416,3.316708889678078
0,1.032229698218189,0.9872515660311544,0.7937766397015401
1,0.2514235190173399,0.576329529752835,1.0527740604068805
2,0.8490939370904804,0.6567086603600923,5.281135578624609
0,1.0657657202156967,0.9946638643418486,1.2921978309900355
1,0.27421720141022704,0.4556070586829858,0.7545242650147018
2,0.922329273079317,0.696858900062805,4.301927520817643
0,1.0245121852715426,0.9857761042796886,1.1299549075465087
1,-0.02461606117100129,0.3055031008980791,0.8963138247709475
2,0.9186000784423818,0.7383908671088466,4.759929817478692
0,1.0565979463612634,1.1142803215914785,1.0662245253598548
1,0.43846783599808703,0.23193057287883972,0.8475007501190697
2,0.8306360456147941,0.8481491316218507,4.766582633288
0,1.0574661787778892,1.0308398278503628,1.0177849828141028
1,0.0071691555456674105,0.28112135241998454,0.9738422280907115
2,0.876409032925112,0.9682843908019855,5.432778191520551
0,1.0230121647123753,0.9662130875173017,0.9979690046299602
1,0.2903665886464345,0.17348837268500325,0.8496964042042061
2,0.7251384580419571,0.7843091677410693,4.638184598691195
0,0.8991790472862934,0.9936723376723343,0.9322758295891787
1,0.264568170507594,0.3622780780317338,1.1784821041760087
2,0.6941990279511333,0.6625510465493203,3.9461513892026368
0,0.991976634335916,1.0422446749310872,1.023384783113435
1,0.17246650922659004,0.18001726802270027,1.1722596066841386
2,1.2184560155363486,0.9918183507650652,5.613586735920904
0,1.013870685608594,0.9487468605624633,0.9408276658886616
1,0.07262201391658224,0.001834676727517831,0.7426639199105868
2,0.7817160686824066,0.7817351341212737,4.5105843179687
0,1.0477767452730202,0.9773881582439535,0.793117282929994
1,0.28581127625424996,0.24907252610889866,0.8832191407862194
2,0.7695482118804107,0.7533309561828057,3.970863236453695
0,1.018248322982705,1.0478824151286403,0.9610945973108791
1,0.1881788974312694,0.2801542816287212,1.3642342536072198
2,0.7174554279160207,0.86997800015988,4.511634399324382
0,0.9649627213307296,1.0578083354186643,0.912223138552435
1,0.029550914682104662,0.3066662718649936,0.8171957037686558
2,0.8243924957182001,0.8747772183782407,4.758678774354809
0,0.983829448147194,1.075698045184042,1.054398178902055
1,0.27136162081653303,0.5002700008866912,1.2705032034863155
2,0.6868033240033177,0.8044274332308183,5.1477313580117015
0,1.0646868965686165,1.0463606421462945,0.8301387976371968
1,0.3276990109978735,0.2761099703619446,1.179696709328961
2,0.8614612315492701,1.018667103398828,2.7578650790466
0,1.0057773118930715,0.8420242890838933,1.1594236856501408
1,0.21303536689006608,0.19637111100154447,0.773040955300899
2,0.7847521457951823,0.8706899370034027,2.3405221627605863
0,1.0306114346965622,1.0003698018268705,0.6287503519200541
1,-0.10977165193279431,0.42153395408610206,0.9455846929048326
2,0.8949339182787255,0.996974957349909,2.6839000783755766
0,0.9647950646029799,0.9122368602186574,0.8769030879156541
1,0.35666434377781975,0.24983671019717751,1.214955489474474
2,0.801657433831841,0.5890488386441128,5.180767110208476
0,0.9533896399207975,1.0724798068729693,0.8770529288087174
1,0.03388862296270523,0.22819199982980054,1.1911763513263098
2,0.843422666143292,0.6513471666450972,3.2634216434201067
0,1.065312288909836,1.0240976928107126,0.5878588245384639
1,0.34416787364103435,0.3452458560305979,0.8804560945280995
2,0.7400256668780553,0.9772418159174229,2.1073037511794235
0,0.9912331388381708,1.025485482619039,0.9442422786065536
1,0.1691395177944808,-0.11460206457930366,0.7961305252461597
2,0.9856748794551078,0.8407689453622886,3.789542970935402
0,1.0068003435791149,1.0495855434004198,1.1327427545955777
1,0.036431988777336416,0.1718769054414374,1.0477660208156467
2,0.9081253971170575,0.7426417403274562,3.33028958761743
0,1.0487479943129587,1.0174263873992608,1.1606131830182222
1,0.11672223061723463,0.37406299952294797,0.7520820597248425
2,0.6256543223209584,0.9065329014678383,2.8508972219252975
0,0.9389161179499486,0.9655667629132088,1.11112142839446
1,-0.02784614682836606,0.24238771726595817,1.0916379815920472
2,0.7598000417337033,0.6634943356172092,3.9656505045817267
0,1.0968422300408431,1.0052857798252526,0.7330765999450622
1,0.08237274096991061,0.2765657485387244,0.7217804529533023
2,0.9134852813392315,0.716544643407694,4.090201157579906
0,0.9608050245004027,0.9784033790844817,0.9345733886812495
1,0.29076847963767577,0.25577475225932433,1.0292655753500488
2,0.7838932576732894,0.7367879374820063,4.438802043282359
0,1.022285259324279,0.9828118857507299,1.175655385492029
1,0.09348397763939148,0.1953322488738093,0.6614915502444652
2,0.9499772007671723,0.7717038627281341,3.9419278625275442
0,0.9493686307306441,0.9720268014798557,0.8173497015845629
1,0.5531040030362161,0.3667391971139312,0.895826731126556
2,0.77657689217927,0.8746801183576147,4.8951667909871155
0,1.0092085170842464,0.9421354551694487,1.1021736553368688
1,0.5600798154306572,-0.13853523601932027,0.7170505715688019
2,1.0918715522937006,0.6480549251524799,3.1046106563745948
0,1.0252714140548482,1.0968904850944412,0.9436976345559026
1,0.23881633001460503,0.38795683711195394,0.9045172424728669
2,0.5633441164236915,1.0694127478575717,4.005352278477325
0,0.997403875363141,1.060262977737794,1.2923336230136206
1,0.23807913265377764,0.25165844645391955,0.7882868612200178
2,0.6711211341292175,0.5157076912860366,4.753831606059331
0,1.013032330133407,0.9329954851720098,1.1392866958241186
1,0.34365048384149366,0.34707398239971615,1.1306827803230763
2,0.6219295693961858,0.6972195536406312,4.914983205476973
0,0.902378113728053,1.0049857005877345,0.8285462984216482
1,0.2752486781100184,0.12223688876478661,1.0105723934339572
2,0.5723327911152378,1.095039663853169,3.709697093879008
0,1.0781895000983304,1.049183494790029,1.0218306728383881
1,-0.01607761277625855,0.12467436657596899,1.1807597787845214
2,0.576774011552545,0.9003455589587217,2.97069499414825
0,0.9483564232725028,1.0273006179925377,0.9766529977941435
1,0.20837068883804738,0.28593131094432767,1.0024459462622466
2,0.816785933933983,0.8231060880743147,4.059229171626307
0,1.0086881699659942,0.9412445960050789,1.0348404908779871
1,0.1734632123081387,0.09072377515095603,1.1399515812284984
2,0.7571295271351302,0.8456519244614854,4.094112999133051
0,1.0462030060618077,1.0508419210130175,0.8813149581044585
1,5.32955349285269e-05,0.07884785006506567,0.7697976211480786
2,0.7131204552529397,0.89974874273964,4.890004403651694
0,0.9888155293885043,0.9716981673036382,1.0503796802725476
1,0.4662495832475686,0.2672910235370239,0.6370743515102006
2,1.0465619660465635,0.9392847253449607,4.314313340286857
0,1.1206162831444977,0.9832657195957687,1.14695969487145
1,0.09757329431314653,0.28754330318640675,0.7130899513157689
2,0.9270046247013738,1.0195942291884055,3.3993067491739937
0,1.0517866211143452,0.9380381032006659,0.5277231175038261
1,-0.0406460603252044,0.06927689920484292,1.0833931383247575
2,0.8615055198571439,0.8830415738697516,4.24483032330367
0,1.1068012522129143,1.0022201874022552,0.7934245805779714
1,0.2039042986912936,0.3073855184805593,1.0508635886104751
2,0.6913757500678716,0.6216464070183378,3.3268846311694666
0,0.9627553423202901,0.9378089295557365,1.2877188024871185
1,0.2288585084144835,0.28210850793664727,1.405765887094478
2,0.6996029522305284,0.6572600850000674,3.6515875079340163
0,1.0095610455623572,1.0438103568121941,1.0367966093307688
1,0.22197105115304325,0.005181017302252455,0.9532297967102903
2,0.7518792674811509,0.9636425128736276,3.8345381197689488
0,0.967531093326735,0.9390046542886277,1.2631220121187128
1,0.05407871461899175,0.2741660077007437,0.7892210390095142
2,0.9339447037461118,0.857702043634592,3.1346689996435786
0,1.0098013979364027,1.0847484893671107,0.8643611241587623
1,0.4055688495993544,-0.04238113569266899,1.3390331475899067
2,0.5768813919357659,0.7210502689937266,3.0819738911517645
0,1.0322188368096397,1.052858435689102,0.9551389210689509
1,-0.15032214373818964,0.5174597773457952,1.1512266148875203
2,0.7977619756613898,0.7775021605207332,3.9481021384153347
0,0.9915379894526208,1.0050989955598162,0.9926126673046551
1,-0.13122570734476913,0.2419925002195979,1.0592851953643714
2,0.9600606593801857,0.7855328158404159,4.082564818727899
0,1.038222307832365,1.0202501047605637,0.7120418265711197
1,0.06239974563640577,0.40262671483779394,0.9758368384211196
2,0.8229676859205903,0.9019548392798318,2.739018544678215
0,1.0232519195312524,1.007747375506419,0.9020055938865776
1,0.17299846901731103,0.06029913730233613,1.2904444353411586
2,0.6873401364954927,0.7383887960555062,4.022911845748697
0,1.0717478873401864,0.9784976508407838,0.6307825300587644
1,0.1382902416670377,0.1879446177945397,1.0713229123267767
2,0.9572760846951831,0.9447039277000486,3.548766024631429
0,0.9969081524778424,0.9652507864289998,1.1072339229755297
1,0.09777490639486697,0.05956425254432324,0.9472562570314653
2,0.6773933080109895,0.8433603624258388,3.400802308129972
0,1.0067007112655404,1.0651438446275718,1.2424795101510482
1,0.10973431367433648,0.27623077125518536,1.1202071783921
2,0.7008709540112728,0.9930276482438518,4.668972776275503
0,0.9656281934086329,1.0067280022881366,1.2328801003922825
1,0.3707828998640741,0.5245624604275816,1.2716977840055188
2,0.9202398024184925,0.7463238920374071,4.430825153885206
0,1.094492191975422,1.0147079547928892,0.9718776994401891
1,0.2029977974913027,0.33371957369130234,0.6058225976194442
2,0.7739850273386402,1.1369943911057203,4.130556750418613
0,0.9557561474403173,0.9964803039787562,0.8484570084223316
1,0.2728713409152513,0.37790750772045834,1.2675837132193595
2,0.8771116920497738,0.6912163432975835,2.637686871569475
0,0.9333277664598317,1.0520298881185786,1.0710221021269748
1,0.4744612581398747,0.2088973620126479,1.3290944246979504
2,0.84208665745058,0.9529957866876173,4.178866471297547
0,0.9689280271789217,1.023101366814455,0.8982946385343838
1,0.12769217623855295,0.002250963418370472,1.2110742163623154
2,0.6662714797911655,0.9297576953155705,4.838025442520022
0,0.9992399286644693,0.9273183639371706,1.064653397131967
1,0.13971123095428703,0.30864356635497997,1.11164108592843
2,0.7479786273566794,0.8012374905980651,4.239681976072335
0,1.0125472893413738,0.9432013692077865,1.0995312131637336
1,0.2550467545515411,0.07819479828602251,0.7160480567079809
2,0.8129675067932264,0.881091571005081,5.071214982713863
0,0.952758211502629,0.9851442412010487,0.7488565906158924
1,0.29069450397079255,0.27563854606474253,1.131020419491276
2,0.7161521235292403,0.7855788475837987,2.8857551350908714
0,0.9748668638522741,0.9495317832082855,1.1785028751215536
1,0.1844384441874268,0.14478119057531302,1.2000363213659175
2,0.8188121843853454,0.9125320777061927,3.7937566464054338
0,1.053039474962752,0.894713459887097,0.7794121098225841
1,-0.06905438068027575,0.3022106485598007,1.1135729542029
2,0.8292787513379651,0.9817666170968959,3.5777842033252454
0,1.0153001597354596,1.031815918406971,1.1336195018944186
1,0.2720284831929886,0.2105534038185353,1.3199747203533703
2,0.8756379724205599,0.8671384104395629,3.026860411205849
0,1.004578511171394,0.971608427827933,0.7517947010011696
1,-0.0028084017469786615,0.1182761736424819,1.2066254360838948
2,0.8876576269993078,0.5641198554351049,4.854960183146451
0,0.9332561951651906,0.984389578494488,1.5167342355662838
1,0.17829640532751936,0.14827298374191236,1.2020382006587202
2,0.4728458853846265,0.8592324402668651,4.718225710403741
0,1.0351995285582032,1.046590461837965,0.8368827922073339
1,0.3456028280343404,-0.05821026950920122,0.8154921702836581
2,0.836546994294938,0.8451750847669587,2.3918339534014272
0,1.0829992183734263,1.0112377452577355,0.9696277190028776
1,0.09128485636339455,0.31612722662647164,0.6663946288854554
2,0.5922969300804988,0.7485735699680104,4.378718708207386
0,0.9635060380767198,1.0711728191826024,0.8992368825809124
1,0.291072831356491,0.23534912522754434,1.108268923458868
2,0.8538229803711319,0.6528105127986287,4.191092534058898
0,0.9892523618793471,0.936526980832932,1.0159180442312272
1,-0.09629760200164961,0.38658142819123226,0.9763903125325204
2,0.8390551958070277,1.0838024572510065,2.6491417483919557
0,1.0020152432362628,1.0568527534031664,1.0558547742426627
1,0.22818504654342625,-0.02579562373294622,1.4002302114505543
2,0.5880773025554098,0.6740836989389315,3.961342705324168
0,1.0132579102217236,1.0788112266425158,0.9087760166919355
1,0.3324380538483046,0.22434616611851446,0.7790216113191807
2,0.7141937086336372,0.7093633200283443,3.7560539486990474
0,1.0220235744841866,1.0122259810214982,0.921890402284008
1,0.27306891554785273,0.02318387590683685,1.1202625345189479
2,0.6836656560795531,0.7247545986758409,3.677521563946893
0,1.1389038843347188,1.0307425068989011,0.8250582377528819
1,0.1885025953817936,0.227735874183301,0.9706115927720192
2,0.674834129359061,0.8855264987814863,4.488382627844543
0,1.0651493260771028,0.9807953909624721,0.9391275333839676
1,-0.06119402854825762,0.19354820423070668,1.1269899551635931
2,0.45544430807944175,0.5414030139226047,4.029538467916374
0,0.9338760203002882,1.00448683672673,1.6242382331137555
1,0.07725689891264936,0.14068498351204248,1.3409781034310955
2,0.9639973427934925,1.0962302359013638,4.908706616980325
0,1.0156345622524636,0.9607411761255453,0.9455965403456877
1,0.37238105305610925,0.16510132153313517,1.1855638780349247
2,0.6139613289715112,0.8384831796213859,3.661755305849062
0,1.0122265790763127,1.0995150158214344,1.245475665673317
1,0.23997885341065892,0.3582148311902439,0.9472170599854025
2,0.9388354549907787,0.8999007336169667,4.852884169878776
0,0.9427952594324814,0.9299021279719578,1.0070542975279868
1,0.44358436389585765,0.21855910807631795,0.7336921417483387
2,1.0954841315659731,0.7103040931573285,2.944781388153435
0,1.0736737023725742,0.9291520401242627,1.220116293169736
1,0.14629948072536997,0.20146496728564323,1.082259967145788
2,0.7132068697564303,0.8544238252038938,3.6954075672618867
0,0.9527668862137829,0.9826093797070554,0.9705096267212592
1,0.39405625378929543,0.40352245200044967,0.8388863689876737
2,0.8152833619495778,0.7320660942915297,4.798145431405049
0,0.9464447342852464,1.0825398680956242,0.9584115424495397
1,0.14301506797665153,0.23198577180020885,0.8363178068317652
2,0.5437369470963589,0.8243669122448319,3.9407771565448932
0,0.9364032250759209,0.9776253253380078,1.107153222912508
1,0.42416960257477687,-0.07545159796261602,1.1697313602754553
2,0.8008618080702791,0.891824746488807,3.6458494927344653
0,1.0854498794718512,0.9675281867108975,1.0974861330786547
1,0.00043988694449198507,0.2468672706711833,0.7038920454506481
2,0.7979194013199922,0.7095449839616641,4.6995734169618135
0,1.0501174098663493,0.9899502684153966,1.1064638707136474
1,0.1963202008897462,0.10445862973878207,1.0104239391542427
2,1.032167249140806,0.8810961600386692,4.896815823748742
0,0.9254130321295795,1.039331845249478,1.0509401940432321
1,0.4224200237756318,0.24391580124051193,1.2396483093945654
2,0.610297226492499,0.4848277173933909,2.809214627319454
0,0.969528961960814,1.043986445635705,0.9406314701799657
1,0.3798808113057691,0.13399000349344153,0.841973281951458
2,0.911015150680558,0.4725812597209204,3.25444811779447
0,1.0050486850727436,1.0291349097498526,0.8245267635839251
1,0.2079679221836253,0.22690377251344118,1.1995856557635958
2,0.8681531796843642,0.40022449157686596,3.9269637019432118
0,0.9096207761991562,1.004731469104403,0.7135198433524232
1,0.3006031532508673,0.2352891343515247,0.7782543285904937
2,0.7651376011897215,0.8622714868721622,3.161245087505933
0,0.9833573800277673,0.960464625718557,1.146920438752893
1,0.049826896498657985,0.5325152650866118,1.1390489499323995
2,0.8024518115307555,0.9705571868962369,4.644658996512515
0,1.0585474700048754,1.0230957354651529,0.8856490401354598
1,0.20292824717944258,0.06801610274520098,1.18870526720337
2,0.7860375049443517,0.7009232883812707,3.8455811271635962
0,0.9202077397860747,0.9975493922044162,0.93235104082099
1,-0.17698004464544997,0.2165392074713494,1.4509402615235327
2,0.8703230215551326,0.9786068352068118,4.935565433052604
0,0.9782354941421811,1.0247573905510812,0.652647814344196
1,0.2168248058942371,0.5801425473635644,1.2717685943464456
2,0.7486815512983982,0.8934915580550428,5.000424341276906
0,0.9889980831648716,1.0467139171340942,0.9952455747164863
1,0.1811385810115838,0.21982197470349324,0.8297437285132419
2,0.6253361830009582,1.0124470912287704,4.447234112987824
0,0.8505871452300837,1.033211660255285,1.1133635659309014
1,0.23741324881552117,0.07534826717833132,0.7120366011503168
2,0.9121389103331516,0.9260635116737501,4.260679766303913
0,0.9846854495978896,0.9626808727306849,0.9295975510331314
1,0.2526313413181284,0.20351784026206554,0.7943792537555514
2,0.7221931793077787,0.8651831307949847,4.445402668918473
0,0.9446268526054148,0.9891853131549563,1.2715164327129471
1,0.15135478052264484,0.2293988094715753,0.7392047457505975
2,0.8230578812272183,0.8230293936244037,4.6990795609951075
0,1.0196183706049018,1.0431386964650184,1.0439694673238253
1,0.06250943503799969,0.1567713205617119,0.8860900973199738
2,0.6838787025851976,0.6563128702532798,3.704860623917856
0,0.9594093779328252,0.9893283994964576,0.6716440056218845
1,0.16080030270695533,0.2557235738830212,1.093864388657186
2,1.0511905873687,0.8099797364279132,4.137494418809322
0,0.9491053719085171,0.9127149217533432,1.1337592992388952
1,0.4582835177266198,-0.012193292505096293,0.909729654179461
2,0.8957074572910044,0.7511998481233884,4.078839960460993
0,0.90803178491982,0.9343124882444188,1.2731230510333988
1,0.22057281564116446,0.1543702892163807,0.7346396467343304
2,0.7972725251257583,0.7890029944437119,3.563276688265568
0,0.9443741599292084,0.9595151226977131,0.8263225701771052
1,0.37565625559461235,0.26461120974902064,1.0389734760638278
2,0.6485521674626274,0.7792267598237395,4.607280276788284
0,0.9644541156114262,0.9490168865975859,1.21492476541328
1,0.1271554451073249,0.22840232300485946,0.7757028084247454
2,0.7823625654633989,0.8646017459779705,4.262029112090496
0,1.0408376297566415,0.9781096815619122,0.9829136219366491
1,0.12040313673650906,0.40950108080958647,0.7686079815004249
2,0.877719663712667,0.8319539844206785,6.009217440809072
0,0.8943751241071918,0.9024643816606632,0.8291533065979
1,0.20612835130566332,-0.03999411190535912,1.2352557965345172
2,0.6994263723659453,0.9782263000936682,5.3376096327795075
0,1.021835414584097,0.9797149681236189,0.8521567229502683
1,0.18461168734886196,0.15727101708547797,1.0919696249739679
2,0.7811100822289045,0.7565151793202564,4.526110854393666
0,0.952254818886389,1.0434656328651415,0.8906888563967063
1,0.1387166265560784,0.4719861666821972,1.1280151376293208
2,0.95375309861066,0.31496771764536,4.746344982248027
0,0.8987499939512864,1.014614524344606,0.8584533616283848
1,0.1632901481780736,0.4572223162265168,0.9120546559561649
2,0.8433902714343068,0.8336471331141277,3.6032836712936804
0,1.0094645202390906,1.0625477530352079,0.6068675181134904
1,0.1421637499473658,0.40044956077509875,0.8206321835491781
2,1.027019141986414,0.8461198590512338,2.8524338534980394
0,1.004031640241129,1.0359310603086729,1.0677392816533025
1,0.05223494673106677,0.504689186415602,0.9845281121790509
2,0.520662889279077,0.7561636460829128,3.7196676432636675
0,0.9377267648543368,0.9539144961655878,1.0993317729145906
1,-0.02715472702233543,0.32888994338539085,0.9887659126034517
2,0.6862242892258982,0.6875266562189024,2.466560440275262
0,0.9757092423280789,1.0556001878294439,0.841798152696727
1,0.24369874101601008,0.2627585438456952,0.9059907710432888
2,0.7243718929454552,0.7686969274497727,4.683718085872256
0,0.9399332583051047,0.9775938061209282,1.0256439207206332
1,0.23256152699804458,-0.024617710710331725,0.9989542931598288
2,0.69806950180279,0.6944344375386716,5.382248146299607
0,0.982681012214481,1.0615530925547843,1.0823604560484
1,0.29426160980515553,0.2344371259106547,1.394401968177724
2,0.9247994645090513,0.7022487895356462,4.6751541050109235
0,1.0236437944961505,1.0346090977542584,1.1719516253769044
1,0.2292415346652454,0.30804553917956345,0.862074023108849
2,0.6565079887449846,0.5756664821679128,4.499860952169502
0,1.0028204804710785,1.095495893929939,0.9303946921596729
1,0.31976728632047213,0.18258799681668345,1.0580190239276261
2,0.807610520451889,0.9542976457357268,2.317598586903846
0,1.006305251346936,1.052640567574689,1.3277724097081847
1,0.3456985815492688,0.18994005124038346,1.6080853501069878
2,0.7743694906585028,0.997751804044484,3.3510630807170645
0,0.9192112867611406,1.0523399359933188,0.925172871670402
1,0.08481071134729129,0.14263866495682617,1.1302000565847878
2,0.6128507483443618,0.6299412629294588,3.8596751870314208
0,0.988334228250227,0.9556791850869747,0.9916217876866549
1,0.2672001017114388,0.11251683008380307,1.3599414322770282
2,1.1610495993891083,0.7888742214030015,2.6399192465441663
0,0.9111531175154007,0.962942402903334,1.163948950526464
1,0.3767367711209002,0.14942952679517846,0.8234948630405116
2,0.8143209815920424,0.8116917078821844,4.851396363372973
0,1.0313069536333772,1.0228054792820362,1.3046205119456686
1,0.29527974109192456,0.3574013436636557,1.0969390517879969
2,1.1424438654951137,0.8582166181212859,5.407566425543757
0,0.9910900978388714,1.12054690402145,0.8657661567390852
1,0.20732363148915203,0.10841794122103852,0.8965193161330873
2,0.7291707074436253,0.8668787599438079,3.1852400279583044
0,0.9451684658838028,1.0481916189640432,0.9970267893455491
1,0.26160818816144416,0.38898358159507396,1.068025994162019
2,0.8342079295829912,0.8809361899068738,3.2768856286376806
0,0.8688116056130997,1.0175696344630283,1.0823462673378323
1,0.2989628457331257,0.09957756094983765,0.8565053250431268
2,0.6062731591848158,0.9284225334558935,4.227498147122748
0,0.9618659183881926,0.989947752512541,1.0743304779215281
1,0.30788044263031344,0.18151868749617647,1.3979209039511025
2,0.6996343371763344,0.8162642649151095,5.00643496296524
0,0.9794519533129786,1.0378114660864823,0.8024892456509863
1,0.15178948036823922,0.30925837779090903,1.2069812843415422
2,0.6529793517614252,0.7574465123783214,4.6599431208463855
0,0.9882205655172216,0.9484180279962691,1.228632754778301
1,-0.010779713932652674,0.2147961861361796,0.5942023029125716
2,0.7908390101324405,0.8974366323068246,4.17444527724738
0,1.0144797989620182,0.9667793607651233,1.0685143699511397
1,0.34470383700205265,0.2397099955108562,1.0531484532964528
2,0.6095701090101638,0.6445669264995246,4.35996416984576
0,1.066657563090926,1.0067490984272818,1.0651933098151312
1,0.4151465767702409,0.3958225273653304,1.3230526042199233
2,0.8432964358504432,0.6681885447652642,3.298274896101005
0,0.9433186355096459,0.9318262313316401,1.233278524024466
1,0.1701019605097354,0.2712727617866692,1.1567406004026917
2,0.8320170296024445,0.8830061068294436,4.74772692941721
0,0.9070641004718917,0.9814195182539484,1.1680321880179152
1,0.3031996491408294,0.33745501913767406,1.0226293592213742
2,0.8988216037859915,0.6879784101927178,3.4740669256549985
0,0.9984891681212001,1.0518029964295659,1.3163140931799935
1,0.1991757157630339,0.11764281523970928,1.013863206376008
2,0.7326071313906448,0.6293071898675736,3.0099016748203886
0,0.9644916159241532,1.0633297390369358,0.7554806567168119
1,0.13024962264946982,0.052570193866208315,1.1720311769406033
2,0.7278124641218163,0.83275405542021,5.092581925779029
0,1.0175809569879148,0.9755639762063122,1.0312452385736732
1,0.022136934953126935,-0.0558383358938373,1.5210401558830395
2,0.7828924406272479,0.7877727335538799,1.5972119471928279
0,1.028472739847262,0.9919401398829764,1.339081036751738
1,0.2799900281491162,0.3092964226208191,1.080152846216854
2,0.7731013689879161,0.7858492719109089,3.857075114336382
0,1.0078412407833406,1.0855153393407062,1.0138959255055757
1,0.03324301329434712,0.19943360935922771,0.9510945587003208
2,0.7364776423152134,1.0205911794086926,4.312457075293182
0,1.0573166887362608,1.0604656379827313,0.8868543828966383
1,0.28616277023195,-0.008561470827931544,1.0531306378743157
2,0.8901662575963958,0.9847748829461738,3.212435391786456
0,1.0187693996191514,1.003541695526646,1.0565974203805777
1,0.06260084987092465,0.09564676496411909,1.2429039020486523
2,0.5908333595246144,0.8151158951673475,3.8807596362583614
0,1.0418703153139808,1.0590992610738132,0.815895198620624
1,0.20017377928727614,0.16025152155158942,0.8285815124931911
2,0.7316336366802322,0.7695484217807185,4.794859041104995
0,1.0678448197613524,1.0279801353853821,0.7500421978049671
1,0.11400418529114119,0.524602192096826,0.9512400651940562
2,0.672631980076041,1.0747887090987869,3.8213204832544685
0,1.0224758345555824,0.9700895046422174,1.1406132528708495
1,0.28395498435166794,0.15828320039703683,0.8560260461650778
2,0.9298850145755011,0.5572991179926841,2.45822925744379
0,1.1399863142008528,0.9951067562899258,1.035728649483096
1,0.35521567707853885,0.12472503615915749,0.9249559039703668
2,0.7024352711622684,0.6248766726333306,6.397556338713537
0,1.023032781348032,0.9940173118385706,0.7661920509516574
1,0.2189518349916271,-0.07535883226818207,0.7218859080857714
2,0.6893205982899999,0.7299837144254013,6.174845329028928
0,0.9750518204338433,1.0070584616677918,1.2279184847814104
1,0.36826976110249937,0.2096244491919128,1.4703312421216133
2,1.0230213122465135,0.766638831049518,3.7026540679250073
0,0.9934259495175776,0.9013363044664782,0.9952642179158183
1,-0.1460231319744777,0.42952114897266175,1.000791051851883
2,0.8370341342161243,0.44382455566626833,4.968397908565594
0,0.9449617851016959,0.9820436134334047,0.9326539272326698
1,0.13206657860255577,0.21997602040342765,0.7959261921945592
2,0.972061931481071,0.7770502430264568,3.9394709386555675
0,1.0139980242644515,1.0926766026000831,1.157311047594427
1,-0.03009898205862563,0.12047358547150774,1.1919636252409647
2,0.9509856415326616,0.6680634031227342,3.675768344233314
0,0.9614969060366415,0.9369238380363386,1.3323937812299471
1,0.34273435010320374,0.1078611003132535,0.9221449309810197
2,0.6473781182416785,1.1112447795394376,3.7401835080034553
0,1.0193449207729213,0.9642765452352914,0.8868169148642683
1,0.3180188051733458,0.16264370142485554,0.8638027006929252
2,0.750226837691561,0.8624907566262772,5.293530928121767
0,1.098965806989268,0.9033340782899482,1.1295376973441953
1,0.08965192405003103,-0.303018910490153,1.336514947674552
2,0.6189273712761556,0.5957385840110532,3.6879493522423394
0,1.0308297992297473,1.0255858575094015,1.3087419598376624
1,0.1732673460831954,0.304143499154898,1.0330205392282172
2,0.5974276381506288,1.1284572787356195,4.636528595341438
0,0.9543081228689602,1.0352086377769143,1.0207602877552364
1,0.32305025164849777,0.20168230009021654,1.0785088865644377
2,1.1266544579114788,0.6234023267381255,2.958499513955927
0,1.1092399003841809,1.0600051525126144,1.107341170897385
1,0.08474921679986502,0.07737152666672481,1.336914744602125
2,0.9043967856310225,0.7858647671932386,4.07925017081301
0,1.0112578920096917,0.9953266335345117,1.1320371727417553
1,0.23115415584266824,0.1607801171502906,1.1084983882044404
2,1.0263155966648883,0.6858731574494017,5.01023353422432
0,0.9847691931000093,1.014761751360665,1.1353080653432053
1,0.22684978365671365,-0.06661841325593804,1.1884831082663805
2,0.9275383076662271,0.5788193593746233,2.9667737445753373
0,1.0174573870758001,0.9079671215243299,1.1326168385785296
1,0.2734202511025923,0.20230166563181595,0.8676228788939332
2,0.6071458692262841,0.7817518800491061,4.15258561472418
0,0.995520160755911,1.0474049396445095,1.1567075197539263
1,0.07740999375298113,0.3474284317289428,0.8832426119195315
2,1.026225160632497,0.953214576372522,4.344919462060365
0,0.9902897724687026,0.9983645638417179,1.1004243128857494
1,0.1261788706676237,-0.15426722936472015,1.0274366346650643
2,1.0054338623388568,1.1322716459160376,4.2921205633910615
0,0.9535259403591624,1.1057927846093576,0.7311125668634344
1,0.28774950720899445,0.36417864351758705,1.187750222363833
2,1.0139943721051325,0.8125994990571351,5.258536062346559
0,0.9295560658119636,0.9889859395555609,1.087083819932672
1,0.041957352938577386,0.006995692469370068,1.419524508166321
2,1.017447836700801,0.575108959475853,4.350528167288764
0,0.937878302314297,0.9882223382380105,0.8861596081541502
1,0.2820110733861131,0.21598583512132574,0.777251323678851
2,0.6153342758089481,0.8529122322702062,6.345079572178337
0,0.955415790900207,1.044436254501772,1.0143321357041335
1,0.2541022722355751,0.14530653907169655,1.2237315757324991
2,0.60541994403235,0.7750318092680129,2.760404822166456
0,1.0829479784583484,0.9511223000424296,0.6569860327484683
1,0.26189391480957824,0.17358012211705393,1.0628745243789202
2,0.5550989810538384,0.6941829770278812,3.942912244942676
0,1.0200817579289254,0.9560781256152998,0.9910559686775313
1,0.17858336311893497,0.09091246149491329,1.1862152192354474
2,0.6663620602408257,0.5288887405849898,3.9686101626405175
0,1.0775235599047313,1.0503851461210523,0.9415664476430845
1,0.4878042117498466,-0.008797281352209113,0.9316317140747306
2,0.7625127569875375,0.8341903635297905,5.651801479175976
0,0.9838666807603749,1.003695609896738,1.2865979490347637
1,0.07405975741965556,-0.04000612161189465,0.8350893291105992
2,0.583505293721378,1.0096194893241095,3.708965530789378
0,1.0734847307441604,1.0178788571684558,1.0262935935007924
1,0.30256527402187017,0.4048539834430377,1.0884975614944983
2,0.8169984686775791,0.6578322761255985,3.587966292922628
0,0.9771032494021928,1.0097226010176605,0.7905314441383995
1,0.09245131436007988,0.10003597135009484,0.841378337838131
2,0.9006469749639174,0.7068028137185972,2.628817965397375
0,0.9198040741121548,0.989163541020233,0.7400156424416264
1,0.24528585873283654,0.31416957181960165,1.1647405561532675
2,0.5099607764894356,1.023230170362622,4.87732069336388
0,0.9764803793492736,1.0514513045738092,1.0811317125066369
1,0.21100905243938597,0.15913069546062367,0.8193705351091894
2,0.8338916749133174,0.9545664566034295,4.179499326970265
0,0.97179421625461,0.9340298873303595,0.8870739897404114
1,0.32897684688871565,-0.05335874144382713,1.0729567636738033
2,0.512790068773759,0.8045702097037246,4.074581000972043
0,0.9800243467460608,0.9616106452432049,0.8336668747003597
1,0.21089415561500716,0.16010348453273393,1.0526851232476226
2,0.47114527674812323,0.816862557710939,2.3979474447046982
0,1.0115034555868272,0.9679452447562112,1.3748277554214514
1,0.19669625734838259,0.2121744298239777,0.8642739908522421
2,0.8315484276544728,0.6720634327830438,5.316060916869651
0,1.0749362095889554,0.9665997804896447,0.8368444739796599
1,0.10086306248984198,-0.05493165244533865,0.8510214326752551
2,0.8083939067701952,0.8114227582279927,3.406232533759848
0,0.990968018399899,0.9745473846051332,1.0119050968821084
1,0.3006267126054925,0.15157153163303497,0.9139494351817128
2,0.7692414413740809,0.6567593234525445,3.07232039457124
0,0.9422289574022492,1.0052054527964165,0.9076420278719668
1,0.10561647892120081,0.37469387943005006,1.2757033110238551
2,0.8674676236342844,1.2047029911055886,4.590318223428502
0,0.964020034735295,0.9865478871835758,1.0191535907232068
1,0.3662715495796339,0.2186401632690879,0.7407328269558613
2,0.9276028105136944,1.0181207630224471,4.96405117208708
0,1.0345063306322506,1.003079698595955,0.9430852885742165
1,-0.010768691552180437,0.2071400202964285,1.2858091218230536
2,0.7787737256268636,0.8818085527783028,4.868243073539841
0,1.0248260723177676,1.081299866237243,1.1097876280535648
1,0.1554473627179059,-0.041078157771090945,1.1747948606609202
2,0.9357272319294703,0.545101497257936,2.6868106207625457
0,1.0070115971873965,0.983056652389432,0.9139154094042687
1,-0.09447995277702109,0.333568207357963,1.1269754033095705
2,0.8776885538912207,0.9214182346101376,4.230872418746687
0,0.9844987930304037,1.087404355465683,1.035256765927745
1,0.21192835889890696,0.175800587517545,0.8806588251784248
2,0.8564905470153017,0.7078618641785183,3.075263612826197
0,0.996049812345107,0.9913236476831657,0.9045198695033337
1,0.24342725325624986,0.23575862411406587,1.3001141294624412
2,0.7195575550951598,1.041598756262355,4.297832305461796
0,1.0233032077664497,0.9318878178490603,1.0986679043458194
1,0.1585415839349419,0.3952482515725315,0.985188380989395
2,0.876488202710107,0.6461242216706151,2.3898546910129665
0,0.9726956140404996,0.9730834327466875,0.8954085598118053
1,0.020784946246662633,0.24036214517307017,1.0373626696712306
2,0.9663514078367752,0.6347947815576587,2.95641353946578
0,0.9658345504556579,0.9882714502048867,0.8244163795662993
1,0.22815483229293052,0.1062596965459895,1.5082014833482447
2,0.6875462570273794,0.6733195202398425,2.5586866525716205
0,1.0373062907136654,0.9517857165275201,0.8401541841968564
1,0.1068606963859729,0.04659251241905052,1.1642953715712467
2,0.67962762385509,0.8772185681648722,4.341248448273803
0,0.9852202159948897,0.9243472874837231,1.0406336058955568
1,0.20167050440566975,0.5111620735915965,0.7748869480152525
2,0.9801785955113896,0.6675533484322567,5.22189588538338
0,1.0740305958355902,1.0595119654439051,1.2408241946132739
1,0.1125283865887912,0.2855051391080857,1.1573679802164378
2,0.7181121664814789,0.812337604812139,4.323348720613161
0,0.9803675123728284,1.014042912282474,0.9128595826932943
1,-0.002923242314373714,0.09643895276950883,0.9182316068780417
2,0.9920663466399603,0.7866967915383046,3.3035600912266165
0,0.9442879555154482,0.9880111863410265,0.4615645598202889
1,0.27585997075611984,0.17825481721064362,1.1500613865830744
2,0.8304597238183524,0.569135593109122,4.920305451751922
0,1.0666017110199555,0.9838563723556948,0.9880033274036634
1,-0.019076970605361593,0.2458481733595827,1.2595977525512307
2,0.6546193083121671,0.6578303163983825,3.0601364532057103
0,0.9571358002377797,0.9845378107139385,0.8014568961768208
1,0.07567268363716624,0.31376062952779504,1.0009127420983464
2,0.8756642780714077,0.8181112616935986,5.456999705111863
0,1.003652149405545,0.9368007783868384,0.9938188684407746
1,0.1741337445392044,0.1471505330497671,1.262146706681393
2,0.8141370154351011,0.6009381306739094,4.058323339726254
0,1.0449382718825373,1.0500942557588797,1.3270285010635157
1,0.4263754106414441,0.18588676440760077,0.7817093975482412
2,0.8753811824172611,0.9327126291671256,3.8540839767170914
0,1.0670897048510026,1.0201979832788721,1.0673390228675856
1,0.07935272520910884,0.2982650236916442,0.7569334498407785
2,0.8972130350526563,0.8777524696915011,3.7584745306257346
0,1.0019728583875283,0.9705032282884852,1.288152696368446
1,0.2332227107599279,0.19393576376313879,1.1041648467964233
2,0.9376747602038802,0.7334431588823392,4.728859044865998
0,1.0293405437980958,0.9521236516683536,1.0550147186546937
1,0.06478788587844181,0.20913884588699688,1.3296037655649209
2,0.8118720918788391,0.7276282309166349,4.246950346912155
0,0.9398861994151261,0.9808635339027488,0.8482916451775382
1,0.054184429354263236,0.3512490243602672,0.9214268711327502
2,0.7936675150651699,1.302291402727243,4.847622596763383
0,1.0476159286325422,0.9507775886589822,0.7516636823761037
1,0.22179926531251448,0.5157296246014829,0.7549895048665083
2,0.9209725719862879,0.7089171827050225,4.67022618483184
0,0.9014852396646884,1.0281381654965955,1.3114151584025113
1,0.2361343892536117,0.4915808576946355,0.8754873522167929
2,0.7772864693808085,0.9613091589817482,3.8847703396685387
0,1.013542957405228,0.932520622141981,0.7858455940303883
1,0.20811295712591152,-0.011851245313219544,0.8321546469348466
2,0.49740729699177083,0.7145547628405746,3.531365495709293
0,0.9691175890505147,0.9839105482964096,0.7996856508366722
1,0.2842377665725957,0.42752984079238004,1.073811241822726
2,0.8652529963118708,0.6482859257145467,2.872846463450217
0,1.0058358316578733,0.9587345653234886,0.6714287341937035
1,0.12924882960971829,0.31177808382411804,0.5960455878048954
2,0.837995525245119,0.8309765890441937,4.660708682604536
0,0.9661134153060631,0.9446988125656425,1.0351660875174102
1,0.1520666730229323,0.08836764435812637,1.0914999020163811
2,1.1285709967606556,0.9553304165101753,3.8097165669235755
0,1.0356178659201227,1.078104153913607,0.8468909101457349
1,0.15005573664487243,0.04460439613279374,1.033413166564129
2,0.9002249813542175,0.8630847067021215,3.83660271217226
0,1.0552928281137461,1.005701386123921,1.2409024918563136
1,0.057755720581943004,0.21150022845793298,1.194090618663438
2,0.823048334833263,0.9188729438904596,3.214193379876597
0,1.0017554731393945,1.014114365683804,1.0741393388011933
1,0.2003402808099004,0.3579565249117983,0.9242702781006227
2,1.2404539496458287,0.9327903989378357,4.459740657777386
0,1.0184194008452445,1.0204490105509725,1.157371546534083
1,0.14453034160441483,0.15663999469275847,0.9493738054313544
2,0.7634133815263835,0.9978113732561098,4.5935117647285075
0,1.0498540457606145,1.0260617944155863,1.1172544652156904
1,0.38549978401431817,0.1816229610062428,1.1592646711683336
2,0.7041932458592455,0.8986829772825344,4.523103268420282
0,1.0301169858750208,0.9909957082476141,0.6699859063809805
1,-0.21783215124015187,0.21644726069578757,0.9534560223398173
2,0.866883961067865,0.6474840602944875,4.820637193184683
0,1.0159339574309791,1.0296510508596646,0.9229409595035977
1,0.3336314935215771,0.03343874192891247,1.229267442080803
2,0.5958328369737576,0.7752183644031185,4.471589706159398
0,1.035231326270188,1.046274365202418,1.2039849210254259
1,0.13394882910165032,0.08450405285836902,1.002109744052921
2,0.5598191655802401,0.6683167509984393,3.5859582331444884
0,0.9604100191196338,0.9163822283669214,0.8844804299138177
1,0.17032119842680585,0.2357310275294426,1.0814569806871204
2,0.9261685949615133,0.9979174253175385,4.669403439895898
0,0.9627852240232407,0.9330664334133155,1.221369106195256
1,0.3175574436155806,0.28078987436974645,1.0131202498782337
2,0.8533207882749656,0.5456575778065543,4.236787654579895
0,1.0028014176618127,0.9055231157996347,0.9135675971915823
1,0.18606533637960757,0.2738932355283321,1.2151484205577905
2,0.815227028333633,0.8754197581891088,5.247873692600224
0,1.0333880544285547,0.9662300410785973,1.0224778670288353
1,-0.04467634122550171,0.23823160943154148,1.2792761916533217
2,0.5956068417507978,0.7612674659835673,5.353787682684477
0,1.0306979426939293,0.8921631418748307,0.9168527695245856
1,0.34421011692862524,0.1719840775387844,0.8974451078928871
2,0.6704723903733742,0.9477980667144892,3.47442254712815
0,0.9789248669337597,0.9512540822276618,1.2572127753256164
1,0.10156873098339188,0.2813047702549102,1.2647393288639368
2,0.7707566057529586,0.7572332938595915,3.3527256557695786
0,0.9929191842867359,0.9791601107805292,1.3112361143237077
1,0.23967296129391502,0.2895907667537828,0.7847448192809788
2,1.053488461552772,0.6079143894627108,4.156959010179576
0,0.986166881503178,0.96387385373749,0.811426766531244
1,0.3305968980964704,0.38713782646937445,1.186494206004559
2,0.5511163332539017,0.8938145249610676,4.638986715844058
0,1.0018646272269944,1.0179205453342497,0.9410344733655693
1,0.1401286104326355,0.10776661571813281,1.4091475660249357
2,0.8216621221502929,0.659904976459265,2.3871682951031423
0,1.0798086431209484,1.0066721274984354,1.2652528069580486
1,0.007634671579470148,0.6345137777501859,0.8503106463643046
2,0.6270999524591645,0.656352604296022,2.0053963651417446
0,1.1185252885000614,1.0783587673368173,0.6737332103515348
1,0.47722174586081867,0.042303307833971904,0.862484265598363
2,1.0304045796876393,0.6465885949588377,3.8474824381842385
0,1.0416824152480417,1.0127960041690152,0.6319586278152844
1,0.13277658008694343,0.42890751554128104,1.0966526477741128
2,1.0908047607223406,0.6750773426579169,3.3794144994754944
0,0.9879269356396999,0.9901905624968217,0.9557422022543852
1,0.17981007864048915,0.13348449761242354,0.8948959709723141
2,0.7340091598555928,0.8983428667292293,4.861923535304566
0,0.9930473968360545,1.0278212853432067,1.1282202232563971
1,0.2731362364015242,0.14316929241473852,0.9120397970258541
2,0.6388216188691062,0.7398982040433326,4.753050746903426
0,0.9672146586937983,0.939010336713043,1.0658475131287228
1,0.14616724477642387,-0.08142900100943101,0.5769526290870501
2,0.716449021061635,0.9800593756329403,5.411515227979026
0,0.9347271698002613,1.078694274581566,1.0861899366355698
1,0.09523687630001208,0.24195895016139468,1.4370882877742517
2,0.7390667049139659,0.8660273170721466,3.808230229446114
0,0.9756719027214047,0.9447868336228065,0.9810112778143356
1,-0.16348809255150681,-0.12131828574222259,1.4235578464558734
2,0.7017673773013479,0.7587372392015915,5.337485190496386
0,0.9377626999816019,0.9373281474466956,1.2392999719099236
1,0.1986151631893782,0.09776034725000259,1.0681187075944447
2,0.749366656338887,0.9533030386924369,4.608127869737327
0,1.0261341691601185,1.0159682647601167,0.9252639509651944
1,0.20950032965412005,0.19540991196945692,0.6045586978676444
2,0.6217217948118435,0.7019360251924128,4.276226891400859
0,0.9873685792034415,0.9298429926517984,0.8610235982682504
1,0.5665595279311432,0.1488188207922977,1.1155297834441802
2,0.9243363421732014,0.8424478047403994,3.6157021203117226
0,0.9334258834793134,1.0057389451626817,1.0080521736132306
1,0.2161925574213065,0.050538107442649,1.2138158075117298
2,0.8289510115542461,0.6949802042720439,6.403345193231012
0,0.9672185362822046,0.9327017642647983,0.58175550903294
1,0.16922896369152268,0.1910988647615067,1.0069323383669022
2,0.7711894165439963,0.8693469291007677,2.5642392873332343
0,0.9585766153242088,1.0916909929145466,0.8656233711839232
1,-0.06758016968559777,-0.003962973753927401,0.9904585166488417
2,0.7411253888537213,0.8535946071575026,4.597942701009295
0,0.9568791286022461,0.8796663147974465,0.8331425306195444
1,0.2877132937707293,0.33126706563413383,1.0091310469718662
2,1.0157159278839423,0.6347355466403523,3.093602842241131
0,1.0305681291071611,1.0171818282703087,1.0724633395405707
1,0.26863506244562685,0.4529294820121279,0.9959310445881308
2,0.8478828506094521,0.6002465615654897,4.357348244612723
0,1.0317437800017077,1.0162163568376732,1.304788373777641
1,0.29436165159114797,0.34750971219996774,0.9011798407880689
2,0.557743737847285,0.7319266788258804,4.0228537309513195
0,1.1214371438077688,1.052760802316445,0.9733465189214063
1,0.409892447311907,0.0830829434018697,1.2939782029654074
2,0.7776745877251735,0.8611332290288052,4.438842847830403
0,0.9226265389012135,0.949472905821156,0.987730951791836
1,0.33368034262389334,0.14867844471421396,0.8583257368281167
2,0.9351093474181291,0.7179978730474611,3.2837265295268945
0,1.0354432419911908,0.9729438678824571,0.8188765564825482
1,0.2845898909785962,0.24853657299764703,0.8353212315133551
2,0.8820771154080373,0.9245499556990093,4.002955359803408
0,0.9691027407713821,0.9920256164089908,1.106668641544463
1,0.43723062187742484,0.16255246999148815,0.9779360265746443
2,0.9259974795273956,0.7936954909401667,2.3151570349897366
0,1.0789551651817935,1.0084789338810876,0.9223856551966629
1,0.1838502484671703,0.1306674681367282,0.8387840728532139
2,0.8822922581352195,0.65011253201151,4.196619070382718
0,0.9218188826724449,0.9100877047970869,0.8120074092351623
1,0.2914006180110634,0.4169563657914108,0.8934743410747191
2,1.0742075457220672,0.7594225282890557,4.441386075922825
0,1.0023556651228875,1.0273446828993726,1.2546919518302984
1,0.29931770848450084,0.1588600593822883,0.837071630249024
2,0.4582039472728811,1.1585277895209587,4.009879814130672
0,0.9844105348479842,0.9741887586726943,0.7315632338204592
1,0.4139772596125689,0.46120581930363186,1.0550783498774468
2,0.9357035493832635,0.7127756347271825,4.013543658079908
0,1.0611298580221646,1.0052660413139503,0.8297157067484546
1,0.30363115443820565,0.3594988817087742,1.1928563293669006
2,0.8518182218825466,0.883531198787135,3.494622730294783
0,0.986123474123188,1.0041401552224039,0.8475494281272997
1,0.25087100974833615,0.0843264856575246,0.8616414729022451
2,1.0551515621888632,0.9254122373669571,3.951242069017837
0,1.0248179288550165,0.9818140123132145,0.9801587648545027
1,0.35034805554226056,0.18139265188212345,1.1578156894808918
2,0.6479389428279061,1.0853003764780367,4.795057545781098
0,1.056060372378484,0.9941532898479509,0.8985895026280701
1,0.42756265741115296,-0.03906519078077811,1.232396186820963
2,0.7319420914437892,0.793317118031871,5.4162834649109275
0,0.9689202402506317,0.9335925974737639,0.8755311292841861
1,0.014487918116372234,0.41352784046018887,0.692706328272518
2,0.9659490599329397,0.8306383847052689,4.669681153312642
0,0.9483961305741785,1.051291994933737,1.0160640147859057
1,0.26838200891102254,0.30760303978449055,1.009038074745433
2,0.7794295673933404,0.6421442224382501,4.96683147157476
0,1.008727905034035,0.9384722054224396,1.0141199662166887
1,0.30792760176371736,0.2668140077386027,1.0065460305108567
2,0.7939115620855117,0.5973824223526842,4.539462844811077
0,1.0180380395229685,0.9177345587895056,0.874557359997032
1,0.3525014043918452,0.4296615940216856,1.0608611768680631
2,0.8155367589422046,0.858041861853027,4.248696967345261
0,0.9733561841910909,1.0219344488877649,1.1133360563463397
1,0.2904212134492146,0.23385173280825192,0.9627762545555549
2,0.842613753992971,0.8233644522990726,4.82822515244258
0,1.0672079012809697,0.9888113156581858,0.9820890788829846
1,0.20665290679019674,0.3045191293075524,0.9803720780435565
2,0.879807258831745,0.9705329054066193,3.771217633988082
0,1.106532588457307,0.9969897178446643,0.8765058016225526
1,0.25737721087691,0.01257011748050238,1.1037722499375728
2,0.607268999380061,0.9144244805989737,4.770652387105386
0,1.0015425642777813,0.9837203387738815,0.7961647888056913
1,0.11846813510737093,0.22956531603310842,0.8171497687281892
2,0.8753043442401127,0.8789846227900467,5.889786637678651
0,1.02367803307818,0.9862424920459147,1.1208044061217681
1,-0.019568218614061966,-0.061981330180767125,1.0996404116299543
2,0.9351185303504007,0.9551169149638457,4.488006245637198
0,0.9955619062671607,1.129591800846271,1.1263892136396547
1,0.1042945603719756,0.17892125659974872,1.147010485206466
2,0.9950604980370649,0.8989097237092949,3.5951058720028883
0,1.0186351214739402,1.0585004022700273,1.0021619769003232
1,0.4240355000964318,0.045429477094932,1.3087363282224627
2,0.7000815867015052,0.7829232183932021,3.591009559552529
0,0.9705371827070872,1.007702636046695,1.309602974694696
1,0.30543174541660323,0.17349940560013752,1.1336965857330428
2,0.8656103329047729,0.9404992573121046,4.078307568265311
0,1.0723174017179704,0.9711495556621612,1.120646975245949
1,0.2791774029286037,0.21110663624289172,0.9674906264637567
2,0.7106077036793217,0.8063046328865777,4.270009505687496
0,1.0158374164110757,0.9258773987756086,0.9018813817633775
1,0.39774179626792416,0.1925592742686241,0.9461092424379048
2,0.8258532941064519,0.8979221883659512,3.762248875351131
0,0.9681068763399229,1.0725540108001683,1.4307468621680999
1,0.33680615293000815,-0.07265432076494999,1.112450266742886
2,0.5821529067027099,0.8436040632996933,3.2578880367325294
0,0.968581147531512,1.0251713682423225,0.7155852715504429
1,0.1985670455917387,0.39025016093949405,0.978807395382036
2,0.8138974578048508,0.7229167640383514,3.8218976707512025
0,1.1039666476616068,0.97770297590848,0.9295538637391497
1,0.08565943331045851,0.5743620372801894,1.0495280438951302
2,0.829616447715871,1.0236415558091716,3.5487592999716115
0,1.0537881366072874,0.9509333451580065,0.8670508237333829
1,0.33810621318816114,0.2830887904236361,0.8465431972855704
2,0.9943158751980621,1.0733558199307596,4.969816444817842
0,0.9608017120709316,0.8840875648778015,1.0703034059117678
1,0.02874448805313909,0.3355361105036444,0.5821360325309696
2,0.8639473038293511,0.8046441831101424,3.704559768425737
0,0.9620516547504647,0.9630275899129637,1.4238760208263066
1,0.19537953492543975,0.40497516333411554,0.894995690077099
2,0.8908544262909599,0.9298915333068165,3.7074923362974195
0,0.9736672861118297,0.9201372482876581,1.223236293790385
1,0.2682082821841856,0.5864184277377561,0.9581565880333734
2,0.7278758426982662,0.9863293355795153,5.340400562013677
0,1.0929698215092478,1.0261553511139638,1.0679385864511983
1,0.4330978384700265,-0.25107133429428413,1.0372917114963136
2,0.989675103890366,0.7572126679890004,4.020320962229413
0,0.9841369743028933,0.8878584445867579,0.6533705351462191
1,0.18807237183507483,0.21098017797387605,1.1478813603465885
2,0.7347548262906347,0.6112846447820901,3.9226576571260385
0,1.0625035209538518,0.9589912160650839,0.9074224311608667
1,0.5099317561596113,-0.0021586301550628184,0.5028348936358359
2,1.0023850667949625,0.9369585690995004,3.978885322534739
0,0.9742245034711723,1.086174906097538,0.9129963117415606
1,0.031221195890819786,0.03467419548127676,1.165931995697703
2,1.0591261862237982,1.0036347727096337,4.455432671824805
0,1.0375347826221315,0.9736420442225918,0.9369456917919654
1,0.18890042308767324,0.5291925482852828,0.9324138660072273
2,0.8623089682708915,0.9173278997173219,3.1229710899981478
0,0.958063562953818,1.039736383984314,1.0190441518880076
1,0.3042776010148386,-0.044402332262870964,0.9795681586706381
2,0.7009090212876521,0.8547520889908576,3.342915702162495
0,0.9993274356487141,0.9258054771645691,1.2516141437669326
1,0.5475074392246019,0.13890403682048724,1.160618933171872
2,0.9712885498485492,0.7581307085337123,2.7128920479010947
0,0.8897419316695473,1.0054126698598946,0.9871842155404783
1,0.2341017658148672,-0.04247877081958085,1.0587170514893096
2,0.4960250766596356,1.0771893169381015,3.7663807478641225
0,0.9826252599473116,1.0028441396632635,0.8070369822239469
1,0.2796356584937878,-0.21914035628745787,1.1619517184995878
2,0.8907204176051906,1.0374897294173377,3.381577543120669
0,1.0747135217132104,0.9521802015012819,1.062973428337581
1,0.4706295132717646,0.033523201800145674,1.1873617346460161
2,0.7423754535613977,1.0415709335245331,3.9494926747174706
0,1.0336144783679622,1.0901243035951382,0.9780230139279974
1,0.30459520091783543,0.07226687079868,0.873705445672229
2,0.8250187797792242,0.7000351248490949,3.840096375723117
0,1.078058940905324,1.1088809843483878,1.0360098972717682
1,-0.1461821342528602,-0.00452894265267767,0.901060020390863
2,0.7841898013868938,0.8270649686556663,5.835437085879117
0,0.968082088999609,1.0154265883350877,0.9577194499811491
1,0.06031388200115889,0.2131994468301287,1.2596080079011527
2,0.9753384070275622,0.7492096404814452,3.9891715643552472
0,1.0055287286076857,1.01737225856826,0.9353649640615694
1,0.23538021376287635,0.35014782462011695,1.0759054100176417
2,0.7290646553391468,0.8772553919030635,2.1085999018418864
0,1.0931372357351552,1.028335207049316,0.9092946215572324
1,0.2687432547392193,0.19195118374566827,0.9915756487556286
2,0.8953071682172027,0.8291976718899621,3.718830411216694
0,0.9063677878332048,1.0591008756718836,1.138779241783102
1,0.5858261296331244,0.27475344543476987,0.7719470894177878
2,0.7731388414344368,0.8971241419456559,4.235502385789023
0,0.9469898841872076,1.0225792133989247,1.2876159031315255
1,0.3027881780675231,0.13353835275368248,1.0984104733100273
2,0.7862824600356058,0.8183338999002429,2.8714624673284552
0,1.0645453274055827,1.031390665829776,0.8632080649745704
1,0.24018815763583595,0.3029498188980087,1.1416888365473719
2,0.6301404305325966,1.002739122554945,4.222750202347345
0,1.050419772217672,1.0233278786733162,1.3194287901834505
1,0.12686886588293783,0.3023173411401101,0.6849673583223264
2,0.6089687497748031,0.982819585630763,3.0230784131440176
0,1.0053189978167736,0.9351393975914967,0.8041424390495138
1,0.09847477205134493,0.18813638782980335,1.1217314276465238
2,0.583967200031574,0.8722794291365372,4.064376589197165
0,1.041259451418778,0.9864159132358613,1.0976501711917634
1,0.19474510450835095,0.16150136776955404,1.0069062029862628
2,0.7668622179622105,0.6960109162420427,5.155461965902995
0,1.0331537217941233,0.9861522990469455,0.7708740985264073
1,0.16888316148999882,0.20928571110815555,1.2049194007021335
2,0.8213114531052844,0.6133897785506868,4.0185986298315
0,1.0755915685392383,0.9502366857772879,0.4822348127622821
1,0.2021388677673963,0.34216724534075976,1.120250810250305
2,0.7147206658941508,0.696089209451007,3.8011745283885965
0,1.0110395674803823,1.0519758191261208,0.7875162594615724
1,0.12352447917070315,0.27999695655688345,0.7300995027087123
2,0.49704088894374227,0.7391974133278199,4.236264007393783
0,1.023602529818633,1.0148818227017775,1.0297836445662354
1,0.1028551932183832,0.0687794168003045,1.3532174446332348
2,0.6185926019721917,0.6594441528813011,3.9452976004123705
0,1.0402140485592597,1.073447750592498,1.166726454680037
1,0.25595705692117815,0.26495495218832116,1.323464183239492
2,0.7341806885938653,1.0023518015815711,3.528869209865398
0,1.0569366487563006,1.0225326914882267,1.1348326698385336
1,0.34906935309842996,0.24973165695713764,1.3171175995724653
2,0.4915130216303217,0.9969687102698916,4.474933735210982
0,0.9641360969496244,1.0359685338404059,0.8946300693268017
1,0.16981014409018053,0.37384107979765674,0.8000881299726179
2,0.814734406964785,1.0530253570665804,3.629894952975283
0,0.9707749840201582,0.9802784997118418,1.2577118605682926
1,0.18931607437502265,0.40375123480556785,1.1359702455831429
2,0.9896590187431163,0.9737421817364732,2.957065724248525
0,1.0425868673549552,0.9922290861835696,1.2140435821340225
1,0.06689489298743645,0.2905138471972242,1.2931330257333133
2,0.6893611141934618,0.7424228530431694,3.4978051815722626
0,1.0329127318128903,0.9713154096263272,1.127386362164501
1,0.27871568405765734,0.041290763221588034,0.9551103797053799
2,0.7761731120484435,0.7900270090007963,3.4776255722028053
0,0.9240703598365284,0.9882981129028638,0.9468451107538614
1,0.3834546004018242,0.06432363760905394,1.0920211419162673
2,0.9672078084423862,0.9668570807297763,3.707503568896702
0,0.9537515442970159,0.9228960532874806,0.9491931387328927
1,0.28935180443013453,0.4714433322787439,1.425064386045402
2,0.8436257198149397,0.8890960709826058,4.834448200004078
0,1.0138048352747846,0.99339622662211,0.8198424907102106
1,-0.044447025615752755,0.15739346596146347,0.9758857367083978
2,0.9860496290503301,0.6346496046014114,5.233474319287286
0,1.030086122162424,1.0658627064355213,1.0104808269829326
1,0.2485526148523677,0.1597910597440026,0.9864299976070443
2,0.8602191178787887,0.8271859864680993,3.63026419061085
0,1.0100357584496773,0.9516299452763486,1.344580223294493
1,-0.17248742296667047,0.3323073350317404,0.8292589375730359
2,0.7300541671913929,0.8034246840208691,5.934775004958913
0,0.9928624477968511,1.0614019600972582,1.1416525819639791
1,0.1928635641237428,0.41076751400065004,1.2370136021327975
2,0.8960321838980921,0.8773440290561954,4.7602360916690944
0,1.0682922272138666,1.0440111429319734,1.4355811848816826
1,0.39630492738977524,0.2944792079464056,0.8736603788426374
2,0.7170867142660959,0.8393377174192895,3.6556543848372143
0,0.9874619003932543,0.9266596531846983,0.9417120336620816
1,0.1816251885270119,0.21156035104835752,1.1399840282512952
2,0.7004656240013283,0.46153200202843425,5.540671668901111
0,0.9974561342481166,0.9935917616672623,0.7678141533093168
1,0.19557995619914656,0.23625025055670074,0.5664731731701704
2,0.8243011062510766,0.6504283412494032,3.925696357495548
0,0.9416803872891742,1.0245714183588537,0.7535589678967021
1,-0.009936990785345545,0.07365147037391873,1.3080651501599334
2,0.8940861436762595,0.62547632121517,4.082972805246622
0,0.9888036095951627,1.0551812108530898,1.4650358447682252
1,0.053640101455311506,0.43549139478546545,0.9153471596427843
2,0.9636415953291441,1.0087435012367032,4.365594942848042
0,1.0077461357066904,0.9255301254503038,1.041434751898289
1,0.15686618438140557,0.0881647946649484,1.1595685959299236
2,0.8757335641349734,0.8176510276621031,3.7549161163220552
0,0.96971982371855,1.0020362660436053,1.260799982740717
1,0.1285642548191575,0.13581308145863588,0.9353826820234274
2,0.8020718713005824,0.9538132499771362,4.742671805396227
0,0.955162713699125,1.0289213740875496,1.2218845506161573
1,0.18297123127375148,0.2700182560899651,1.0028569924024207
2,0.5244502236788544,0.8409620704075983,4.298535740745857
0,0.9940541819597919,0.918874891886466,0.9310035986206582
1,0.0679015891806404,0.3260679000266474,1.2390397999872511
2,0.79776471965716,0.7055798557129052,2.8850973294042683
0,1.04116723394952,0.9626048717798346,1.0805579903138178
1,0.38838018516012385,0.05736852673195622,0.7725544263696801
2,1.0246591079685419,0.8586702929296304,5.608919887156525
0,0.9397162856862372,0.9542740556124129,0.5402398954717571
1,0.18301590660747044,0.3275088660548368,1.0891303758781454
2,0.7699296371716418,0.980895230288608,4.47296054393505
0,1.0070226009379342,1.029395063859821,1.193005966729665
1,0.40230066257279035,0.2887736675811413,0.7555236761054887
2,0.7403670800677741,0.8950518167673199,4.107740557771434
0,1.0348007242713888,0.9723570156333462,0.9312990430717875
1,0.21248002957966175,0.10500631511025436,1.0597692954235844
2,1.0861521291757326,0.6929583891889595,5.548293567527879
0,0.9516674439744106,1.0333311200583082,0.5611311674994026
1,0.16739936950453965,0.3947498881319452,0.8670900883441244
2,0.8960973206762548,0.9752205274459976,4.207757403347767
0,0.9432130402828031,1.0267629397939648,1.0024654636896368
1,0.10474488199664143,-0.08461422511821143,1.0098590253649646
2,0.8113022163550325,0.9384819648790446,5.033527096502472
0,1.0068871297788953,1.0148983715334157,0.9747484766068357
1,-0.03213317526146786,0.5173919177718527,0.6549684851661323
2,0.7471436799232938,0.765715596245141,4.474175910761692
0,0.9256430620274171,0.9687557887965298,0.8070248403519465
1,0.3205763232719029,0.2897402010756704,1.1067579592147399
2,0.7813157577841812,0.7474577340342143,3.8037723381348942
0,1.050928405595455,1.0178470129526045,1.0932583030627747
1,0.13295480287427186,0.34212832259599935,0.8182841793023989
2,0.8307203577067298,1.090190103152587,4.299338076600126
0,0.9305218223067684,1.015743140230836,0.9974260081983953
1,0.3205851904257363,0.31117832346264584,0.35468594096993933
2,0.8361296311904339,0.808728645024744,3.755207395885366
0,0.9294839325532162,0.9951469152923473,0.7523107339634196
1,0.3203251473616474,0.18047617354730203,1.0622870843711736
2,1.0083154713338927,0.90366482224572,3.995729297550549
0,1.0372739006678922,0.997793246077924,0.448888938639186
1,0.12639825076479308,-0.0029541966322639834,1.2598172752896768
2,0.729434475729518,0.5092705070993317,5.187175157038583
0,0.9273907079177848,1.0591495993977733,1.0485224182185715
1,0.5105311351284432,0.04639218934467121,1.1391374506781673
2,0.7795276812299163,0.7127480863001312,4.306704550678895
0,1.0300804914056316,0.9792310543498787,1.4968809160815346
1,0.31168024257456034,0.0966851946366193,1.1523369024080974
2,0.8519670489034776,0.9475293504804543,4.669283446908315
0,1.0072544860854808,1.1059152128310916,1.3061480602223068
1,0.3573653518811693,0.30067320069248843,1.3491231128392958
2,1.1514969756963787,0.8204923646855107,4.008344600318509
0,1.001157308756948,1.006429612856901,0.9738335437983525
1,0.4405090317066477,0.28595411577821944,1.2537060353413465
2,0.7755108283384965,0.5489504639051261,3.663025767903081
0,1.073522422491537,1.0372640388962195,1.0939482240438942
1,0.43478044189154363,0.19306609517928522,1.1433691305082239
2,0.579609180870026,0.748654393324909,3.3571262519238223
0,1.0074311878127056,0.9790247733483844,0.7911985420642846
1,0.07698624510442617,-0.11365276929653811,0.86099360414517
2,0.8261768674477734,0.6848407450547015,3.516117044203379
0,1.042679566046647,0.9629575177674561,0.6177925270585591
1,0.12299547311892525,-0.017341592299050274,0.7416233214509702
2,0.7240851195399459,0.8832463945786933,3.8246414400019706
0,0.964175902803694,1.0474206691755044,0.7608847234534013
1,0.1395486385963391,-0.0328111623184445,1.2805209943597686
2,0.5419647329275028,0.760404467863654,3.2726362296758205
0,0.9596951187964632,1.059309675793724,1.0173121277820092
1,0.3063172077992366,0.32327982804047456,1.054725416580414
2,0.7673263054618429,0.9463314086825317,4.1377235068458385
0,0.9354516523320784,1.0429623092701934,1.3275791375539692
1,0.2286361991720806,0.3642472099905366,0.7198619857176083
2,1.0259106168720582,0.8662072733992695,3.473628869424915
0,1.0500902463279613,1.0672641583828977,1.2571600111132315
1,0.17636726031073793,0.13253720196435148,1.202008941338004
2,0.6006451376942588,0.8135050452878532,3.9075658940059403
0,0.935385998531596,1.0157118668820642,1.1033865271717829
1,-0.0054543433993954615,0.023464260813678056,1.4501715812302214
2,0.681844230073613,0.8684178239394571,4.090686249072136
0,0.9537017080808394,1.0757561288169295,1.262047705644169
1,0.16786703719361692,0.294039342822492,0.8344282013374181
2,0.9506516414424037,0.6901495300046974,3.582390186883775
0,1.0072921479091168,1.0283612372576405,0.8602037796981795
1,-0.12965467062179675,0.07685619276899035,1.3244638002412363
2,0.9005981530068687,0.6862097061438128,3.3486347146062863
0,1.001223844019073,1.037021340882869,0.9248856630524385
1,0.21758128839288426,0.19463400614330653,1.064762279625199
2,1.0517992210393352,0.796285945418985,4.280641245069181
0,0.9784418109615596,0.997298919774252,0.6932918772933648
1,0.31667554012092486,0.16983529242709702,1.0316309477312595
2,0.8898698521492923,0.7166026764900782,4.38458718246434
0,0.999275980552703,1.0489863257565237,0.8187361747725368
1,0.26548551554229693,0.2825757259731122,1.0574281122960423
2,0.7262424647052584,0.9526917686491682,3.4194445423591304
0,1.0599218526850551,1.014073036344372,0.890270343396335
1,0.35147086757788204,0.06267270428805627,1.0855159422779534
2,0.8529822780534121,0.7863814589886965,4.34369825823051
0,1.0111687325096526,0.987669083704234,0.9760156014982281
1,0.3097675805761549,0.07674651555430745,0.879622793221005
2,0.8662645544954957,1.002215278478124,4.21577164314956
0,0.899175637107333,1.0453449558709202,0.9941204873763001
1,0.14111639242263133,0.09775811487232827,0.971805467161948
2,1.074883221275218,0.9911071471601905,5.10437313476936
0,1.064406708590487,0.9687169273717628,0.9983582861068634
1,0.47529471261514616,0.08461666412586356,1.0098710311054215
2,1.0172859207123657,0.9583999388544715,3.58992292001458
0,1.0122889585729442,1.019697320862542,1.0423458181528464
1,0.1323180903571469,0.5615181091336465,1.2331436007851893
2,0.7735693559093857,0.8239603695917034,5.512477383300483
0,0.9656061040267959,1.0615948444531247,1.2729422307799227
1,0.3241669981260356,0.12500264168998307,1.1794623504206925
2,1.1959645272219273,0.8761801066545827,3.898283547646358
0,1.0113597891340584,0.9697542184716347,1.1525457095974843
1,0.19204206063982593,0.0025287137123131964,0.9429837107688391
2,0.7009035025094359,0.8709348879654608,4.236545301267501
0,0.9688866870301399,1.0000685623152596,1.08399588030971
1,0.22473492503940307,0.17347776212598265,1.4366233885379114
2,0.7274248384798063,0.8459250033093142,2.9191316557664013
0,1.023448951527258,0.959568826879143,1.383048754207297
1,0.194915872567561,0.3211402487629026,1.2034515537166608
2,1.1051984533660493,0.6658252476721572,4.4240810193916715
0,0.9303799465165102,0.9592207628459494,1.0865714552906631
1,0.3093598462231711,0.422904580153459,1.3076681469939273
2,0.7332035921020355,0.7314640200364191,4.297064145560178
0,0.9298121455860481,1.066657346699,0.977139545903061
1,0.37699047550481785,0.12028013410338835,0.5936548059241293
2,0.8819716693220909,0.9164255086529504,4.041015582220734
0,1.0375583541305313,1.0718158133453515,1.0719219759992145
1,0.10740101551575193,0.16123624228614225,0.7859668598837862
2,0.8203683546353064,0.6018671922676948,4.068272016277561
0,0.989828142352158,0.9444975731092651,1.2333844610942284
1,0.26001227925758646,0.3934365145052361,0.7628934050683353
2,0.9560546143677128,0.5825082292323089,3.973388107936016
0,0.9899286067744062,1.0684304438147485,1.200834642577771
1,0.14310916449370814,0.32965110008361354,1.2885604261805075
2,0.8242281935821788,0.8079174908717366,3.1294054090201335
0,1.0462815552997244,1.017575481185807,1.014082820441258
1,0.46983709536787416,0.21225659690019044,1.383633595466723
2,0.9437648351430651,0.5472013016780701,3.287621583294379
0,0.9049196429685711,1.0631583583901831,1.130491655119218
1,0.05729433412264329,0.18273760663581165,1.4416388517165046
2,0.7366921045983128,0.6364718548510642,4.2248271784956115
0,0.965997799857431,1.0551388886039939,1.0347864091773307
1,0.017675270106379815,0.1739814093674129,1.0016889043387844
2,0.9227654001088741,0.622948168911755,3.341825713712877
0,1.0115069197140178,0.9517043956915876,0.7843093049493977
1,0.34163318608147997,0.26264534798551,0.8092027728015632
2,0.9277430571464427,0.8965047767941543,3.565625830412121
0,0.9805745338888279,1.0054800987761927,1.0545772691969313
1,0.27774159078312843,0.37603971593869867,0.971045448451803
2,0.6645632180002401,0.9198686849157489,3.41242678309345
0,1.031056728799636,1.0501003975191285,1.1946188459565055
1,0.10402290696740693,0.30308249670536996,1.1246192225535654
2,0.7861048915678447,0.8003548168837242,2.564986850514366
0,1.0106154532789404,0.9197925076022165,1.1293722727137832
1,-0.06214229713614228,0.36690333608720493,0.8602370157313699
2,0.5145132818805681,0.9134437740821716,4.4197167194330875
0,0.9805609235745345,1.0314169791226775,0.9274355497100185
1,0.2591930852102314,0.08197250549449489,0.9861784708889665
2,0.5360421668824029,0.807128402278322,5.08331978426598
0,1.0552794533358891,0.9380059780338791,1.005236458927801
1,0.32821065641736863,0.15119187707631435,0.9954878055484122
2,0.7239544976731251,0.9869503577873463,4.763044385267671
0,0.9189857627221247,1.087983923407518,0.8862005897413067
1,-0.018873119686952933,0.11904148025933231,1.5945240574071078
2,0.8701587104283224,0.7722631667125299,4.689398850003986
0,1.0807891588138383,0.9620878895989002,1.0193493667542948
1,0.44327195033873357,0.16460181780307,1.1232130908193962
2,0.8786374578187514,0.8302523984919132,4.445635342818521
0,1.0744502745959106,1.0340467496619843,0.8236580452951003
1,0.08141817247258139,0.3051380245397272,1.041550519822514
2,0.8460219581476278,0.9192081103725094,4.338528920044269
0,0.9880740094178528,0.9797002418144196,1.1729004815018103
1,0.30192161542792795,0.21102744071092644,1.0146764964476205
2,0.5307427089664319,0.8274236988663585,2.715834232975661
0,1.0992692983927448,0.9547452113786878,1.1438200685957305
1,0.10508811535862583,0.12687655354397692,1.2863046028276934
2,0.8442876462066635,0.9258680614220025,3.4280952319681184
0,0.9971654140456887,1.0156319173549857,1.1322483400962349
1,0.36631692884103906,0.19734679671541422,0.8045458472135144
2,0.8140503576850785,0.6684767055442694,3.386030791255126
0,1.009403669126285,0.9562081042897805,0.7899719214544512
1,0.23148091569113025,0.30358511755035816,1.1010602575165838
2,1.0308495010578531,1.0561282412059618,4.047024519927992
0,1.0693832426245171,1.029880296698955,1.2565119308558987
1,0.31427424526609343,0.4645609608759925,0.7947108921031432
2,0.8829087324626695,0.9267360297016303,4.055292760964657
0,0.9236982102022341,1.0350547519974032,1.3060929121562272
1,0.5117440090776327,0.10773506983020026,0.7438284694937038
2,0.7161147036871305,0.6123666374048495,4.524803238919725
0,0.9658991986551421,0.9481734794299602,0.9044789071690464
1,0.24686437344592166,0.3482357398467963,0.8599136323065785
2,0.9240145599810153,0.7985720565260425,3.565899201566266
0,0.9877708735061781,0.9188593306355072,0.9241581643908255
1,0.42908873587024365,0.35638821500393,0.9186976333393603
2,0.5340269452615889,0.7842104425250543,3.792225280051257
0,1.0590330463310136,0.986755051041529,0.526481970918802
1,0.28629300403176994,0.001881187233710363,1.109503270937982
2,0.7369839712200821,0.7603991256099284,3.6424155799455114
0,1.0204362849372355,1.0273312922862314,1.1604252688133176
1,0.04195807818629074,0.05892827387687993,1.0686248320668814
2,1.0626686588174195,0.8310949061470904,2.9917580577479432
0,1.0162863614535802,0.970181535974446,1.224407128656081
1,0.3121432286432177,0.3044310188946483,0.9744310308160665
2,0.6229706093073603,0.6745740997423066,4.6842411337053225
0,0.9864734487656333,1.096884860860658,1.0268789948906234
1,0.06699777429543316,0.17018729576221708,0.45298968959245745
2,0.9442466217996458,0.9125102866164609,2.1412443091037767
0,0.9446708374613875,1.0508659259089774,1.3512547855925527
1,0.2541944067147045,0.39739015230379093,1.1457923291211494
2,1.0040175386639576,0.8627785178720543,3.4543600240562453
0,1.0556476236331227,1.0203836327641371,1.018463890226271
1,0.27459561414141603,0.0863591576972775,1.2796545052255806
2,0.6400038976242399,0.6128484032032935,4.120222858519722
0,0.9930643078892679,0.9860897095823614,1.1616823074667093
1,0.3173647876247296,0.09635903153125049,0.7744721864089646
2,0.7558218369459478,0.856907192686495,3.1462403862532033
0,1.0321871504454372,0.94768020930551,0.9427631590673241
1,0.15770209854084363,0.1377141576578908,0.7481188997066206
2,0.9550177866001024,0.6804687947881676,4.063068424956605
0,1.0325404272331755,0.9296231993738953,1.22433097568703
1,0.016830530182991854,0.36218170413087847,0.9100138567650778
2,0.7414299662468369,0.7743793058961813,4.251180902735698
0,1.050761303006389,1.0163595566817065,1.0551284742985056
1,0.22544866401113575,0.1365247613439221,1.0568785800156282
2,0.8756638424512144,0.8243106578211168,4.64898240346302
0,1.0664442865158792,1.0335617225939882,0.8717496578053574
1,0.29662306919379733,0.41806062003147687,1.0269132772129863
2,0.865954858779753,0.5851178565339386,3.752895027713483
0,1.0772265399581615,0.9812186884088474,0.9323738710014242
1,0.146311725440851,0.14294303655893725,0.855561289646102
2,0.7213961602313076,0.8634182798181174,2.6306744926026644
0,1.0104875287263784,0.9954382540750796,0.8520291658591215
1,-0.013924467944291002,0.45129199260074027,0.751483908129166
2,0.8107829688483054,0.3759942420195675,3.441368943041979
0,1.0343372868868734,1.0415722756081405,0.8204533525492204
1,0.31296825963269004,0.3263179672235108,0.6730434430199201
2,0.7829948119695156,0.9575829892636513,4.597675704227831
0,0.9628608824297298,0.9925673737573958,0.9212601725867077
1,0.20576056450783045,0.06798168150946987,1.4401292806253676
2,0.6652712505526615,0.8189907894493552,4.371602106507603
0,0.9677166839802478,0.9579159169662365,1.1345763171416812
1,0.21274715001220837,0.4248280435100308,0.6295379940479062
2,0.9697410338335404,0.7129525620286872,4.619286507790407
0,1.0088966895507612,1.0821326345860633,1.1521153893926788
1,-0.08613227409214469,0.22491090334137287,1.0994866944734611
2,0.7453935977740298,0.48489822744208605,3.536938986424084
0,0.9376623516241254,1.0347597692322983,0.7732918146100314
1,0.19042390566721065,-0.00513053068048161,0.9123522989783039
2,0.8505791786065104,0.7100457023173539,4.58696604005967
0,1.0211848742827632,1.0623845188855898,1.505475711535883
1,0.1308232138202904,0.1259346349509614,1.0216781103771135
2,0.9311107999881223,0.9151580567988461,2.8820723067155014
0,1.0214022944890047,0.99494163004968,1.0785860277498722
1,0.06243587804357814,0.2196317042614572,0.9478352229182716
2,0.811435706513254,0.887896753376251,3.8582654367976876
0,0.9267047331949612,0.9709773137948501,1.1492375635732675
1,0.30185559007491386,-0.2868323601408714,0.9614077459251048
2,0.8459813591616379,0.9321956942426619,4.774561538993016
0,0.9198526158984409,0.9431158338904232,1.0894009778283935
1,0.44919520855092876,-0.11424613294038011,0.7932019916107731
2,0.5449031409246367,0.5720501949666142,5.218442231834034
0,0.9700583784922825,1.0444393190002472,0.8562159527804324
1,0.3522965252983102,-0.018499229722132055,0.7587542895717229
2,1.0123101025292585,0.8693584317572728,5.1587917674978865
0,1.0516488649315248,1.0334474972438061,0.954937271651642
1,0.2581975089120114,0.3121494084487464,1.1341455113061512
2,0.7295392958873527,0.8526776035897629,4.482083304513786
0,1.0448067339831564,0.9790656456985022,0.6897373664794995
1,0.1742261587672973,0.2551777570540561,0.36844158692855133
2,0.8627208720848151,0.9688906720682297,4.926627040347422
0,0.9678944097444928,0.9614433567505547,1.2213069222751962
1,0.09595621741328166,0.18804871248452484,1.0787439880531369
2,0.9890677443339478,0.6982643224775852,3.563008387743473
0,0.9416666850986767,0.9008160389244185,0.9330791268345535
1,0.13962816953992913,0.15797435770327828,1.0619714470795398
2,0.7011858753662016,0.9225378088713834,5.674521757629168
0,0.9515844983291161,1.086592752688756,0.9215008978728944
1,0.05893245223577978,0.11460319035462599,1.3450023732574545
2,0.6543039632094939,0.7984290775411509,4.793047888069744
0,0.9882694650635979,0.8833315877854204,1.0880419182099041
1,0.002424635729449398,0.4328855020673914,0.9923355819772595
2,0.36548042749231174,0.8435754313762089,3.5279398681215026
0,0.9272885259357028,0.9671221893218855,0.9641059164204671
1,0.025200552249475067,0.35153447297883755,0.9828127452892251
2,0.7278258573338456,0.6638292287654963,3.939172830328794
0,1.0088740635850368,1.0057464690702034,1.0789755819174733
1,0.39764467272288584,0.43355526107396913,1.0122677878796107
2,0.5894141378944813,0.9456262344633926,5.63905775029637
0,1.0060781306050768,1.0649296050365393,0.9656521489641995
1,0.22090786407416418,-0.1311524261377206,0.9132500983745123
2,0.6590087822390003,0.6909858015840389,4.78588413253839
0,0.9847207302014656,0.9395215097208547,0.8951791565307486
1,0.36322627853415257,0.44409036525358203,1.4182644893255776
2,0.8080069488182475,0.4430326055847398,3.36879370142973
0,1.079019562670122,0.9816832888226784,0.9331247629813552
1,0.35825796129548076,0.18074290824929165,1.3421580150262802
2,1.0192820390280388,0.7665342968723177,4.536488161922185
0,1.0131630137912293,1.077382619490858,0.8392308054790998
1,0.18145622296565653,0.48367449901109416,1.0624003146973593
2,0.7316159677552542,0.8365751202472321,3.344728223494242
0,1.0015047623333124,1.0146676787401185,1.0242583716790783
1,0.34432986113945774,0.1530655472233074,0.886719617520941
2,0.7543521411260045,0.6891946647322499,6.082741203028033
0,1.0931141458374114,1.0122353597429001,0.9300183282380073
1,0.3641898976506147,0.25052267175115633,0.9776238055003784
2,0.9208027485134583,0.5306121785670224,4.929224168010288
0,0.9610789956400441,1.017064199064505,1.4989350131923456
1,0.11997141366622786,0.16876697486830608,1.011996372787101
2,0.8077107264239675,0.6424821237776019,4.383207249900554
0,0.9389439910604707,0.9759464028694161,0.768061910155058
1,0.24453941348102232,0.2891218122047019,0.7010646151610029
2,0.8512329391057823,0.806087778699763,3.650888166036005
0,1.0009006100909206,0.9094654525761454,1.2150485791506005
1,0.25233913563133764,0.4316562179473963,0.7582750402593446
2,1.1355531059040171,0.9561722891497654,4.571668788665855
0,1.020551166385447,0.9183720010840751,1.1768263060035056
1,0.28193892308874086,0.2819734877678072,0.8085230330189308
2,0.6015439551520528,0.8018587629046666,3.6794454731434336
0,1.0364846524424232,1.0366346680401668,1.078878909593664
1,0.2757791895732551,0.1471897878304727,1.1010132840315523
2,0.6309276205790344,0.5647764996813498,4.232511479701297
0,0.9582699121070923,0.9834923357313917,1.1013941528407665
1,0.3923344179543059,0.21103895702231382,1.077202776194769
2,0.9682386981671172,0.680408031918484,4.246291257637051
0,1.0469422538417625,1.0740235142504697,1.1911446322181625
1,-0.09011861270878613,0.34348979494173426,0.6244112014987675
2,0.7066156512625932,0.9335622124903524,2.9642354652796565
0,1.1050826181070033,1.0505043609825608,0.654978426518776
1,0.22199491800966686,-0.0910816323564761,1.1502210404835116
2,0.802341620078225,0.7353019494384574,4.349158407871466
0,1.0128955012578398,0.9677854226297682,1.1696602778790446
1,0.18814968954412042,0.09472211016270705,0.6682909846949561
2,0.8009219774296227,0.5874440376340578,4.142425353995297
0,0.9978443627527951,0.9923042906079875,1.1773176126078364
1,0.08405148647797987,0.4428835850491822,1.0481631703086494
2,0.9733776815717773,0.8482909752540803,4.968483845567182
0,0.9631113256861747,1.0637194525551878,1.2218429607127526
1,0.20269775890806221,-0.05010924516430654,1.0906390823204688
2,0.8507827155140302,0.7081818421105674,5.801859461992038
0,1.001621325889143,0.9910005636352174,1.2169477267637263
1,0.16102655836548146,0.2169908603889665,1.2025467878649225
2,0.6050232873216973,0.6042805519456069,3.5537811331714573
0,0.9583482979977419,1.0506014635514354,1.1959363420476257
1,0.038592524635721326,0.2583716399823931,0.8673647871681226
2,0.5208519100427653,0.6577119238707853,5.466802124010812
0,1.0420059853131196,1.011189757122978,1.242145293462532
1,0.21791660646683483,0.23243658964520392,0.7361043448321092
2,0.7161255993943317,0.7051039699854168,4.786202816214456
0,1.0039342277790004,1.0628766142050454,1.0782482066235544
1,0.19682214843665824,0.18861213656304432,0.8242357051718997
2,0.7451837175808899,0.7909738839032059,4.405775650691906
0,0.9415096239316296,0.913474064420639,0.46525596381087886
1,0.02265734213804102,0.3128721139577305,1.1364188283648096
2,0.8553660116665573,0.9130161530339387,4.294897394608731
0,1.0632939984453451,0.9974304162490482,0.863109957338143
1,0.4251591224848855,0.1353590274911717,0.922571575329337
2,0.8899994859648672,0.7906682873261864,3.7442020684544386
0,1.0382786321765918,1.061376743346264,1.0923663085111275
1,0.18623472072718647,0.31078199982421123,0.6073351748481146
2,0.8702831836050368,0.770222327653767,4.964445597750385
0,1.044358186243047,0.9867223791852167,0.9311150312153759
1,0.17132639193061097,0.10290603135113204,1.0446545830533218
2,1.0433624139524431,0.9737026056100428,3.9874163410173398
0,1.0119562849604762,0.9307558118578947,0.9588142181327443
1,0.11814069957649805,0.06546997598450338,0.8569996232678665
2,0.5637218604607654,0.6715250629286946,4.028510511256195
0,0.8978760854904145,0.9790596144502278,0.8341633949859901
1,-0.013401410179550793,0.24296899075020534,1.3010998547550894
2,0.9563247731579824,0.9055365464294609,3.7920739286182825
0,1.0150741954208298,1.0192936337384457,1.2080499735677734
1,-0.04394936853515563,0.07269380455548805,0.6391416446148714
2,0.902466039729896,0.6872992932415171,3.6891118112042376
0,0.9233639566494306,1.001003889054403,1.1434433205928096
1,0.19909679844275419,0.221433826750763,0.7505136341761152
2,0.6192751443958403,0.5743081182002899,5.255091583847442
0,0.9480211328317666,1.020567803248029,1.049047289179925
1,0.37181268782573884,0.10868856767773859,0.8005601026574783
2,0.9757462553083949,0.8605621596077065,3.974102476350195
0,1.0181782504127233,0.9604709668018824,0.9952151111883663
1,0.044118178337391484,0.06439841546216071,0.8561742318619903
2,0.7614790469646463,1.0311843636994018,2.17329862491633
0,1.0119490931204131,0.9727367350430121,0.49915250260496546
1,0.1711505505088976,0.09109073728202777,1.1009458845974487
2,0.7796070988037819,0.9040353492937323,3.611024327834809
0,0.9515956223673718,1.0287769349979574,1.2104548631206884
1,0.10765387166791002,0.27754577938365654,0.9379354232688343
2,0.978036193498304,0.7073391499443876,3.7790695783303327
0,0.9317019945801549,0.9477020326699183,1.2705279309654265
1,0.2376991733424167,0.06840712601365687,1.013536865457258
2,0.6204770890630009,0.9947044575532266,3.5588870914620587
0,0.9783749919489495,0.9997464222793839,1.103037249772753
1,0.42819513905071216,0.10650215818738835,1.1932340856890176
2,0.7222458036097563,0.7783167689316465,3.5335583315257346
0,0.9905972460557811,1.0242183570600003,0.6587989929000984
1,0.1362707055346932,0.21151285766448755,1.0846664430787119
2,0.9638395922359081,0.667543666779131,3.8715249609758904
0,0.9715945922456676,0.9307931444979424,1.0902364933384139
1,0.17669845896940975,0.14460301574588783,1.1672840854686144
2,0.7367439858512009,0.7591595095848876,3.8092526031434013
0,0.9416790673470198,0.979333007267333,1.1456602468367176
1,0.016401245784987944,0.32544660316555446,0.703777120176911
2,0.7084911637885635,0.8365486243518724,4.383433715999246
0,0.8901412981646186,0.9393184146797133,0.7729553491991218
1,0.113613068770778,0.5421926865686449,1.2035761633567448
2,0.8077957262727312,0.740177588954729,3.499738276697007
0,0.9777426000141506,1.0299313206526766,1.0413137284508935
1,0.2737116126050723,0.29626057940414036,1.092006349822936
2,0.8802656446173632,1.0003863268089552,4.969820548181539
0,0.9715491124490817,1.1044304335490343,0.851323793619128
1,0.19679340439162707,0.1823543435847336,0.9170931802949891
2,0.8424720444935705,0.7256312544797822,4.154936914349356
0,0.9686312701718537,0.9627454263441697,0.8370694272007412
1,0.024356116448577325,0.33692456812768845,1.050940131755207
2,1.2037133006772085,0.9176355824689739,3.586872057115785
0,1.1026607362243723,1.0525526843066044,0.8260843592627956
1,0.26256217520625497,0.14201207450080078,1.170745582166609
2,0.8669390389881138,0.6297236740861905,4.376553362676274
0,0.9727214169523283,1.0445179627301526,0.9737063152004469
1,0.20252579642780827,0.5211131410591527,0.924050271045251
2,0.8602613777771374,0.7125512316466968,3.828611451323829
0,0.9781889391753277,1.0476816103646067,0.9192615393301351
1,0.5935826591726726,0.17242255750714233,0.6816408129074505
2,1.0040431701775556,0.9438618872465706,3.962513373757673
0,1.0466287903134517,1.0133478847153445,1.1603992992973151
1,0.17125766484743893,0.04246730779197175,1.0363682558143654
2,0.9388552524829201,0.53380367200083,4.944260422200386
0,0.9659269936542069,0.9799418576380651,1.4584345387603137
1,0.07567529978052623,0.17381452337181524,0.9912791332634691
2,1.00855544106174,0.8247603720108205,5.540600737180789
0,1.0069561961301985,0.972161696616369,1.0944659880266256
1,0.2155927930093253,0.3444712518553231,0.8597139825354436
2,0.9049086231937846,1.067528796653298,4.55176263149372
0,0.9980294888601271,0.9769503771395818,1.1797065512898794
1,0.09603325091835452,-0.010452588184809097,0.7655373483001999
2,0.7268482985437973,0.9073356106503695,5.3091624277624785
0,0.99649167621462,1.104971311593784,0.8507207915911539
1,0.14644978208467826,0.137024011722081,0.9589488189529369
2,0.889444102053478,0.6611767623332931,5.2706534580564925
0,0.9343616179504961,1.0085859284630248,1.0817923184722344
1,0.1522515617021103,0.24621464721907177,1.2314987065757337
2,0.9031231872044737,0.47104752195503313,4.36540590076938
0,0.9259772812593975,0.9333168015176099,1.0188650510039936
1,0.1905496067057983,0.009437616045592817,0.8376679717166777
2,0.9993850609679056,0.8195522833803455,3.3036365186858583
0,0.9550004883125603,0.982948478506881,0.8509994431846664
1,0.5486396989158122,0.10181088494116876,0.470661025367752
2,0.84167612818121,0.8328233622415001,3.315975045733029
0,1.000376434732971,1.039581547647608,1.0547447357464275
1,0.2914578971311648,0.16148250895166788,0.9094847009929888
2,0.7673020070415669,0.7355706553321815,5.06819229775324
0,1.0029522062567937,1.0360803434700148,1.1318537843192586
1,0.19977414323323747,0.2592046573613241,0.9495136053950387
2,0.9880234280708321,0.8502760294486172,5.405967273312935
0,0.9251529503006781,1.081997270574814,0.7075014313193223
1,0.0982975614013734,0.28109257563579315,0.8447763914363307
2,0.8156532938850954,0.7249957406557539,2.4171464015002133
0,1.0032161480082586,0.9304981548356012,0.9498778106851727
1,0.23645155636259976,0.21109592033385513,1.0433116508042792
2,0.7966521110597047,0.8620756141814945,4.246821684725455
0,1.0819513947003692,0.9862796919969996,0.935915470857225
1,0.2115502851944926,0.4991340089612657,0.7493067536442812
2,0.9011694173488508,0.9143226188012947,4.06558054840892
0,1.0629661989423538,1.0761537012372595,1.1192470580685954
1,0.14307043320266954,0.09703005135208932,0.92945775359881
2,1.0278243025032692,0.9031926144897708,2.4318109027959443
0,1.0892149998093412,1.0513802478662584,1.0236447083235762
1,0.535585915096666,0.05433932929987659,1.100865380641238
2,0.843552909616984,0.807567603036685,2.798033572336111
0,0.941988305256848,0.9661597413532566,0.8517422920204492
1,0.0942745654309463,0.0687625322277984,1.1950762595976094
2,0.6277516535378547,0.9567038715618005,2.720290216010066
0,1.0211983054401153,0.9831514675008044,1.0613595280165693
1,0.32942061610056,0.3371385199599786,1.4529895459777555
2,0.5214798539536076,0.8919489320678029,3.921364559889096
0,0.9853922625643564,0.9750453841955783,1.1948118336317908
1,0.19993447623990226,0.21326910329652535,1.414464623664652
2,0.8289106268134337,0.5452347684059813,5.076675215964222
0,1.0123763460045057,0.9754250616827534,0.9684276506126486
1,0.1355005989268658,0.19978101578033455,0.7581331826690815
2,0.9363208267142625,0.5080137794810755,4.1427690290653985
0,0.9760490055733692,1.0806167256272567,0.753411530168448
1,0.29999826020251863,0.4412706420395911,1.0005855392996579
2,0.8750702366396003,0.7251751335901357,4.0880715726487535
0,1.025558381317158,1.0178821893748367,1.0534754616032602
1,-0.13442889966903865,0.41740125990635935,0.943036723262155
2,0.7614167917825652,0.7385082375758848,1.6813666304045514
0,1.0991594773048385,1.086872529743074,1.333905272297736
1,0.3068629883451014,0.10889493713703328,0.7621991694624591
2,0.7445619627015518,0.733340959715573,3.5668679426062315
0,0.9803063001259429,1.0292115357302511,0.75012866075149
1,0.10409489497293643,0.11072158467869098,0.8166455882771178
2,0.9026655330576403,1.1221021565129654,2.7702426870090733
0,1.0506675311283202,0.9877431128492704,1.0511462363925526
1,0.31348802995372005,0.3435321346305319,0.5823449648887282
2,0.8366191697807299,0.8616523176639741,4.069237572693985
0,1.0184454200628776,0.9752713857951478,0.9080798430124256
1,0.23497831858116838,0.2804405216186412,0.7149346958401812
2,0.7415255595212589,0.6652527394743275,5.6620464538650985
0,1.0429334717048733,1.1009128255433054,1.0714169430418075
1,0.35338108146106517,-0.07153365271104639,0.5993908159519358
2,0.7403015527057806,0.9522582953011615,6.146608833454555
0,1.029958180847221,1.0384882517150487,1.1187142755213282
1,0.30525321669347083,0.16345560678740362,1.198590905518099
2,0.8596042506291126,0.6347501646578447,4.213975277823359
0,1.006777371204058,0.9993457802692662,0.7430174892267871
1,0.2507695485366444,0.20486841824273913,1.0931862353270383
2,0.7827461650489256,0.8981367512798982,4.0108628014835475
0,0.9105377760147708,1.0013043435939648,1.1709553617787836
1,0.2553991487462547,0.29839307641892865,0.8624958905075227
2,0.7494681909126868,0.9244385312548311,4.662090251321985
0,1.045199341099768,0.9846227982573379,0.9274385034633722
1,0.44390620960978977,0.29330422155480107,1.3261033225066376
2,0.770356465383501,0.8681190794391147,4.201567565036594
0,1.0399857219298672,1.0198036867348466,0.8508752502858271
1,0.14747389913506914,0.21179945523245847,0.8464305726683279
2,0.771623628212589,0.8417563026981781,5.034356136012826
0,0.9836876451138464,1.015869433028414,0.9505721740636767
1,0.40737613621597724,0.4765746266358263,1.0092999589510419
2,0.8908095019384087,0.7939194375732244,4.9516625705664525
0,0.9953381669364384,0.9671459155742481,1.268804389024226
1,0.13215735677971568,0.353241169936262,1.0952385767600985
2,0.9050896140947268,0.8460549591652049,2.304202450037949
0,0.9846786929195617,1.0550208029884158,0.7474352206034467
1,0.36695585345213144,0.42589604155669997,0.9305446361408338
2,0.7409922438279652,0.6545348126264323,4.781277051510684
0,0.9663770365397981,1.175476598761985,0.9068235942479936
1,0.3207146283781156,0.009636096239703712,1.2645730663334778
2,0.5752550339405786,0.9711034128960068,4.304793329034785
0,1.0108283710272914,1.0429236985166475,1.2343640036809478
1,0.030564938957453464,0.31378494807208024,1.2237743238999326
2,0.8234000189824219,0.8206465742984431,4.488627444310614
0,0.9971504053801161,1.0265418871184717,0.7529261430679641
1,0.28240716908699987,0.3713334900223455,1.097914245944176
2,0.7020783235399607,0.897661374534414,4.254468530469521
0,1.0210179035171694,0.9857626899254905,1.1141580404693316
1,0.31422070839637906,0.23745950001482852,1.141978800581601
2,0.7841923615825159,1.0012067243078464,3.9686161620318625
0,0.9359752867414558,0.982413869640122,0.9599884975151923
1,-0.05565094709403967,0.3057718808707433,1.0640583746586956
2,0.6957811520529434,0.7109230724863915,3.3365628165294408
0,0.9857961178700012,0.998356492892447,1.0832610410239218
1,0.30554763203519586,0.22200211476485301,1.0908902395636784
2,0.8534127320016817,0.8657654330911922,3.591872175929738
0,1.0357005459319715,1.0040326503200039,1.1528493414995047
1,-0.027641262605310385,0.22915917889326867,0.8945853484976886
2,0.9261119140160429,0.7156003554603442,4.262626237782035
0,0.9974887088767728,0.9979243550126091,1.1388631210537623
1,0.5082902104725469,0.3157528775474154,1.0151638578887094
2,0.7981486130485576,0.619535383297067,5.687618625755265
0,0.9883750824482235,1.049125549369992,0.7874003467703687
1,0.2043212443699225,0.06575061416519512,0.9562703150415066
2,0.6640402440126191,0.5540664326085964,3.8412402178794536
0,1.0434653638746203,0.9541763052475286,1.0487160346683226
1,0.024793177517820536,0.02386737626261548,1.0022629137024075
2,0.6090459645290138,0.7003085710293023,3.1408164948628294
0,0.9554916546389132,0.9878021993732233,0.9689403828782805
1,0.36355128405138726,0.49856774048246194,1.3763361359510276
2,0.7023836462715825,0.8293630835056763,4.211189071839211
0,1.0105119679849366,1.0252764236828646,0.9841439901278412
1,0.19213356036026286,0.29045589392055077,1.18904222825736
2,0.8636039451994187,0.9603756371660124,3.569643430262001
0,0.9814520555907597,1.0283833500717434,1.0210109933226093
1,0.14735960468551035,0.4012566708171579,1.0122071290795651
2,0.8203380587597393,0.9927018665419319,4.370086347597343
0,1.0484137081295741,0.9536879199480411,1.0494440211790246
1,0.10229633883361852,0.3904132049959953,0.9689952804051626
2,0.5978014276650562,0.6410361645989119,3.750481255609236
0,1.0138892385595089,1.0023814012361671,1.2308067939165437
1,0.23267543504573926,0.3711277866543019,1.100871012491496
2,0.8027576436744692,0.8122055128596786,5.495568202558064
0,0.8739537065958567,1.042026077536418,0.7727849001976848
1,0.026112213669296946,0.22385379000225308,1.3575314670418868
2,0.9629515051496785,0.7588801630459158,4.992915550359648
0,0.9342464620675841,1.0480894562498249,0.9674200967202683
1,0.34679881634836185,0.021654114483774495,0.604435595802743
2,1.0479885656450385,0.7350608759273434,4.051408574317666
0,0.9893280652566268,0.9826838707684714,1.0928806195873093
1,-0.047961021930647774,0.40573516585898906,1.195467296406511
2,0.961243614748857,0.730065779373545,5.511097323719615
0,1.0815352241335638,0.9482485100246822,0.7880790859200388
1,0.14775397016165387,0.12277983398419134,1.2023860953940826
2,0.8111455576911997,1.0228499441488943,5.194762455120125
0,0.9808137109750187,1.0625333617408588,0.7904438799833717
1,0.3609834466414271,0.32368983929995704,1.235494485333201
2,0.7366941502476466,0.7229944300473162,3.0254229131960333
0,1.0275914647065352,1.0494665738985929,1.0245570822231556
1,0.35036055434029556,-0.06093929309274548,1.1176563522121687
2,0.7787068037754362,0.9026679901547814,2.8912497275377524
0,0.9976432147052339,1.036496425762059,0.9668399456320143
1,-0.09960096165377041,-0.014726338931452115,0.8549779415501635
2,0.7754867891160907,1.0103307667404775,3.0973975034323225
0,0.9427215084086814,1.004123860288858,1.0167319770444523
1,0.11699206603290639,0.4516670059811196,0.9117057508993576
2,0.9197892500764789,0.6670839238699711,3.0156728347540485
0,1.0098073319527974,0.9407653157245688,0.8550977501981131
1,0.0008713924250226823,0.3810415587995595,0.8188547273859583
2,0.6816548598124877,0.9348795369478782,4.160091766174533
0,0.9898000654583204,1.0652416689873858,1.0929225282456176
1,0.2839402843011926,0.24297729783189034,0.737971875474169
2,0.5783317710148861,0.7421459055445699,3.9221585528773897
0,1.0014490916331407,0.9785621436734958,0.9748241601957885
1,0.22811485034883783,0.1772136275957135,0.8240550627790502
2,0.7035546420690373,1.0049291291291698,4.5479800037572415
0,0.9809373385324637,0.9438113922668526,1.0243586079539153
1,-0.08986801672749806,0.06778682683620507,1.1099338674111967
2,0.7562767278161735,0.923882817515358,2.504237207931981
0,0.9823951312643604,1.0193163266791865,0.923944764591194
1,0.37665368714563807,-0.017390482210998065,0.9217325557627878
2,0.6900447856792813,0.6904443346738176,4.291988574455924
0,0.9589453544738128,0.9700403900505978,0.914098240580516
1,0.11609644411237766,0.47668463117790555,0.5688336291370102
2,0.7682035703087495,0.6128761009738176,5.112639254617724
0,0.9088345885345903,0.9928385973285808,1.272026760641237
1,0.056219182084428526,0.14352688404292427,1.1094187921741983
2,0.9483641043080135,0.8295151513910761,3.9808025917235113
0,0.9412192778773624,0.9695295475112404,0.5244699376888562
1,0.006149567181110677,0.23848457706988724,0.9131771382036519
2,0.8542200905134703,0.7900254360336195,4.223194151586144
0,1.0716661915654508,1.0352717735261958,0.8856204628849311
1,0.3699515370372341,0.25679586795346515,1.3301650210337195
2,0.938393122714638,0.7704567107787412,4.33329645435262
0,0.9328610553569336,1.0417215227460903,0.6779999877936329
1,0.5750581040387092,0.03947906449900648,1.1102412710060376
2,0.7560269788542813,0.7354359743991328,3.1519953524633544
0,0.9744746836586847,1.0034062692446433,1.1573887066454027
1,0.10309578734736967,0.44090569707798516,0.7700887114699082
2,1.0974032124499495,0.7874447871016858,3.1921689032347955
0,1.0277052124660113,1.0767809052917585,0.9944589994232855
1,0.44416959783981125,0.34476694489144943,0.6785346947661364
2,0.7013820688909106,0.9943321510995955,3.437408445913192
0,1.0083242579730596,1.0333477478514639,0.9157167697078892
1,0.22024814784606708,0.3373334028550111,0.9246195338090402
2,0.5176739828995984,0.9516587382762023,3.248941918243326
0,0.9822930306236527,1.058119801259003,0.9821296502665873
1,0.0882042001318256,0.1572216311486469,0.8358913223727714
2,0.6551973887241967,0.9751897662461504,4.191700738796275
0,1.0627373096186603,1.007313043979486,1.0476133174862712
1,0.09678900158722062,0.20632066701780125,1.0065779154657812
2,0.9377920943828175,0.7541241681806562,5.607970429602806
0,1.0768763885606398,1.0959723113237627,1.3491508492551465
1,0.02154876102923578,0.3065323834850271,1.2852454018478818
2,0.5393869060979485,0.6888873854884632,6.160630742081953
0,0.9686317268753014,1.0324061969855205,1.3597836721746446
1,0.22388927885203536,0.010362091370342552,1.0345985970849985
2,0.7558276237621745,0.7954805004803692,4.519949275284617
0,1.0070015397106915,1.0422565933923422,0.9752453119630495
1,0.19180419673628374,0.1365037371178472,1.134250914329036
2,0.590398334641844,0.6302291092168948,3.38755040449425
0,0.9808553590221883,0.9744414095745171,0.8451798830006763
1,0.22167637457372433,0.3896168659223457,1.0852789293721663
2,1.0584275983557094,0.9560065238336601,3.580086589089912
0,0.9716275764199981,1.0243681867300907,1.417892282019777
1,0.29486941975502373,0.45925703631162873,1.1657023518816836
2,0.6505223641987007,0.9079364666329722,2.6949099163550665
0,0.961343726114259,0.9338519539620654,0.94056175723362
1,0.3526199157863147,0.1350309710211003,1.248015127084104
2,1.0692187832965994,0.6468593429535588,4.680344254324076
0,1.004554122451628,1.0523046576047659,0.6940843057026655
1,0.07912892939172761,0.1843619874105157,0.7953157804019112
2,0.7082208908450289,0.5554495638338033,5.437991325674176
0,0.9896709868194689,1.1004872123395195,1.4038420152212323
1,0.08095006428744225,0.2298650968724416,0.8401426473562611
2,1.031248356030622,0.5979164242709818,4.289439299887518
0,1.0532407495970455,0.9630735518413863,1.0242869777451702
1,0.24837892396047317,0.2732539822955258,1.1220101790411285
2,0.9702760578586497,0.6064628656768474,4.677711737603056
0,0.9595737117740581,1.0665080825502062,0.993400232032386
1,0.10627593973990296,0.15917642734981724,1.0677733469827386
2,0.7870282741021155,0.658037635659695,4.546238040188991
0,1.0287498765801242,0.9628700565994833,1.0732702912110517
1,0.26730227881288654,0.2403188619001523,0.9011658503695298
2,0.940461225827453,0.8448385872955281,3.665876605354959
0,1.056499616307043,1.00291684187471,1.327257445937137
1,0.08292090478000476,0.3297842920150218,1.0037646035218244
2,0.5738904345026495,0.8125551666241114,5.598986596505398
0,1.0318398154800268,1.0426646870279046,0.7393086827095389
1,0.18995343123490632,0.15053362518156618,0.9248949013549187
2,0.9045154690157218,0.6748015034517033,5.50526950666805
0,1.032067150986724,0.947763164424488,0.8656901657004092
1,0.2744976641985133,0.22078764711347085,1.0508408194087426
2,0.9269629228852002,1.1427105203899122,3.9833318900002483
0,1.0445942496054423,1.0534630273917946,0.6571751989365844
1,0.15853417184728966,-0.006573129879578893,0.9750084930637722
2,0.6795128518384826,0.8799135191642732,4.2407031207504176
0,0.9424041195942962,1.0390046411241116,1.3134735064036436
1,0.16940154071192037,0.27469072141802353,0.8487500328412623
2,1.0054975475887507,0.8987632479506252,3.8060282297663948
0,1.063823110431338,1.0006910905345439,0.4745406057075685
1,0.06151173551010214,0.4075945990144775,1.3825371103529889
2,0.827041878515488,0.4852463801673328,5.50173237608749
0,0.9581745504473792,0.8864186975438497,0.9396005274777373
1,0.24839193725024217,0.46958980405861467,0.9608025318449094
2,0.8844131948454726,1.0554389280554837,3.4735295611603876
0,0.9617574786651891,0.9359490263128009,0.9352146693364414
1,0.18646478990076526,0.21264490538008088,1.2918141993081882
2,0.8165885195670812,0.9919852149301547,5.752805073484787
0,0.9361411163490774,0.9820499739425238,1.068237279099926
1,0.09075000361286814,0.24254297458633528,0.6618294145030861
2,0.6109372220877204,0.6326559624919084,3.8626439063771603
0,0.9584470969608772,1.0532400897023146,0.9748670753948313
1,0.18899862781907972,0.18116754385737607,1.0478723049635936
2,0.8148898848339304,0.7833543390148333,3.478276772512219
0,1.0361498701294427,1.0340693386055484,1.0460581745088506
1,-0.08576873160780946,0.06763641400883372,1.0635090119953945
2,0.7994072274437115,0.6880462802482324,3.968142896910278
0,0.9561037692214928,0.936123755266779,0.7230783082576393
1,0.33208446306354045,0.32339746544644427,1.0534432519275958
2,0.6284367377989185,0.8334613718627808,3.5981527057996
0,1.0221749499474955,1.0317373998608521,1.3248842500525642
1,0.13437361571999262,0.09065651092910908,1.1948346539656753
2,0.6797320107160866,0.7645101121321908,4.300903785329015
0,1.0304066409703818,1.0216858602860033,0.8939147415513806
1,0.35852816335457904,-0.09138059775938906,0.9532544722775202
2,0.8090787904556481,1.0565468147874317,4.900799127650294
0,0.9531777775627248,0.9835824653172627,0.7744063837369678
1,0.16789285088067304,0.2515722936893312,0.6695435917339585
2,0.6548237017180779,0.7997987554194173,4.221999898139641
0,1.0297094953978432,0.9562127729454725,1.3310002487967507
1,0.3533480791724273,0.37319914332658377,0.7897957378385044
2,0.8912448639808509,0.8333215163578376,2.0108665144026077
0,1.0152411997873227,1.0246549884239673,1.0457196408878275
1,0.18819341849068724,-0.09577323163961843,0.8528139691990406
2,0.7690532284856605,0.5818166124626554,4.4911271798274655
0,0.9278655986368919,1.0211633432770613,0.9196374371590043
1,0.463438332556343,0.180130302510328,1.2658212872068109
2,0.7026686710366863,0.8929702344876502,3.311367924782632
0,0.933400006740321,0.9964143800524441,1.0284114578662695
1,0.13357714279441335,0.3534009551668103,0.33155398378801093
2,0.8132202535359879,0.8876194065849748,3.4337370753550527
0,1.0132927784026062,1.0070846567097007,1.3800112165908214
1,0.4938371252569401,0.15608190841873312,1.3012999377418524
2,0.755961514515917,0.5980703643267682,5.004174550201588
0,1.030690677533986,1.030185898281526,1.2019941290268368
1,0.23930375573965282,0.23667100577307992,0.9868161352722594
2,0.8183339675001083,1.0910410945905433,5.017692720131913
0,1.0328127377167138,1.0363596858304058,1.0651106470695277
1,0.2710329036900137,0.07818874430143437,0.9121057709662314
2,0.8726572876029755,0.8034326545387468,4.103709584342819
0,0.9738050665022916,1.1054230652032158,1.30560751562924
1,0.32366644406402467,0.41760746277290506,0.8881350435525844
2,1.1078169483152054,0.9514093854631392,3.9124150987167754
0,1.0157559418282256,1.0451567682060585,0.796900622356601
1,0.2877137883561887,0.13765036445998438,1.3272258624391768
2,1.0587435660543534,0.7086372467019881,2.5784669130208826
0,0.9918461062847337,0.8790927667039091,1.0949632623507746
1,0.3056201933884377,0.3306988295775707,0.8554946433532861
2,0.7687375756883701,0.8279973304958906,4.8864406806085166
0,0.9799040361608767,1.0929961514978124,1.1543829804349357
1,0.37336083779305856,0.121242531900464,1.3283303770341612
2,0.7983024279309576,0.9029657563977395,2.532541188359782
0,0.9718930444963689,0.9783238856228217,1.086094618319663
1,-0.05642528897099064,0.2517000962098736,1.3305804722230556
2,0.6745355814777827,0.9417577422121471,4.164482823977092
0,1.1497622040357707,0.9481414966884748,1.1717622866603639
1,0.30937563797207096,0.04039805417478265,1.4216599897336892
2,0.8357423699963515,0.9753839319069793,2.7817017705970946
0,0.963498491542528,1.0098925628587798,1.0033073008893103
1,0.27464183718502,0.26062095358566145,1.008746272737182
2,0.4781312197110901,1.021367643702404,3.6734844847999333
0,0.9472701449703782,0.9378714988662854,0.994547866538639
1,0.4830954554811009,0.16390572665575448,1.1761771225257824
2,0.8873397867833215,0.8689074521712715,3.7256365688624618
0,1.0447306290343028,0.9808988510550688,1.0567977027974864
1,0.1197675661143446,0.24818858080886202,1.0328184386376658
2,0.6344687009548615,0.7781069089958761,3.8075323977726385
0,1.012539745331569,0.9392419253521975,1.1145723027437882
1,0.26671401095059877,0.2955388807462232,0.8100709153807303
2,0.6959385936409097,0.6832418511914882,4.711598636933146
0,0.9594084226107378,0.9545925523999298,0.9117399075062511
1,0.5015755468370986,-0.04044463125476738,0.8384788842422607
2,0.6115164120580283,0.9273934389243084,3.4743292683581948
0,1.037030039752895,1.0113155785644532,1.235089469366336
1,0.03633369123028998,0.4592864416631069,1.3311853084303902
2,0.6830960515296978,0.9701197753701682,5.063585676847275
0,0.9677492633662809,0.9843680859310222,1.3470404666466869
1,0.36173740565124046,0.09612590260409024,1.089964214083358
2,0.5478120466835498,0.4787486319738524,4.084749523699938
0,0.9950226668958846,0.9942482258808536,1.0727852310833919
1,0.32823867192478917,0.025437103625435303,0.8291126751070499
2,0.6631542165627233,0.7559229799081374,3.7998991593991387
0,0.9699563036402061,0.9786487471723375,1.4239960833714116
1,0.1461746745080687,0.23036912438017113,1.0701340959236636
2,0.82669685710381,0.8573512016611196,4.763674742477024
0,0.9902197334733539,0.9616022894295467,0.7058657245759012
1,0.21569750659741405,0.19039833548325635,0.8921833787349198
2,0.7042659195367158,0.9406941706971791,4.521139553225584
0,0.9144031678600865,1.0004962205931447,1.0967209420697082
1,0.2505919335606571,-0.0003600424502251953,1.014432289721893
2,0.7407365536785916,0.6109338212770119,2.247596681805189
0,0.9873418253915388,1.016085432830897,0.8031659496247252
1,0.2121103864105056,0.15706272515458322,1.0196452708043213
2,0.7698199750350516,0.9151521103832965,3.8208050624359213
0,1.0853475572123858,1.1364488655102394,1.0190824855068192
1,0.4746971225802317,-0.14352596984563404,1.455879644108935
2,1.042149086709529,0.7652116267721695,2.808877220125349
0,0.9458258523099727,1.1409872394596854,1.0459666247905681
1,0.20436542655992748,0.5812275022993247,0.8537886874242938
2,0.5525054992610653,0.8655667587969608,4.70916984613374
0,0.9511215880494152,1.0372470370461353,0.7423021190817795
1,0.14330556811104975,0.22936081395279817,0.9128511422419805
2,0.7811125758595464,0.7552476713694561,3.7380728764971276
0,1.0300766600641214,0.9564563945862803,0.8874983697014048
1,0.29350603755995647,-0.2454024156559686,0.9588999019950342
2,0.8240267427934422,0.718873815395361,3.9169168930193754
0,0.938488258674783,1.0829357668563317,0.8095349130967464
1,0.043182796816368274,0.11894167283648877,1.0100930014412026
2,0.9543907116599392,0.9782632259517732,4.867768636824804
0,0.9988165229734814,1.0409596745163117,1.2671241127495478
1,0.08317983040137093,0.3454538739337587,1.0157025625498355
2,0.8274886376058916,0.8690264628505163,5.349912979420425
0,1.061516760221454,1.123810376602009,1.1408987917563642
1,0.11274634204150576,0.2782904841826696,0.9152964007912328
2,0.6570073938457024,0.9041880056142427,2.8889355584717764
0,0.9838530987002302,1.051465420202983,0.9729474042275931
1,0.318315167749439,0.36464757872805564,1.23679686394563
2,1.0319631490757881,0.8269462395293513,3.179831550424136
0,0.9424274833505548,1.114994172897424,0.7761247563949912
1,0.0003830832258750194,-0.08921871112356394,1.2409646782211996
2,0.8433141483957091,0.7337293611446049,5.194233936549004
0,1.0126279169823302,1.031999219929723,1.0115789817740926
1,0.04903198596071376,0.16722536918965997,0.8920055739919597
2,0.6749733494068909,0.6681243775161047,3.998599802401714
0,1.0429046457464755,1.0368905018825516,0.7472305195256428
1,0.24587679647078714,0.20288623647021212,1.3935198049308815
2,0.8006978614565581,0.8099473734587458,3.036150466737547
0,1.0430922364838764,1.0223298868181974,0.5280423383860904
1,0.1639373856446276,0.3200447827356616,1.2137164179973683
2,0.4948908995164496,0.8904771800227714,2.947483975417228
0,0.8849689462612673,1.0121948863735866,1.0186335576522694
1,0.5134144378486999,0.21430819975816137,0.8770361257142314
2,0.8555082109833916,0.7894155059971767,2.5211943285998784
0,1.0522230070250556,1.043920593226174,0.8693096434741646
1,0.16432845711718452,0.27475372930964237,1.216096621028789
2,0.8471125786732251,0.865259896491415,3.3117880221243725
0,0.9743544993000669,1.0227972366041598,1.2048718757314008
1,0.19155949513935627,0.09468624813250494,1.0867097600061126
2,0.6291962495295138,0.8271364703658928,2.8650000728031486
0,1.0898535556838584,1.0367057428360715,1.3222150150621617
1,0.15659489066125393,0.2919232312550789,0.930219284314271
2,0.6648130541581301,0.8173831041178412,4.424798534604976
0,1.0746044054392532,0.976575418446562,1.1218850611256794
1,0.2282797931621216,0.1385845276599794,0.6326607187218329
2,0.8419507543683955,0.933775425930764,3.404343261647435
0,1.008828205579739,1.039943603993153,1.2895174331222494
1,0.23131597303407347,-0.037788010549277995,1.1439147881920768
2,0.6171084736308704,0.8650607344096874,5.160659822554899
0,0.9675581241860667,0.9886299716378498,1.0296486101263573
1,0.19566434708213037,0.04657520941059873,0.9209398432893593
2,1.1287901671335372,0.6552596300620154,4.081242857082468
0,1.039979759039125,1.0130118890334345,1.004671539762204
1,0.017478358013199552,0.14367162454351162,1.2303767798249514
2,0.6830319725868645,0.7087381304664087,4.517084685839987
0,1.0208940982089156,1.026337690280885,1.2071845197909632
1,-0.08309268653918667,0.4966532253377875,1.0229764672909811
2,0.8262330037956863,0.7708374807940697,4.418301958501598
0,0.9623741039974872,0.9519085285706409,0.8736982137761063
1,0.23405845559444005,0.04715346670857001,0.9964963773005794
2,0.779678073319437,0.7636449806659088,5.40647778092224
0,1.059292708336222,0.9380250926856317,1.2936440625644228
1,0.36441815575679704,-0.003183379678882353,1.071521409063263
2,0.5743119340257563,0.8169177989184431,3.0341674999112764
0,0.9479881994833848,1.0028306202057102,1.2440888119383142
1,0.019482349309342117,0.449976350640911,1.042581155082731
2,1.0232524058067556,0.7940445777129441,4.074124916731926
0,0.9256188195511486,0.97765782767088,0.7809734085076577
1,0.2543816158934309,0.20482211060850783,1.2763101395817031
2,0.6602336501830807,0.7705076299112926,2.9701101715448877
0,0.9989330148046994,0.9014652917031425,1.1413938904956464
1,0.20518764758904984,0.00396989602245737,1.0711076577300718
2,0.8775306442596676,0.7793631889200052,3.4007604650900998
0,1.0010989487352302,0.9510739316758654,0.8814119675590024
1,0.29051829681598884,0.20299029038875585,1.0244955960031963
2,0.645613725077111,0.7151621339610504,2.872722911006999
0,0.9893563593409429,1.029291295275777,0.8950948381898542
1,0.24167275725260481,0.42051071980395077,1.2122726656972997
2,0.8209666599157859,0.9126430505328553,4.497455450515264
0,0.9748392734738548,1.055558207798949,0.89183281834805
1,0.21701293079884287,0.37816686727427373,0.618288440356821
2,0.43722000593144567,0.9332913746017176,3.4332674409092587
0,0.9344048551477357,0.9519588790400737,0.8899400799638204
1,0.22863605179645796,0.11952187237405658,0.8085400504334073
2,0.723776199919361,0.7708693379487551,2.87416247416954
0,0.9485528671565013,1.006698406306913,1.0809699636621068
1,-0.1336818138243555,0.38287266791703,1.06880113501245
2,0.8371014060308888,0.8109577497328889,3.0678372764898705
0,0.9833770700718537,0.9512353997131134,1.0408513085580962
1,-0.07819476633077471,-0.06300140083343303,1.0754156380972049
2,0.8801186253175839,0.6044425782784647,3.26599473074557
0,0.9814643774355908,1.0259155864681517,1.0762394678895564
1,0.230659684420741,0.07443692684661499,0.9380047929763589
2,0.753876215729182,0.5980941932174111,4.7913675366620225
0,1.0250792994790705,1.0345269834040893,0.8954092120647592
1,-0.049933940363823065,0.2876065627481809,0.8129956740057493
2,0.7474973509872441,0.9302406749909047,4.915701212376577
0,0.9476620539352201,0.9775282199676916,0.9521984924701915
1,0.27632596779011925,0.3988878217063949,1.022006745133555
2,0.5866783134174579,0.752987539331587,3.8784373597864428
0,0.8839642724735087,0.9347739845226796,0.6993768653314039
1,0.24749072696773608,0.08870051746807577,1.1807644064953962
2,0.9792881789479744,0.5781827751757911,2.8770039560873526
0,0.9305662256455203,1.0874076178079313,1.389477873237828
1,0.19779354933952042,-0.004103417157886979,0.9785523629946701
2,0.7303118113098419,0.7226809753967002,4.987823616375112
0,1.0219230956852565,1.087471356240667,0.9895798648299249
1,0.24861768965949543,0.06381570170022996,0.9626076988008578
2,0.9074393803109947,0.8881553860122244,3.4501851596927975
0,0.9952346853218643,0.985853271903006,0.7105118997492583
1,0.12626037311376215,0.2971210628482329,0.899340288440234
2,0.6622520474917246,0.8328537984276084,3.2359367234716983
0,0.9691028083252847,1.1166611039107968,1.3256604065989968
1,0.31139137129504885,0.34172974957624347,1.0896606538827602
2,1.06112955965425,0.6914487243271785,4.315935853822856
0,0.9547908331920067,1.0357507871844163,0.8153971868168597
1,0.16750898201933292,0.17729644029615005,0.681144583566963
2,0.679164266019723,1.0386247037420282,3.741402578466708
0,1.0368199617705938,1.0378938367808106,1.1385165996493067
1,0.34544650001792176,0.3343364187051213,1.0367104841965618
2,0.7923901250986026,1.0569938618190153,3.491144021928825
0,0.9008305719023477,1.0668988644616733,0.6095019472133177
1,0.07394168957779243,0.2294456889410459,1.1514496854352507
2,0.597750194444723,0.9436973848100968,4.418299592725302
0,0.9873679481272193,0.9707989929079422,1.049778386002838
1,0.08204290781428361,-0.027652005252844947,1.1948066218386204
2,0.8011507509941272,0.7742530651697046,3.980724026859105
0,0.9570974884189428,0.9855301058807329,1.013107580203221
1,0.43687107596211583,0.39463116141021176,0.7548087593627975
2,0.9991880200268448,0.9025814049849227,5.220290994869707
0,1.0033198283060525,1.0341355302845527,1.1365751049113877
1,0.36188360906732675,0.06778519329822111,1.4226194990834258
2,0.9987601050982635,0.9826006242291115,4.299867292761703
0,0.9760093221812187,0.9571019841925656,0.9085215826256587
1,0.40499118756601876,-0.009318075201734027,0.7790880372148604
2,0.771620612189832,0.8826135174845635,3.698746959236656
0,1.0069726054439847,0.9527167179642977,0.9870171572203275
1,-0.042220234360185876,0.10751020973425422,0.8899350979175963
2,0.7845698930199515,0.7414123032985598,2.8459524026780674
0,0.9695622037375422,0.9603903468545066,1.0209682270612748
1,0.2617479810992416,0.3260731855613655,0.6468612029454751
2,0.6127945264240204,0.8179254351254783,4.405971880584225
0,0.9698513338319821,0.9503156717719092,0.9358837270207244
1,-0.10447651810586728,-0.010081743663287429,1.3105024213582237
2,0.5977744633779953,0.7895878687792315,3.137746353360371
0,1.0704224757371372,1.049972976685569,0.9794253274466629
1,0.3041957287253299,0.31427179095036933,1.2577959343955083
2,0.6474381539354142,0.9672243719519528,4.019722755304925
0,0.9697105873048383,0.9908114291347979,0.695325620977752
1,0.5450281032473216,0.3223907104430296,1.2426908440694926
2,1.0698079525971393,0.7110779554771842,4.1367077679976685
0,0.9983227438338708,1.0465225793973147,0.7715972842059314
1,0.045200015506876634,0.3950982885021572,1.0149491027628907
2,0.6141119842798681,0.937546588720151,3.9292701087771102
0,1.020216432325232,0.9756878217088414,0.921180196162021
1,0.029296550635974944,0.03997244867232427,1.0403095643099802
2,0.5811234326007519,0.7383834556869111,4.782392442307862
0,0.9370383628755,1.0056764402957377,0.9402745780266415
1,0.11838199733277659,0.28846547717290105,0.8820942587993308
2,0.7233903238212277,0.9302580390521112,4.172176566418324
0,1.0899652282316983,1.028401465816671,1.202575468097062
1,0.22143360952528865,0.14192631301646097,0.9872819482965495
2,0.9797722794092918,0.7724573831640293,4.4051371941186845
0,1.0011718810116936,0.9766163874259935,1.007968276913554
1,0.3259121492834416,0.09074747084007864,0.7724991402894246
2,0.7857671337225517,0.9086360391751768,4.1812686630059455
0,1.0081487146119266,0.990581244552864,0.9632254491868988
1,0.1473146881641673,0.06706464328576023,0.9300866406034816
2,0.9099678380299118,0.399174307524588,4.484729308834482
0,0.9640003786131132,1.0023141431344236,0.8158164566388445
1,0.22980016305508713,0.4237765738300159,1.2115318447024626
2,0.8695353488261295,0.6620561472580697,3.4571617180134275
0,1.0438754364053824,1.0171369506765162,0.9426733424781486
1,0.2563860957593155,0.3697931291693679,1.1898837075426458
2,0.8247853194282071,0.922070353729617,2.9334761013044384
0,0.9808694814326256,0.9278101322745829,0.5453841169522233
1,0.11409371608258588,0.483835002940895,0.8634437225462831
2,0.7037819447895399,0.6507576336576792,3.9609829862229122
0,1.0477689287334102,0.9852163239022134,0.8848709003541707
1,-0.09128216633236291,0.27486217169054145,1.1156503361784718
2,0.6869090087370868,0.642509086364385,4.049286331274669
0,0.976374967565238,1.0525284112952324,0.925395001446925
1,0.3782498787970383,0.048559318317149214,1.133880033751327
2,0.7523359623545522,0.7931737172792267,4.623627453822168
0,0.9796805835101766,1.0198724999406947,0.9240958940544619
1,0.3814980288488393,-0.1377892208235288,1.0359051529915946
2,0.41714095243467897,0.8217298105602137,4.899401415081984
0,0.938914947688218,1.0624517102087856,1.1147993260753764
1,0.3864225309754968,-0.052644336743405906,1.0120240859622365
2,0.6023936090195738,0.6208871735197133,3.4286094053868506
0,0.9561162703831972,1.017289754210162,0.7743261243843736
1,0.31451902500718365,0.15009698765917226,1.007799056457784
2,1.0085570337172052,0.647258463332238,5.287530108971552
0,0.9750821746933507,1.043327152373078,1.2525248534580098
1,0.23975255327911318,0.5310475221315298,1.359873853834567
2,0.7227248131268277,0.9326959297782387,3.867904578846361
0,0.9325194639147302,1.0436580356203748,0.7052823479370238
1,0.5081130451186775,0.13719464103477333,0.7087532779318642
2,0.6439866256127182,0.6351296205407357,4.183584604998681
0,0.9822029568383163,0.9457697416383188,1.1388874912961435
1,0.27006152344923895,0.3887381304978366,0.37663991897557625
2,0.7361883651284798,0.7860078034694665,4.621714813607455
0,0.9551498147333122,1.0582161127367098,1.2141921516357594
1,0.15318327000849974,0.32493945974562205,1.3676696137832394
2,0.8411336492792387,0.8633070332314258,3.7702604981943186
0,1.029429794176324,0.9689963664075547,1.2628612418684217
1,0.2559259876477213,0.2799700001226792,0.9278548905456175
2,0.6469998468073406,0.7064656089423405,4.488445412243592
0,1.079412097210905,0.9762174708151051,1.2582827799671898
1,0.17889568587862012,0.4879145590156284,1.2703531659787854
2,0.9525010908442171,0.6618484999892402,3.3959701699160796
0,0.9879942161712061,1.0306974322046742,1.006527797768866
1,0.21531196955524443,0.20766840298794956,1.1131616915858709
2,0.8443751961809807,0.7679108676281191,2.813128382592991
0,1.0693343141853084,0.9183770920597136,0.9655721559092871
1,0.38708149648484885,0.036841714442258894,0.45786453697190854
2,0.8767453129305363,0.5533225080023174,5.99723091402274
0,1.00616398739742,1.0161925196245707,1.0470211650382204
1,0.009627338117832451,0.17589831779941675,0.9147441662183536
2,0.6575608075526986,0.7039029875329317,3.1989479586188265
0,0.9532215998210931,0.998619897135568,1.1220494057424524
1,0.024931673375961583,0.4132611204843486,0.7683857993865322
2,0.9834477499931362,0.8077885494460499,4.529911465566601
0,1.0358191386612523,1.0341251347242895,1.3182485267075814
1,0.2948974233288717,0.08452198763108795,1.283654232766961
2,0.6631858101714329,0.6902825769249757,3.932851212902403
0,1.0978053340437754,1.0877454143240985,1.0612942329330615
1,0.33409655239314584,0.1415965486917537,1.180647721354449
2,0.8602129929749012,0.8050839469392969,3.326783802911807
0,0.955824814394518,0.9821289859881325,0.686821896211524
1,0.2133543734832958,0.2876455143859582,1.316867709746791
2,0.7652475956368014,0.9930166113392721,5.289364741720107
0,0.9714691819228796,1.0396764094065503,1.0043224405983173
1,0.20582508824594795,0.3159449532974957,0.6398770429030426
2,0.6367193029338879,0.9933777706446252,3.4146006627639798
0,0.9550264155609081,1.0167870436100996,0.8826059979814971
1,0.32486913822353314,0.4656166632382013,1.2200039094971191
2,0.7244845369520261,0.9280124045381336,3.7020815230661133
0,0.9863586648305036,0.9674153853829326,0.8496483743311168
1,0.1568134760288366,0.40185143810851665,1.3150593352933957
2,0.9257675116157791,0.5727751376972952,4.348726847000345
0,1.0308297662738637,1.0275266292938001,1.167743613823939
1,-0.0723441157368655,0.41194687523723034,1.158401272956841
2,0.9581284593149799,0.7160281512191377,3.1282699100959714
0,0.9939992266625804,1.0569702525506266,0.7669920082384745
1,0.13751119633377212,0.1745229910230091,1.0886458364673162
2,0.9047289005063062,0.8367632891302154,2.9223734348951016
0,0.9898129129505393,0.9901947776972868,1.0845597662428847
1,0.2131200980776342,0.3713043408931578,1.6151662485477618
2,0.6092974058306775,0.840371124531221,3.2874661169621584
0,0.9785378489419212,1.0044144769040864,1.0146745043868277
1,0.10435625512971348,0.46994188209597093,1.1603812997429657
2,1.1921424434246801,0.7600359398728331,3.804490952756407
0,1.0333319867054942,0.9654274797683037,0.937160971179771
1,0.1815580779703496,-0.04481386450298308,1.1388417660192944
2,0.6134484125923042,0.8033629307457033,4.29493977815748
0,0.9419277371112578,1.0120393320284642,1.149954036802768
1,0.1483403400840069,0.33932725213342063,1.3748382631567895
2,0.7745754278207202,0.8077495710289102,4.284778132147236
0,1.032841558876653,0.9894442780823788,0.899685232450873
1,0.21995850646331933,-0.0553513970446457,1.2115250275647254
2,0.7272804666589678,0.6835676162539659,4.06749323815442
0,0.9147555909715313,0.9216525298345561,0.9117352487313088
1,0.23544126216140093,0.2578688919015794,1.1984815996004268
2,0.6655844575606182,0.8131554424034183,2.788630744470449
0,0.9769262954053547,1.0393710896480213,0.7498692983737487
1,0.20790238534236322,0.30209200549837895,1.1992476846509923
2,0.9455426660004441,0.9491293249467574,3.6636017322501138
0,0.9756628171943392,0.9706256649481498,0.961812203583347
1,0.3162215311314666,0.18619963142828794,1.2649017989888516
2,0.5304298337132338,0.7048327837289414,3.9168548125261706
0,1.0643824194338027,1.046924438186715,1.3006780454439797
1,0.2777422778678518,0.3266368327920224,1.0933065813524983
2,0.4092017674875626,0.8700478695959848,3.4260313087935934
0,1.0560525244752037,0.963968444566852,0.7913130978386763
1,0.04137162111745907,0.34554541417746765,1.0151787323654848
2,0.8381743439398188,0.9129136055891142,2.023245677832297
0,0.9526151594619612,1.0528131557692377,0.7220107941625856
1,0.7447879893770337,0.3049649998480735,1.0092787526047475
2,0.6108693838880325,0.5839544543216704,3.4163093624645047
0,0.9470367947416019,1.0425107193846639,1.2488842337875639
1,0.44498819399025424,0.4903694978894222,1.1714091350497275
2,0.6735417656968381,0.7496791542329134,3.6307283468336022
0,1.02626768995543,0.9875084388565466,1.0593915596708274
1,0.021694220427838445,0.6128104890669338,1.06699703524233
2,0.9551697550795325,0.8483457932235716,2.661781827524648
0,1.0923196903074621,1.0862654944253771,0.8288973857882682
1,0.10152063541354685,0.1489573289723921,0.648315000791476
2,0.8240083812208443,0.9352960598731923,3.7594402515206635
0,1.0260584111816242,1.0664227042949852,1.3688808832468533
1,0.13242151052039425,0.4416633782367686,0.4469737950796543
2,0.866495793402685,0.8578091567769839,3.4813824092143015
0,1.0275834370383394,1.0273394791366033,0.8528504897142049
1,0.2512348854138429,0.0875413816371839,0.8969785878604528
2,0.766589539025661,1.0448349554073921,3.335420210394833
0,1.0095929748100576,1.0518132738176933,1.0399472615010272
1,0.010464641138895642,0.14032325695788914,0.6705592677235979
2,0.6627684205542534,0.9381796043621582,4.04519815902213
0,1.063702066644264,0.9171161556249143,0.8928954633942349
1,0.15231178035552717,0.1951125769895556,1.063339923716453
2,0.7922551725733117,0.9513853960843448,1.5378893350673346
0,0.9791588751824232,1.0363072558951925,1.0821111787135056
1,0.10209829816944672,0.13018268674534028,1.0109758692738469
2,0.5087570786471892,0.6889350468621948,3.3636470054853413
0,0.9951297091500884,0.9755620961650894,0.8534055495228843
1,0.34892504781692957,0.14989893675603227,1.1137892883162868
2,0.7669165172275874,0.6178996962504518,5.2459553632683615
0,0.9708035142454077,1.012639265833478,0.7686984593565163
1,0.24542099696603176,0.013071418672792684,0.7495289134243834
2,0.7671344960121755,0.5451512569813087,4.0412619293689325
0,0.9955645374138058,1.0156323069967934,1.092113188862128
1,0.23683383762429883,0.213765036673328,0.554917530904913
2,0.8310001570051808,0.7777135773341682,4.4580584893124175
0,0.9458431334473625,0.9522792880295311,0.7925241604166019
1,0.23441124746882377,0.10489284493606403,0.992301748450891
2,0.8836128419338505,0.7627628486475253,3.987600558992613
0,1.0050435971419744,1.0553374985239297,1.2253256726194903
1,0.3982598165308079,0.04261164648272189,1.0770645631919058
2,1.0950598420925712,0.9041882676601591,5.186092196090075
0,0.9748208267081151,0.9173656951836732,0.8191136351386291
1,0.37252485297378235,0.3397103616695241,1.0983143479237545
2,0.7684726994950766,0.8510021707968349,4.557345453416165
0,0.985096665752708,0.9862249787369337,1.2671675476824376
1,0.29729395647836493,0.11050913744399654,0.8460182150187657
2,0.85996160675492,0.3970983211720562,4.371203252309821
0,1.0228464787365197,1.0082597981621144,0.8779781507341803
1,0.0964620911969773,0.1891660132027534,0.80808569404532
2,0.6995859620813587,0.6488075835831125,2.382037057187389
0,0.9793091158807966,1.0500833084496386,0.9666989100874726
1,0.28573203913151984,0.047428889464746354,1.1730209314074647
2,0.6655225941091327,0.9439720462459644,3.3428195895060906
0,0.9476161392317944,0.9280510012588373,0.7861988665883065
1,0.06842042259589973,0.1438806250950087,0.8950284156528698
2,0.7769120926477597,0.7462274620316702,3.670075460364835
0,0.9780433773262156,0.9435030671702734,1.1319561561661307
1,0.027821826197938576,0.2746688349989115,1.0696507667948718
2,0.5877437526027216,0.5286606992824894,4.162488000294513
0,0.9487922784183938,0.9374483513271611,1.1999758643780543
1,0.3888987031634744,0.09101996459214899,0.740534025572125
2,0.9256366910568559,0.753575221351365,5.03628398383358
0,1.0350223446205333,0.929423601799282,0.9365787198222981
1,0.2076749369350185,0.13964173266440127,0.9855102762600941
2,0.8480952671030519,0.8600709696017996,5.005170844283099
0,1.0341873334772136,1.0463824537975133,0.9492206259559909
1,0.2090466961060274,0.29848459457972576,0.9595758412792227
2,0.8343575367414243,0.8104903805750084,4.2618078566021
0,0.9380055678431389,0.9668916565648168,0.6516483174424974
1,0.3453981760034538,0.17832636962898418,0.7762604679259206
2,0.9444438857842111,0.7783340644537274,3.5298549807998088
0,1.0374205108750247,0.9477843921995656,0.7492871331963442
1,0.198834936174036,0.1733542492668567,1.21442967199594
2,0.951181086804916,0.8451467410291248,4.032890163767254
0,1.0191908631572113,1.0245530160632055,1.0518453253164737
1,0.10891351555450385,0.254465216468029,0.8843217652112981
2,0.9506848865315402,0.742747970288729,3.546773729381455
0,1.041007999903065,0.9459605540099822,1.127629840570935
1,0.09244704589141135,0.13093385442628735,1.235073924240934
2,0.7875465687854591,0.7984315818292087,3.515854822269353
0,0.9449529062992719,0.9984916764683943,1.1483241434093463
1,0.40310703532366793,0.17190015641021375,0.8086001743281412
2,0.8550048496436946,1.0596958337107103,4.411316524207749
0,1.0893245579446533,0.9257432190009067,0.8520650456817258
1,0.35619566270207187,0.23039252449368022,1.1137415826231267
2,0.7233560101509706,0.6042215933258427,3.363519034853242
0,1.0530356463688857,0.955265843250169,1.0381837893075767
1,0.2363960424377189,0.23196486694904175,1.4030947559642046
2,0.7956395599920643,0.8738321994183004,2.5424475266111894
0,0.9711434801188297,0.9420957155840418,1.0174591908449497
1,0.5488949229477689,0.28145614421485277,0.7052409945796378
2,0.6260836944716646,1.0452677919215914,4.092340065789423
0,1.0182621231948221,0.9789496077771728,0.7097824836036712
1,0.311950566708976,0.05719461070633566,1.0825506518499053
2,0.7507312273595331,0.9556717559800213,3.1320014032162318
0,1.0049944729730167,1.0409489523651314,0.7637127584844614
1,0.3031514285791089,-0.08317606450328036,0.7092111069113309
2,0.5915640656951704,0.7219017350913581,3.7465954802132937
0,0.9575795425086022,1.0367866797101513,1.007973517228012
1,0.20288841531020474,0.1620322010573551,0.9482884318826517
2,0.8986761046490266,0.8064077869093534,5.364036528679211
0,1.0069768719098244,0.9237797805530056,1.052476659898461
1,0.1785239480921087,0.33763427758062015,0.8054121184342907
2,0.4629448815099206,0.7354253184772827,3.7544736710880473
0,1.0636778058829577,1.0283239112540945,1.2389169109394589
1,0.26536582389294205,-0.22570685773674581,0.8371893389702344
2,0.6082435383941345,0.6537145212241454,4.440552542729596
0,1.018374162061707,1.0320283153284566,0.7638074525008676
1,0.14704138159200528,0.19154879887664897,0.9996102052859785
2,0.9257046072889878,0.8005247581153435,3.865647098592457
0,0.9925884643714353,1.0321219650225986,0.7045908200301273
1,0.5591948055757752,-0.01777690443585872,0.8823803536745365
2,0.9761073213517903,0.8488898479597072,3.3398467305681856
0,0.962246503109783,1.0197020305848101,0.8727835318903902
1,0.21101280558746513,0.24498750449112433,0.5348767793576203
2,0.8795506215210042,0.6898704084114251,5.08050463189125
0,0.9470486846836279,0.9321851359262011,0.825144551059418
1,0.19086581815174075,0.10222847661927968,1.1193264676113304
2,0.8589557210783292,0.8065450897504807,4.035359104916447
0,1.0733302366578523,1.0987647412117247,1.0458240092710382
1,0.39320169174517133,0.3497292730587215,1.3352115990922575
2,0.8067805766688602,0.7896484267998303,4.374867757927579
0,1.004177229139265,0.9878856247129562,0.9151149321922946
1,0.14012225069558082,0.15574815715932375,0.8564997627218252
2,0.8653780816336164,0.8654881492690081,4.907165933838112
0,1.0568914931715776,1.047015169276746,1.1700558658430291
1,0.29375422430443593,0.19188536355174524,1.1463608119613644
2,0.736993776906974,0.7975110947270695,4.557902652935511
0,1.0438784045750125,0.982979690939588,1.162361286842736
1,0.25288144378857597,0.3405940258098236,0.7929649146778448
2,1.0264061629506145,0.9294854158610396,4.618776029851639
0,1.0037043685204248,0.9795895233147317,1.2373190230619973
1,0.21133946816713156,0.43059703320796255,0.8349476895329194
2,0.6808878763396029,0.7223073320659528,3.6396204854645946
0,0.9987981948892384,1.0850591305996184,1.0917673827578054
1,0.1423915594040965,0.05522140451350738,0.9265620674409063
2,0.8749716059020795,0.5905978907927447,3.6762359921621526
0,1.0293189428650606,0.9209102761633952,0.8784159806299192
1,0.2412855482445519,0.09725474267895606,0.98590132600073
2,0.6673663164490244,0.7279817024235669,4.342728898306975
0,1.0424040857087153,1.0087953696801795,1.2943548815836794
1,0.3674846717283173,0.09509783700581388,1.1608287967211544
2,0.9764532762941308,0.7269387015996865,3.482165841412807
0,1.0065222937443399,0.9659993581455137,0.9377775867120326
1,0.10664820875129803,0.37419078365613406,1.0184374920676613
2,0.6086693563291073,0.7524949638408226,4.323392138580499
0,0.9886322384095729,0.9218154605800928,1.0728666146812826
1,0.29689767269363343,0.3475699905678025,0.9363198529739717
2,0.9278407295712823,0.809914688738358,3.8216741469779776
0,0.9712201096865023,0.9721986789051427,0.6830443705053257
1,0.01507734078517503,0.1694818442894193,0.9234981953829493
2,0.7380290970660957,0.7136794095542076,3.6661548861618956
0,0.940609427106734,0.9991101339505032,1.2369494468933817
1,0.2494208622588149,-0.10350239583544729,1.2547339173694358
2,0.7326035873449788,0.8813653877424752,3.726342037387908
0,1.0054397799106911,1.0526457379173413,0.9631359357026372
1,0.0381179149836918,0.3450795115317693,1.0274134708052562
2,1.0151568003845768,0.7538526252392785,4.8834067180820995
0,1.0539897072792324,1.0265870832533999,0.8125693319315851
1,0.5439139388222274,0.2257650133609464,1.1784440543520587
2,0.5616718929011232,0.9554678020406033,2.5291109435226007
0,0.9653399355482393,0.9455097107940581,1.1552138464775754
1,0.15935049946230306,0.1612201768552199,1.150667852621921
2,0.7411038732999357,0.6165898553876195,4.292689133646984
0,0.9604369577089025,0.9432832360803598,1.279375817331389
1,0.4826000586181423,0.4096112390396083,1.1054713030615575
2,1.0254344617408937,0.7926986458931234,2.947919157385956
0,1.0080831068101028,1.036240141344211,1.400333187773573
1,0.14981340531758608,0.040648892144318965,0.8864893518243407
2,0.9783840160060887,0.8704509766223353,3.9667537029762703
0,1.0575310433362852,0.9194080027580278,0.8525223656234089
1,0.30408395970008834,0.18441044757244263,1.0215703116095183
2,0.7072037040871656,0.7079633362537066,3.569210016999283
0,1.0721499293124999,1.04846422309185,0.7012834270211079
1,0.19398898467448122,0.048745899569105855,1.1384009926915317
2,1.0174053318471141,0.8163396755521103,2.613845127685089
0,0.9173472402881678,1.0326550063254114,0.9233818297433453
1,-0.042801835994684206,0.1830939755726843,1.045762881907679
2,0.9678512993891254,0.5657995261188594,5.177565057213353
0,1.041389189601493,1.028638557980328,0.8377620286419312
1,0.27769035203337533,0.2587485028525059,0.8700742545329131
2,0.8131828843621091,0.9841243871232328,4.173113014713166
0,0.9496381742539465,0.988999675737112,0.9327788261487292
1,0.19074256517440794,0.21885698677028062,1.0319882053505063
2,0.9944739075010189,0.7295705095753375,3.976952235837077
0,1.0219388763134511,0.982046823949661,1.0161562299698008
1,0.257754255847708,0.18907423977409232,1.0982837242053884
2,1.0344264372875696,0.9507833169528348,4.991119590829175
0,1.0408027221985037,0.9546286363588656,0.8239467110277741
1,0.4350508147758698,0.3264002207049098,0.9397102154815569
2,0.7631120821979428,0.8482015875128346,4.126030363720678
0,0.9777341861720382,0.9970981004111145,0.972834442292072
1,0.30549595465370927,0.31179372399374816,1.1260995986802915
2,0.7433416036253537,0.9666110807266077,3.5816129881063614
0,1.0044792901705923,0.9947648192005274,1.0377201517740595
1,0.011056180173452501,0.2988562956970703,0.8459088761858397
2,0.6181592344036128,0.7254831801464898,4.783361583611754
0,0.9581332235821646,1.0041593985411628,1.1132134782218952
1,0.4360549033884231,0.32739508761990904,0.6999865493034004
2,0.850079386063501,0.7808025608985644,2.422437438965748
0,1.0262806339303714,1.065656128623333,1.3706405490049334
1,0.2317236589088786,0.2471330961815857,1.1646605867906212
2,0.8333688163797682,0.7806137458699215,3.177491919639177
0,0.9534886090972317,0.9964623105293576,0.7461590089454755
1,0.1774354020364052,0.2026059521706748,0.8302664276546484
2,0.7134051470080678,0.6444465037203038,3.443224540994933
0,1.0561455195277059,1.0467045374226474,0.7166864728070823
1,0.42485613688224066,0.07022541685205844,1.055454916300489
2,0.9164491840359937,0.6484883812672755,2.3465848665645352
0,0.9881455554068586,0.9763399024599614,0.9640550726600491
1,0.20433522225083678,0.20968760907053338,0.9842597015485183
2,0.8163324521144544,0.7153253134825877,5.678578063093211
0,0.9371422235691172,1.013196338660146,0.8433455259625868
1,0.24449453396388476,0.13320876487779215,1.0096886106406235
2,0.5314136886303058,0.717247207097948,3.699946905683283
0,1.0010192233687831,1.020768006844334,1.3580237458621767
1,0.03848218445319346,-0.07480987632222386,1.0869045316382333
2,0.5320209233496038,0.806228740382145,3.6748618590134043
0,0.9668702057623261,1.0729257028401173,0.8236536456756687
1,0.29198832447002876,0.10032033813362161,0.8140517312933929
2,0.9665642316465949,0.5962803779875968,2.976649632140955
0,0.9652458374770603,0.9430520927241414,0.9450907120817055
1,0.35356132137633234,0.3437939223396944,1.140442778507836
2,0.6332750639830397,0.9431621034962413,4.792785669129169
0,0.990656683045505,0.9782277029369668,0.8820331965339073
1,0.16511951822044216,0.27239235227543346,1.1941739005887055
2,0.6958813263948187,0.6838308771474902,4.564062147015166
0,1.084571606357675,0.986707648692211,1.021262940079719
1,0.32135745881647915,0.30156137358210044,0.8407799509837941
2,1.0135696292672107,0.7461616678565026,3.083818136507789
0,0.9940003218768263,1.014980730664932,1.1984600868278197
1,-0.004040187864447625,0.10767250106046829,0.6799559867153274
2,0.8853853994791203,0.7155784156944751,4.647889000659554
0,1.013625828659007,0.987741141637634,0.624252782031335
1,0.2363955306615777,0.1629838657700101,1.1626874310400517
2,0.7058992845605652,1.0886942269634678,4.5913087941642186
0,1.0051839474546018,1.12511567362259,0.6297368737449118
1,0.14111566665529426,0.039688086476012185,1.0595022705260673
2,1.0481091698716567,0.8264708241803478,3.8257387672771923
0,1.0574164971772204,1.0396960500869792,0.8607909291976067
1,0.16101813099858692,0.31931636636404503,0.7515448454621132
2,0.8929596463437478,0.8819053752797292,3.884752611747192
0,1.0246720480617768,1.0313306876361976,0.8946261231842845
1,0.1348480558434077,0.04636374259537157,0.652653663574736
2,1.0599982345170622,1.0046166135210286,4.428487404081413
0,1.04175852258318,1.050260864643629,1.6048454431712074
1,0.11013453921545284,0.16709805622594429,1.4944397156396902
2,0.8586474774850968,1.0852814855216648,2.8544919686110086
0,1.0011787447943647,1.0098321647673467,1.0981692810364647
1,0.15596477312988802,0.2870950019543465,0.8155030498321846
2,0.7952910985775967,0.631936634062962,5.248710670660321
0,0.9805974306168858,1.0355553146943466,1.3062741417925143
1,0.0748746510564072,0.38386038831629193,0.8876363328779333
2,0.8463369745074898,0.6346653927740598,4.4723301398467274
0,0.9783535302319251,1.0821456644419551,0.9428913688071262
1,0.41228346970501895,0.08702981039686666,1.3080610796177696
2,0.6051902969468165,0.8018527860513555,4.093689264594922
0,0.9192629091967063,0.9695103817856311,0.8749242622413693
1,0.27201477377612215,0.24024162185554454,0.529493615129357
2,0.7478075859876457,1.017205506066624,4.732768834611365
0,1.01426303142825,1.0624978135004148,0.8320108972503123
1,0.16650766005176237,0.0486828067422132,1.1561700441120537
2,0.9587911319707615,0.8142910735963859,4.758152567921737
0,0.8909835546359368,0.9786545932727775,0.8522461774899138
1,0.4067458790302527,0.19793816650374915,0.8923661225490069
2,0.7730932229865162,1.0374904606200563,5.088484468154951
0,0.9941330895007758,1.022536266485208,0.9453154119339965
1,0.29303027941954546,-0.012581570348199095,1.0221936663134952
2,0.6170682790847779,0.8312094302886754,3.80022900410209
0,1.042859748973651,0.982950419962277,0.6922215369776004
1,0.13241329132497573,0.1714891499884883,0.8992590387339006
2,0.40649794596770367,0.7983983466671027,4.37287818335413
0,1.0851489169910131,0.9581777227400262,1.2663132446112824
1,0.43638538097264623,0.10414416590778712,1.1171311903977088
2,0.43030076626853997,0.8300793224610133,5.524068233130474
0,0.9537118322021079,1.0288769138930778,1.1579346084790356
1,0.3953215323116445,-0.01472801824254219,1.0515358339195555
2,0.9382305667701163,0.7018664087041161,4.695557643478016
0,1.0118941465869942,0.9818117474004991,1.390733131525881
1,0.37284324681333664,0.006977620466873724,1.069087159024955
2,0.7876798620778555,0.8013661195188732,3.603833650468225
0,0.9524841378138915,1.0094983876828625,0.7450902759804785
1,0.17687865641508005,0.085562503264935,1.0488119193448933
2,0.7095986991278777,0.8754357772059447,3.9624535370160165
0,1.0500636403774255,0.9603931467482889,0.9523942390404783
1,0.3062355088764689,0.014823434391548235,1.095361202403168
2,1.0754239880344614,0.828428127379537,3.5775489203737
0,0.9914650747210261,0.8852621766631977,1.3332103887165534
1,0.20360497901602584,0.14861841088054595,0.8281154949337117
2,1.226634102097882,0.9557957833432973,3.62466331433107
0,0.9921581225283516,1.1046004300530994,0.9198322561052464
1,0.30029086292333773,0.23406247842363484,0.7753376383539492
2,0.6667067475783393,0.6164742154398818,4.3111841271324955
0,1.0524629451119836,1.0118222088940527,0.6254983246232331
1,0.38933849888729294,0.026440024453884492,1.0307546470426723
2,0.7803806974725922,0.8766480734090933,4.518774085395133
0,0.9447628982842727,1.0486765562563922,0.5642005581647238
1,0.4257132796603288,0.16515911169283354,1.3213481164192977
2,0.7302112026374572,1.0081908470514533,3.9529315262666
0,1.020021075562979,0.9146116245270205,1.339543908419227
1,0.34907188688830837,0.23998780760360516,0.7835564068971632
2,0.9048405150705215,0.8064095918139244,2.851472417704258
0,0.9564508430784058,0.9961217413795819,1.2475258888032152
1,0.19688314220099312,0.1482955684728719,1.4127996127348172
2,0.7199315996803577,0.8368326014279754,3.3136233746937434
0,0.9479780997969186,0.9739795449999725,0.6857259073683832
1,0.02032758818403571,0.2546615944287302,1.0214786635381932
2,0.6513921289213295,0.7773896345503648,4.039620779499279
0,1.1160246950023571,1.0386132900991527,0.9462889609872961
1,0.17742940638597582,0.2877220469497022,1.1115538195660488
2,0.8436832844491863,0.7922835905449831,3.0938421665697327
0,1.0053220296900638,0.9529168368888717,1.2688733070509353
1,0.20119849619859348,0.1692496943029351,1.3489469665402012
2,0.508935665186963,1.0464144854382935,3.39456553009205
0,0.9794174665953426,0.9850874968513434,1.2257482278648246
1,0.3006008784821026,0.2844500549682643,0.7385514563683246
2,0.6413381531926302,0.8683726999485082,3.560293724535634
0,0.8995882281642498,0.9142682648573368,0.8946036899354988
1,0.13100269307345647,0.4754706953383317,0.8155982446278972
2,1.216198986796589,0.8721637582064681,3.200819933225588
0,1.0700997928329161,0.9788586024654657,1.0457693505237216
1,0.16471125808705722,0.23729967960892084,0.9496561614502573
2,0.8509004053590402,0.7272085618423,2.984186085613401
0,0.9312905591050817,0.9747093478879918,1.2876044553309887
1,-0.17101140297989875,0.051556152091557006,1.3191746073762607
2,0.8973333697990624,0.71708900642566,3.568350719514391
0,0.9942775484177587,1.0025859224231564,1.1511366755731842
1,0.11616917099663752,0.35115358762803395,0.7212907723338288
2,0.6152121363311396,0.9787399812639747,5.558571864058534
0,1.1330196291668213,1.03291256677347,0.926844073618265
1,0.18768796534096133,0.09581771828788335,0.9665036815018316
2,0.7809944279666015,0.7919293900633702,4.0232435069306245
0,1.0362269021936377,1.015726914147384,0.7871270665004008
1,0.09015623631676746,0.30007400296784903,0.9533352762571301
2,0.8334317179448038,0.6519874080911079,3.1495774358943236
0,1.0107623200921712,0.9394289825769028,1.3224217608687554
1,0.3074621376353384,0.3090936772986801,0.8138127961869168
2,0.672326799185858,0.8820146363826297,3.4956833535428027
0,0.9198398712595981,0.9305894343528262,1.058601277605724
1,0.32064869159539316,0.17841932357221185,1.0557190466421162
2,0.9526137010805052,0.6733628136600526,3.328777086071822
0,1.0357478662558353,0.9120710187009521,1.085925416083481
1,0.2392394677150031,0.2555435115686461,1.0193627747075054
2,0.7494276306580964,0.7063338578529519,2.643254360979846
0,1.070683427659423,1.0252211953020434,1.0369879450994737
1,0.057369639295928726,0.17839023095907208,1.0995491689528027
2,1.0213172058871418,0.7077700501748632,5.117142240009357
0,0.9544398611667191,0.9747942685355786,1.0126674487154061
1,0.3334134960777039,0.2039017687011734,1.125802979082043
2,0.9929026193018914,0.513494723371182,4.024322761075737
0,0.9907965656615297,1.047840532888124,0.6735310257968912
1,0.2410235454321048,0.20532068383027424,1.0219665683201968
2,0.4661266512597486,0.7554199909328645,4.324712381994319
0,1.0341400365276554,0.999069538544381,0.9483095754013883
1,0.31789470526061825,0.24815967850167847,1.092193737770049
2,0.8383268739107349,0.8319112231520791,3.43534361798256
0,1.0997595936574975,0.9353803505024778,1.1629965999298741
1,-0.015766241904947742,0.3052476987319993,0.9588583318549843
2,0.8380424616633497,0.8555471773824488,3.945381206050092
0,0.9575155931856782,1.0216754296722101,0.985851657141131
1,0.05727220965694568,0.3764061678765792,1.1350772198333843
2,0.8370372461910497,0.8944197766211075,2.141825828961677
0,1.039935691094484,0.9022947064581628,1.1975418211034292
1,0.19105393523563524,0.27031100389568674,1.0050241163552482
2,0.804637198860507,0.6442989780777522,5.068825657893386
0,1.0875024422495447,0.9038725094134367,1.2638046588410807
1,-0.10526443831749827,-0.004295526643090297,0.9724457018130462
2,0.6000531537814175,0.7516468382850899,5.551452985358647
0,1.007630613333713,1.0135445409576131,0.9649462688969948
1,0.19038024186430808,-0.002301622491839711,1.0204978344162432
2,0.9653746913344139,0.6044695140345668,5.0217506074842495
0,1.0481586912248926,1.0306559538723463,0.9138854154730299
1,0.11468961131392462,0.34422813885271064,1.0340073795989797
2,0.8705405453846278,0.85682811854231,3.441968747405285
0,0.9325057194479962,0.9882167883602723,0.9402930563580315
1,0.3355496311810824,0.3387786429102905,0.8837265179078583
2,0.9709954136282456,0.866482498080684,3.953900563812302
0,1.003954856674372,1.0020070607040563,0.9072550406772126
1,0.2107764066596518,0.2605125311412295,1.2655451193983756
2,0.762366004663107,1.167033312607674,3.4878759433291036
0,0.9898040845870965,0.9662570811876591,0.8697270023178123
1,0.5342172193420934,0.12942675110999263,1.2222375056309003
2,0.8205294607764206,0.7840565713199489,4.447545903341756
0,0.9841325321403339,1.0586102188748672,1.1299678632166947
1,0.30915628677887497,0.22693812240438804,1.1031516020119057
2,0.7312926175333991,0.8002452166918196,3.309456344597978
0,0.9944807058544659,1.0307405987533074,1.1262369166287927
1,0.16856990458994636,0.24753842600707354,1.0861631150116005
2,0.9140639208639858,0.8082976647903566,3.7753348160077693
0,1.0582351539870067,0.8553672290402674,0.7531300568804292
1,0.3123193450349909,0.3290229697615251,0.7043760904917451
2,0.7311051702701236,0.7881435459150974,4.1446274608116624
0,0.9738667260091126,0.9481511890481857,0.9724850932583798
1,0.32706509078207396,0.27726664790477584,0.8059166746677823
2,0.8500171789748245,0.7012623122200647,3.6674203291755947
0,0.9915027967266039,0.9231086174235219,0.9446905368731139
1,0.21915874424732854,0.13679606920888343,1.251945365203631
2,0.7035067251300242,0.82970378747178,3.0359986049759087
0,1.024549120877175,1.015912725093139,1.1257434197843628
1,0.08554547689301334,-0.18892136537327864,0.8375935502444097
2,0.6713780437295306,0.913428053331234,4.4960185128227925
0,0.9970937683885707,1.0144155413252367,1.2999977797566336
1,0.6115513617325388,0.05388245571013156,1.0997538325069283
2,0.7597078637013738,0.8888257460454284,4.101146062975588
0,1.0470795423942916,0.9687482059045315,0.9808977264597073
1,0.2048900657681367,0.4114233779634806,1.2498419643055696
2,1.0849062978278352,1.0355182817957815,3.9538705643454306
0,1.0786726401388695,0.9601828081978511,1.080839978536254
1,0.27716244043612115,0.04327959659214323,1.177996251628039
2,1.1247551986782138,0.7906097079505391,5.347494486017462
0,1.035620212822705,1.0329344071359343,0.6786898425897809
1,0.13611774323023085,0.0698475415020024,0.8446468785147215
2,0.9773301949691409,0.8247048649434853,2.4393803125716174
0,1.0480660740812697,1.0018169316933032,1.0863106594301801
1,0.033451585531350886,0.033551315692996825,1.2454858024133004
2,0.7584155404977664,0.5837155677166883,3.6460393563616904
0,0.9727459469838619,0.8993941001440902,1.0619928242487793
1,0.2121522596170104,0.3916002973541869,0.8450340847398831
2,0.9289727543394438,0.8838931469535624,5.14084803515448
0,1.0090347516523797,1.0469126561390778,1.1549255532522766
1,0.0660028155129162,-0.08356541351198893,1.2432179348897938
2,1.1056611318933929,0.8379174203023242,3.515282795832538
0,1.00579031647858,1.0360142439657947,0.7740074210428007
1,0.45465230395179695,0.0994746704843544,0.9108091276865616
2,0.7392957618355138,0.9101893115571258,3.3728873065661698
0,1.0408942022827352,0.9444320362182804,1.3511374852699065
1,0.3247062632596924,0.14209656070541446,1.421651059373974
2,0.9870416458351675,0.913259741947348,2.9873877276333634
0,1.011557336896661,0.9802147507897955,0.9506303964240859
1,0.2206206914243754,0.1821948912755581,1.0757146527608672
2,0.9225777007467545,0.8597987880861314,3.383291079865456
0,0.9788827670594072,1.0297358507884884,1.1730453927619553
1,0.49010330127069257,0.15112221837582243,1.2142482155901304
2,0.7825260265082175,0.9099839529393616,4.519003133966421
0,0.9891001876816161,1.0150428776899976,1.0295720211077672
1,0.1489752759570533,0.08422221904098907,0.8291658297754847
2,0.7435540554689405,0.7319996870767214,4.616359536250392
0,0.9770829175468082,1.0608724694288825,0.5345869905117637
1,0.0869900892039631,0.09441311703230024,1.2312112647654418
2,0.9051948823566268,0.9554317676036796,3.6095973307244167
0,0.9053602961133592,1.1239371737009356,0.9728758837101709
1,0.1570286813078804,0.4256094246971619,1.1681146861186185
2,0.7995549492352557,0.47963635130456944,2.9841590680780747
0,1.0101131206441218,0.9658730893618487,0.9283355859339835
1,0.21554516022207076,0.4347549045541058,1.1293923467151157
2,0.8019172601650244,1.0303690527874705,4.5108461930476045
0,1.0128599200526078,0.9961868884749215,1.130388309508238
1,0.06852447615699256,-0.05517792883506867,0.7028809167636091
2,0.7911456802754356,0.6925059447896931,3.523125403130954
0,0.9771146089861493,1.0040239057368312,1.495399535694538
1,0.2818373815132596,0.3344937151367581,1.0962156706449397
2,1.012961468829415,0.621050043416374,4.808554483776188
0,1.0355717849142054,0.9321708484638137,0.892737490884784
1,0.13113747570368828,-0.026007309432698106,1.124989659949324
2,0.8564952505033061,0.7540695435459799,3.74906230085319
0,1.019412685838589,1.0314039510560025,1.263321169940222
1,0.12432260716222018,0.09433711540990038,0.8509237784059943
2,1.0680031398882075,0.5617118127184763,3.814516457074735
0,0.9672420923277567,0.9722526071517885,0.843676307130658
1,0.4754860258227084,0.30792076932896173,0.6390008776076199
2,0.9911340947148076,0.8572912866209094,2.8336467484144143
0,0.9716872230662238,0.9816287115621964,0.9985717307048275
1,0.34639861208030914,0.16825964796224152,1.352204140744911
2,1.0774846127325062,0.4973898474110682,4.114321615659747
0,0.9861997554275662,0.9799042134512614,0.8834220835219199
1,0.538000707726945,0.013604898633607226,1.1685202238386947
2,0.6239784648592337,0.6297761332118785,3.9687087139670845
0,0.9872331756090177,0.9660505273260261,1.362481045511355
1,0.34034462017910216,0.29694909811065473,0.9962481629619926
2,0.9840909841406893,0.6367162954910939,4.455907241866005
0,0.9189494603533402,0.9833384529437253,0.9493541981985752
1,0.1657088400327434,0.3785632037582071,0.9411373667412557
2,0.9468091694621157,0.7529953036062861,5.927419356339334
0,1.013127646390903,1.0968692831896139,1.0259623409249632
1,0.1088062352320637,0.42985369413546615,1.2847787441760925
2,0.8236900599027763,0.6940317801169045,4.219434168139061
0,1.0343002729540969,0.998081049678341,1.0473297729838416
1,0.2417094313676728,0.2608843768377248,0.7907896772780069
2,1.0424559722748115,0.8746105111899263,4.502362027634586
0,1.0507509132475008,0.9618744130021345,1.3552158288426823
1,0.16764705184105763,0.059120580823822905,1.1816282629181794
2,0.609841850712913,0.8342505675547081,3.870071002913543
0,0.9793827795505771,0.8811936659774994,0.3544776869733347
1,0.42503793735922135,0.3960185157527803,1.096699160535407
2,1.038276830636156,0.549433758943258,4.281509264095132
0,0.9768153960709629,0.9041874423368831,1.394389883332965
1,0.2006884606363509,0.19315366864971897,1.0651071070366855
2,1.0267612081155058,0.9406329449962006,4.686931683322941
0,1.0043356848138731,0.9691058829966532,0.9041962893874844
1,0.353037948118585,0.29617184726545875,1.2210795487496287
2,0.9541300320817552,0.9925532154116927,3.853925317356716
0,1.01227123884732,0.9130182161628501,1.0512676405509545
1,0.1952738060806994,0.3815615011538366,1.1899507055685072
2,0.8620870880079913,0.5107895338246229,4.320493382264942
0,1.0317458606502612,1.0418785567166065,1.3018413332569378
1,0.033576845807501476,0.48191265013634066,0.9275809696491395
2,0.8325320880172069,0.841933492809358,3.5591705295641214
0,0.9649311247608362,1.0254572372877577,0.9030322723482644
1,0.2884479066908897,-0.10561338258992947,1.291005406616835
2,0.7483784580267827,0.9815211258040426,5.242237751199912
0,0.9658848125504501,0.966381969825611,1.1642922888044718
1,0.383041332765381,0.16801730011194707,0.9816995099997112
2,1.0177954448444497,0.52453161587471,2.8420050320186077
0,0.9664271279894694,0.9816886884018492,0.8887209290873869
1,-0.07788225119741093,0.22862052669952904,1.0933903998213328
2,0.5935548800582515,0.8585124209037807,4.6174287371303775
0,1.0216097931608061,0.9843055208258648,0.8295108802414692
1,0.37829602261127515,0.25948050831136815,1.09503491118126
2,0.44286451981773073,0.7963112981986848,4.4066233504358685
0,0.9325474890779974,0.9283070337966244,1.1499852423635135
1,0.18573320840387653,0.1695426729780906,1.270279620954845
2,0.875267813025249,0.7375815752716942,4.4373388871221495
0,1.0106396822949402,0.9870579766882435,1.1309572625771864
1,0.2881559711906692,0.24058183213283946,1.1638589773133985
2,0.6570699295929707,0.8056643715642388,4.545948696366583
0,0.8669062273017479,1.0266640891798544,1.3393766495639834
1,0.0849784494525303,0.03462514096786107,0.6172621801654131
2,0.679916635041271,0.5312417365385882,4.735825769755996
0,1.0534871836909754,1.0709517503809654,1.4054173893192605
1,0.07281548803905491,0.25812496527914297,1.4204099484185324
2,0.6612407600713227,0.6119154537711968,5.5486726097427885
0,1.0445458472771196,1.0358129735181767,0.7105833224345998
1,0.1457527899505816,-0.0765720663878679,0.8548327926285789
2,0.7639087010376309,0.9888443010780119,5.0155514477242225
0,1.0521740324245068,0.9610090955439361,0.9033000537030955
1,-0.027439061999206926,0.11540110949618997,1.2461363614087797
2,0.6681566315849292,0.812798350648984,3.9373880075084697
0,0.999439656707229,1.0356523954871033,0.9177564880430151
1,0.34630458728741476,0.22921151991413066,0.9805971426674095
2,0.7707993658893192,0.7209269731184637,2.777049290987067
0,1.0375743193790132,1.0693991294723004,0.9440812468812083
1,0.3284107222251983,0.11553086226013898,0.871114505691917
2,0.9223976155779036,1.095971966121859,3.9777597083890233
0,0.9835618443211015,0.965843879406327,1.3350026014359104
1,-0.06393568518521175,0.2841095748026798,0.9943306222544861
2,0.5263177836837984,0.6355481570559038,2.9820071213491355
0,0.9406749727736385,0.9195854189316937,1.2190921320653436
1,0.36706694954158847,0.2664716226300028,1.1204585131062736
2,0.4862639179462504,0.8497225120514993,3.292969360605273
0,1.0082519693619612,0.9903845490463479,0.9935183523900645
1,0.5635536120114191,0.14066412129715306,1.0611314357577069
2,1.0827995332042077,0.5635842508272736,3.8007800296929686
0,1.0420150692246961,0.9713154064185221,1.0382722040224668
1,0.2143644854443137,0.3758672328975313,1.0602319316143678
2,0.7427075720786904,0.5329016060607692,4.04719440350092
0,1.01923426524449,0.952810909661918,1.0807832754474063
1,0.3502603984646445,0.2948951591235022,0.9717851983107385
2,0.657269592383654,0.6618149666591052,4.2719400772662555
0,1.0807080716146167,1.0212108246355205,0.7488310461704442
1,0.13819931240519226,0.3742102377433892,1.0811444633845022
2,0.6090564346898069,0.7817431839714024,4.03162926720514
0,0.9599709318716827,1.0261630345865742,0.8621269407446119
1,0.2924379956326308,0.14869701497351687,0.9159674240789467
2,0.9865151262531483,0.8580841402861319,2.9194197574957954
0,1.0256383068183088,1.0592263883443231,1.2333394398430768
1,0.04731621237814909,0.15602054712305308,1.0693502421297514
2,0.7422008904230691,1.1479073490066156,3.7641047849030027
0,0.9449214395149665,1.1282370196367948,1.0216544521199034
1,0.3244315950074747,-0.04874517801632122,0.9252885769586757
2,0.8579118190356212,0.7677700458238896,4.260521127867378
0,1.035193100016821,1.0695188294330036,0.8260630607691187
1,0.40513527998359233,0.2708118281492796,0.8426090734845295
2,1.0096482971319998,1.006742423048436,4.456071745210556
0,0.9602883243859612,1.0319934406484983,0.8466990539733629
1,0.4297275140568616,0.24192841439908244,1.2374726734566013
2,0.6616290175786633,0.9280067097189746,2.841349917438796
0,0.964493621131162,0.946792486488063,0.7920364262800876
1,0.35192321437621576,0.3558013917675756,0.7711389623663172
2,0.9192279499636276,0.845244887058931,4.9086018701222915
0,0.9132543257651442,0.9026582455162067,0.8072316048473331
1,0.13078525260048668,0.24257716876554036,1.1076357320692904
2,0.8614967232095014,0.8636690355457641,4.429054862114766
0,1.0411781217419402,0.935022300392458,1.0842043539330457
1,0.030533456429281514,0.31399971712418606,1.0793586879513408
2,0.8199391098808316,0.8622216528592473,3.3956109292386056
0,0.9598582060006111,0.9999898542125073,1.016901351160739
1,0.19766961457407878,0.21576193700571933,0.8769584501391504
2,1.0687628534765314,0.6987457150450023,3.567196461941478
0,0.9564287201772511,0.99867246563421,1.2648727398324742
1,0.2416910792646207,0.373655138583484,1.1636577495565201
2,0.7691165935775385,1.1044048494265104,4.288554083674684
0,1.008745789977841,0.9586916538441733,0.8852509053276624
1,0.30690849999682535,0.3184014097380441,1.2227971019473922
2,0.865352749409792,0.6028314111275506,3.8676322966124546
0,1.0738630287565005,1.0049683632446746,1.0263594459824512
1,0.6805151251956734,0.20178054048899596,1.0163130041769604
2,0.629817202134582,0.7082449158118262,4.78850029051921
0,0.9553288244040278,1.0096346234570932,0.971155573194916
1,-0.035469344772550454,0.43937305880976874,0.4835300637542197
2,0.695806771537421,0.7170751012206762,4.595573393281896
0,0.9955446136649119,1.0527453274035414,0.9029295348431333
1,0.42174138166532904,0.1288670641478123,1.0001541853807092
2,0.4947249783946201,0.876781275460804,3.1984875896935123
0,1.0179047329730344,1.0973957708407291,1.2105870651448725
1,0.1397303574199506,-0.13519525186419457,1.2881628165553962
2,0.7538801986661477,1.0176238026828006,2.4814525464186286
0,0.9801500590939765,1.011842709605096,1.0691120440845119
1,0.08494937678441716,0.3161548564407239,0.6449569278009792
2,0.5640954850289922,0.7212716904376566,5.006905002402462
0,0.9566650827045229,1.0445252921678194,0.5837119966562059
1,0.14135343731821576,0.3934407942341471,0.9106982324730053
2,0.9753685759184796,0.693156611075512,3.942763432105971
0,0.9756442429070717,0.9799236829623753,0.6018204960371336
1,0.10276295220317869,0.46723544712745485,1.2890112913857155
2,0.6459703536147161,0.817482868096278,3.52301000466608
0,0.9032074325883476,0.934892118171955,0.8754230398464692
1,0.1612685697495522,-0.03289159056795693,1.029040396024189
2,0.6237467019146923,0.6673683949069058,4.448235892748096
0,1.0083492606698727,1.0064665563919706,1.062275201087544
1,0.37647112412176376,0.3476751846427588,1.0925708426971654
2,1.0375038910412153,0.7523327058519278,4.832233448382937
0,1.0443949457013613,0.9935146672650517,1.203839641929625
1,0.3639166915788743,0.1219419602770274,1.0324673219090168
2,0.6688043971423498,0.9074889706751148,4.021020675274993
0,1.0270181720928786,1.0023383668097123,0.6155558947700972
1,0.33392210848031245,0.1161948193408477,1.183776672761007
2,0.669546683116353,0.7933625237516743,3.7853763145331514
0,0.9365695414388974,1.0498424070545023,0.995123427012073
1,0.30141128992784383,0.1021221474294993,0.6014526094519572
2,0.7334855028292472,0.8538122904829535,3.3139277460669674
0,0.9596028458254603,1.0612237981275487,1.1597413994632453
1,0.3477777781730318,0.3899424771153174,0.7153541400053058
2,1.0978491007006965,0.937987810344827,4.057913124381865
0,1.0449847535092367,1.0234383050167413,0.722615919923157
1,-0.03738863141161797,0.28382998137041865,1.0365787504822837
2,0.9820619295419198,0.7652801640237735,2.7187538793957
0,1.0947784199802615,1.058667325711347,0.9397230907431389
1,0.19388720371508322,0.08618509067474822,0.8294524438511465
2,0.6896911338601621,0.7780405406467411,5.107515231195348
0,0.9685726619529321,1.0013476509862314,0.8658575733317675
1,0.14386440616867824,0.19934507528759998,0.9329759753406235
2,0.986942895625512,0.9815575259019108,2.588882608978378
0,1.040823204517939,0.9886733616096405,1.0644036538917252
1,0.2507875422992982,0.4330525894184172,1.150071216396219
2,1.174887849719376,0.990771565114521,4.0085244253516
0,0.9985433954548842,1.037306316318249,1.0855470755824723
1,-0.05669062194259439,0.4972644881695773,0.8512735686786892
2,1.0229002727197638,0.9531862275955334,2.7163998360297974
0,0.9736058145659824,1.0101137149700385,0.9624296597046947
1,0.3253270430626719,0.1565427722771492,1.1551526726348318
2,0.7953757931356245,0.8612817104450167,4.346975013111202
0,1.0238843358369607,0.9990186132434938,0.9999898742263662
1,0.31573018245461926,0.4381423515538133,1.080392376005694
2,0.6052178896669277,0.8173247462163497,4.434813336720917
0,1.0666892181668657,1.1369450252252695,1.1455705895053607
1,0.27242690672387576,0.1459485770511832,1.2635850990914155
2,0.7503570655327243,0.8554442450527553,3.5214175058629404
0,0.9749417681270146,0.9914524516703774,1.0799458124332648
1,0.2844343391367448,-0.019869336037055763,1.1200844459446864
2,0.8589802410886477,0.7122271265239483,5.23681494243845
0,0.9443855333671273,0.924761594367309,1.1545760562813796
1,0.06636480456032565,0.281979554202277,0.893483991614729
2,0.8779432392641983,0.6860815756460578,2.7552807856833725
0,1.0184614297284933,1.1034725142749895,0.7731998524535412
1,0.19110895051172355,0.3249850584910909,1.191080709273167
2,0.6964267958367378,0.7512428855371447,4.294086074512959
0,0.997279053660581,0.9895664578791173,1.2808148337030678
1,0.14334042964555951,0.25862570540758023,1.0298986089039903
2,0.955164354069176,0.5915885286283975,5.004794614421779
0,1.0065267803231293,0.9115163349890658,1.1033481713302034
1,0.13423965790662656,0.17617858595121355,1.0427820576204005
2,0.8818083903504264,0.8528357207285364,4.797155989649527
0,1.0052910675088023,1.0157470781194657,1.0499287055119606
1,0.34699910357307795,0.14745979321908748,0.8799040137666911
2,0.672006438602365,1.016925609364421,4.999872427510094
0,0.9070028335133631,1.0240756885420939,1.0732186258189325
1,0.23857365843696976,0.14786121078824543,0.5831145196263587
2,0.8805217062106823,0.9557141687138463,2.168735859552185
0,1.0628300274784654,0.9859119842415981,0.7687579652365183
1,0.04979052309677956,0.17450890389169382,0.9929900011822188
2,0.9027136207625965,0.8028301424497816,4.086619886149773
0,0.9236410944542224,1.0398576245606663,1.1050464092491847
1,0.201768969681344,0.45902764341351987,1.0224158873621134
2,0.6589448616097973,0.5833438824268152,2.804319707338693
0,1.0160515298931065,1.0503528676027225,1.0282143768762004
1,-0.01722275415368779,0.12049054724892462,1.0143405742864895
2,0.7381417174499614,0.4582865306620277,3.778475163492876
0,0.9699563158415108,0.9494983986035097,1.0401041282355938
1,0.07391344049653173,0.02637249055746485,0.8692100745394241
2,0.8447017461302667,0.8069448096138815,3.026030730206185
0,1.0378792891513182,0.9815478193969764,1.1276538914434826
1,0.04589096919470284,0.4217065601661327,0.946452520329406
2,0.7645079175710398,0.9661873165289981,5.0971311936249855
0,0.9086799715623544,0.9980894699624023,1.0827543488356455
1,0.04506537041672781,0.11649601258074316,1.202629797972686
2,0.75251827220219,0.9060737933377228,4.844150242057507
0,0.9845209439041697,1.0031533736282543,0.8977176838055021
1,-0.023776226909021786,0.2980576907852175,1.4603413088706352
2,0.9132612323388979,0.9793407390456839,2.7052855334583326
0,0.9913067141044581,0.9592236591056549,0.7799542883143905
1,0.25014252012484645,0.31882532424626536,0.4793309356875036
2,0.911162275778964,0.6941355632483922,2.7239178288649804
0,1.007974659202514,1.052406847770375,1.1745406418433952
1,0.18763986141548555,-0.08977588989913121,0.8458611959588979
2,0.6481100161056055,0.5747540492711671,3.8327215073555965
0,1.002470206751649,1.0277225650185215,1.149298571691891
1,0.17587788196426143,0.06776528030009085,0.987657421477342
2,0.9368117747823173,0.6881110047189695,4.108633962928264
0,1.0051190881910363,0.9607587502288137,0.830676433939372
1,0.18674559345736155,0.082445076311962,1.0908829539949747
2,0.8888398977954736,0.7820868839824529,3.5900650472688125
0,1.0233685095500409,1.008425393165521,1.130178454091188
1,0.3450035007966923,0.18954804029427014,1.0651817687199208
2,0.7705000373711193,0.7787625972361267,3.6166560091902884
0,0.9834735880394098,0.9740217269683136,0.9997872788881269
1,0.3154244907198673,0.3791503663387624,0.977429069578848
2,0.9762082709355904,1.0686763460934159,3.4721103718912323
0,1.0067606206847495,1.1161201408662342,1.256425494843809
1,0.07989935128640847,0.09081467792620926,0.9178185696573931
2,0.8214323466825822,0.8057658584802759,5.291172304630989
0,0.9463650461228914,1.009769415226807,0.8911017294316794
1,0.32992193804563047,0.4868466429010648,0.7862219931322468
2,0.7995027963200921,0.8596015699075114,5.309990423572108
0,0.9983095276039778,1.0080832379218945,0.6087512291324697
1,0.35535034055487325,0.1106505618343111,0.6920071926407599
2,0.7077532466245627,0.6977925380792352,3.250844871110674
0,0.9453351386481463,1.0808023115581498,0.8307452970522406
1,0.2124410098553141,-0.03422191806605138,0.9172639451504122
2,0.7565762327557908,0.7912290707111944,3.5275176842224196
0,1.014460966771129,0.9847424204750261,1.174739257000028
1,0.0202932232420385,0.2935103439427499,0.8494812131382806
2,0.9322599315233298,0.7209792067310721,3.416876456081464
0,1.047942938357466,1.0499759890062084,1.0293093009232632
1,0.2956078206047963,0.03655151654179015,1.2758491860811303
2,0.8361505797619265,0.6558443649966219,4.028614425496378
0,1.0500775236050806,0.9603462499506541,0.9291251101382275
1,0.07711231585041234,0.09979827270740776,1.172879666266706
2,0.7733432582812801,0.8395479290175953,3.63551724248557
0,1.0435911597055763,1.0284358442832335,0.8484947280018388
1,0.4017049477665196,0.11149310149393608,0.9931129213144626
2,1.2705659248376482,0.9201614690549977,5.096615312152375
0,0.9356878102623689,1.0570811123866497,0.7566950681334645
1,0.023878129460134595,0.1508779469831822,0.83029361027198
2,1.0046222322441607,0.933946853005189,4.0598619126384135
0,1.051376074706072,0.9225946787268369,0.9891143151386829
1,0.41781431027695715,0.16057098285112453,0.7708499440235415
2,0.6347181735237282,0.8227745864389556,3.172206128179649
0,0.9958726952911565,1.0043013051748697,1.1817064722435577
1,0.18969367386021932,0.2752571720348402,1.0371461817163545
2,0.8602039705782886,0.6171223370538903,1.938774361436793
0,1.0697304331748874,0.9702784458675167,1.0285683343691066
1,0.4136491062445996,0.428343508615196,0.9646772367913102
2,0.9894298381071205,0.7227311200894451,5.446019842774263
0,1.034698989221763,0.9720447996415131,1.087510475519894
1,0.19818254752050257,0.14474343326566408,1.1196187692814272
2,0.8092424974008912,1.0707981084990463,4.525270459415622
0,1.0036763752964963,1.0125613097032908,1.3505353795194712
1,0.32572610587459616,0.39301511114156695,1.058769971070236
2,0.6661066650778766,0.7700610281127125,4.3355150327758265
0,0.941178101064099,0.924686510032555,0.9221750189177764
1,0.05265494511543231,0.24611585722245155,0.8789929154715608
2,0.6979667011225827,0.7198069872813152,4.242293867409864
0,1.032489987772611,1.0063623707851788,0.8670861126382412
1,0.04827465283258767,0.07662035189168633,1.191351197493827
2,0.7685807432019297,0.9159676260307632,2.6581770946833023
0,1.0541118431020249,0.9653841213811062,0.5436650168259621
1,0.16076387965264283,0.29829820664844886,0.5861621881399411
2,0.7284547636100829,0.8040271583506322,3.911769908436881
0,1.0551221010847676,0.8672850712328821,0.8481985320343052
1,0.21253462451405078,-0.11401260113820127,1.1015929705109475
2,0.790467591446776,0.9107965636278742,4.573296193453411
0,1.0694261427304943,1.0364933677445336,0.8731495619869322
1,0.12463939482214419,0.44608356324560977,1.0041879035567929
2,0.7147641173460486,0.5579140513383007,4.506615549358729
0,1.0064321270374172,1.0166058187526945,0.7931235237206475
1,0.3979976141315379,-0.09669140580087554,1.040957143418291
2,0.9047802604951379,0.6499542647384586,4.007384006599396
0,1.0167401403588665,1.061759875679012,1.0635366847645977
1,0.2987713377250844,0.2564403154722765,0.8348464652388066
2,0.6405066167078729,0.7688571261019016,4.424820757078258
0,0.9674267603057941,1.0769439967209098,1.011404569302576
1,0.03932760978277444,0.47030469064361075,1.0558037915320002
2,0.9257972556194081,1.0400213806145266,4.35215919258375
0,1.0664830083000298,1.065527160682289,1.0059039182893992
1,0.22042283544346936,0.12640927771893146,0.9898148008117038
2,0.8642559395678198,1.017465487019302,4.616756632189107
0,1.069235711049577,1.0269652615255054,0.7850655550500699
1,0.45414906431627633,0.047781474391056206,0.826346510996034
2,0.7830592413168785,0.9204293238681671,4.283648610896719
0,0.9986568245517871,1.0014807905374188,1.0486434933325814
1,0.13213143240082437,0.2433312422402003,0.8676790405966932
2,1.0454479407815962,1.002120070732996,3.6214808956552345
0,1.0856945832567906,0.9281483338338311,1.077852643763982
1,0.44498834313495395,0.34591972788973,0.920345998921495
2,1.0231153622839932,0.9329993833739372,4.413380393085428
0,1.0613360135792944,0.9693699203731778,1.1616824259014553
1,0.400013506528599,0.06734481353659214,1.3827185736772076
2,0.8662137790434126,1.0642670195733066,3.3495008979295635
0,1.0230607484630927,1.020316460450481,1.0076644649726945
1,-0.12250923180388829,0.2620772236558494,0.8916428030495115
2,0.6299849593969711,0.7969728219736426,4.790966547779276
0,0.9321074912022105,1.0311735780653353,1.18609834920191
1,-0.047048862028171906,0.321559001484168,0.5271499140634532
2,0.6719953627938292,0.7978416856023371,4.513684249013268
0,1.0385719295267377,0.9393534430385372,1.119794537943762
1,0.285682606476235,-0.0038977620115535905,0.9903049355851808
2,0.8453679300008806,0.8990129015760346,3.8417154630978967
0,0.9913512891383992,0.9766385262013406,0.9859033126786777
1,0.29167327892327005,0.1305117084694114,0.8598137683820664
2,0.8196812497193202,0.6915222250941415,5.084075092335488
0,0.9935300364940833,0.942605923332973,1.345865807265478
1,0.06931731918320558,0.05525599940181372,0.8838632325808977
2,0.8423113806403135,0.7221753113023552,3.3724048893867424
0,0.9672831837648354,0.9014719958936472,1.1540768690245968
1,0.12428630982985198,0.049938317943158866,1.1712418407032423
2,0.8158187705002187,0.7644595881843025,4.2874718901396305
0,1.0297702951428902,0.9429628671359357,0.4435468739224523
1,0.2657216670195858,0.3878241325011249,1.1669338297108465
2,0.7917056761418936,0.5514938959106448,4.494650460202286
0,1.0309886203011946,0.980796521156417,1.321332972715869
1,0.15542333671915007,0.15791000481067052,0.9024863397216683
2,0.6664728537717726,0.5986378473039901,4.9009326906497925
0,1.0236092174387246,0.9290353144173074,1.1344109550460266
1,0.4940020924331647,0.3928599348998424,0.9801705720140056
2,0.6083571888779242,1.0471112060355865,4.084970145820868
0,1.0697504602474708,0.9672692629205387,1.1734569680772244
1,0.08176491460965384,0.3079371222761563,0.7330681390108422
2,0.8504680339543871,0.5672727478064664,4.058816345654913
0,1.0504361398890971,0.9256963497100186,0.9211501912697695
1,-0.019090198172967143,0.4751330326045665,1.0726721836974946
2,0.9971142250553511,0.7251846022087802,3.4911482758095973
0,0.9177330403091913,0.9669412426208746,1.0004775529623933
1,0.21835343128935278,0.15849405561642857,1.0700762235261683
2,0.8098207195241389,0.9357168262853424,3.5711023950176704
0,0.8704091549163343,1.0256801363904176,0.8742574856891496
1,0.23132008567046192,0.47007592850829666,1.4117978753915976
2,0.9033787882510993,0.6052727563165237,3.9491348751128945
0,0.9630753769741985,1.0347581627271982,1.0263127877364115
1,0.22944673231410012,-0.014117283967749111,1.1465964231447232
2,1.1597252015003603,0.8759109704273023,3.5295491343125533
0,0.9339847865415114,1.0713860655326901,1.2070070202153738
1,0.19860669945007198,0.14992754193527527,0.936721655405032
2,0.7192049277511503,0.6195740236795835,4.2100813377261685
0,0.9388947172877612,1.0628596742286505,0.4067000675809712
1,0.3416183213984181,0.24752580546504488,0.9703411448071235
2,0.9402275561762461,0.652279178003889,3.7796226877916808
0,1.1308893832755045,0.9622707534963416,0.9461726501332468
1,0.12042837207062536,0.2842107686842964,1.0734057436333388
2,0.7906073963635161,0.8831578015727755,5.128269307670671
0,1.0030498821586193,0.9865571337094025,0.8843328753483259
1,0.3129375052203471,0.20208138743269707,1.1598171462635891
2,0.6334288097987072,1.0177568815996105,3.877100984735401
0,0.9597620203855188,1.0592591464339285,0.9943095186607608
1,0.01162127794122536,0.3290087582749769,0.9012510905185013
2,0.7691917431390851,0.9295237244700253,6.191140184276949
0,0.9860004351958935,0.9497172645461311,1.1431400495173345
1,0.20422765316068986,0.1406971570036806,0.7691189619061612
2,1.0197651537450036,0.6297416376503323,2.6026231876078763
0,0.9370597276786888,0.9946399792291003,0.9436276269242573
1,0.2275328744761398,0.383692629935525,0.52497749279521
2,1.0801270241442804,0.7868104238705937,4.191863738384591
0,0.9537981657575682,0.9399007668444913,1.0965735365022404
1,0.01693577462134585,0.1272635446881329,0.8419327578221876
2,0.8312225712777778,0.7415101624289463,4.628485428081753
0,1.0148565340478959,1.062865139433387,0.9587192592759274
1,0.09221412448169626,0.4432600039472073,1.1625256774878527
2,0.7986660881986228,0.9520932782876523,4.791474621170584
0,1.0179146137636355,0.977593105966471,0.8593967864413989
1,0.18747757225235723,-0.07438364273496345,1.3117951588315402
2,0.6711084655935864,0.786435289125199,4.895966235162059
0,0.9980520813172683,1.0831367784701071,1.2302508038940103
1,0.22058738979987091,0.24267520088203026,0.9225914488067448
2,0.9911993828206223,0.8096897126936917,4.113614659822933
0,0.9697155573851849,1.0120716002540358,1.0831790892012698
1,0.16874428578677056,0.18901419376280965,0.948473587084755
2,1.011404806067523,0.9048329552238747,3.868027212608068
0,1.029442792957965,1.0420464689613074,0.6747986559954084
1,0.13318779134253989,0.20630814450794563,0.8707827124883332
2,0.6399966681997753,0.8798094098162899,4.362109495823733
0,1.0113800051313628,1.0643992209225308,0.9607835577063013
1,0.2566350707447411,0.2921632713514028,0.714614532698671
2,0.51983383179222,0.9379541834026952,5.1097861770184325
0,1.0022284817509708,1.0706967623795323,1.0547415396311894
1,0.45095745973154516,0.2664626295971105,1.1662752800852925
2,0.8926446553196584,0.7566552078293984,5.019736683317775
0,0.9243878660101328,0.9625910966291041,0.7046417770972329
1,0.015499978265073128,0.18497978965949793,0.9687629554932782
2,0.7108122745572448,1.0106602687137538,3.94417109178418
0,0.9187538081125264,1.006657949952619,1.065862070081961
1,0.2376233533022811,0.4609383067571792,1.1015539544981394
2,0.6131966515280343,0.7442929245477812,3.5731309348452234
0,0.8657140131119524,0.9960116434259133,0.8825011956672391
1,-0.16140664132560573,0.20151763032254894,0.9965397493581374
2,0.9379868611151966,0.7926652907712753,4.570522092088545
0,0.9668418018292497,0.982978962325312,1.3916549678360615
1,0.26044564882178134,0.11519968052736831,0.9565339044603446
2,0.7483792204767765,0.7678262126309664,3.8801036684479655
0,0.9719084827853102,1.0567585775406743,1.154713685360869
1,0.30776735318265863,0.40876328364644354,1.1618318166352197
2,1.0166648353693424,0.9294976849525619,3.6058329353835066
0,1.0601501705021246,0.9296598703587517,1.0121464015978852
1,0.07788234924302144,0.0731434174601355,0.8274946199511366
2,0.9233356325078179,0.6221804734996428,3.3263933578107254
0,1.011002689273293,0.984058821695539,0.9654100141470254
1,0.15162998318466162,-0.12533997887404313,0.6369855677444123
2,0.6893344235212031,0.8448294444206577,4.601633728759138
0,1.005115860702834,0.9463774114722461,1.0162096122796116
1,-0.0381090121778177,0.19599028899400442,1.2181846236416385
2,0.6595038578789597,0.6122745615542957,5.244751842348083
0,0.8725692378755823,0.9809415168326359,1.2728987850470699
1,-0.04756979523702587,0.36622262068270395,1.0442262043674067
2,0.42543771744466213,1.0077824711642664,3.713551658949461
0,0.9430326258691603,0.9348698496658844,0.5490563134765962
1,0.3322534025756907,-0.13622094052261163,0.8423922444323266
2,0.6106656300590212,0.7632192783952465,4.149087286795771
0,0.9902069906482713,1.0263344324528805,1.1704451890590426
1,0.27011799640750733,0.32350270973353434,0.9311409170743175
2,0.7533497983059959,0.5990240224397227,3.5712784257289254
0,0.9866767922884384,0.9898070348567876,1.0404813849284555
1,0.09246403567058462,0.20399416826413552,0.865352739726171
2,0.6215922442801435,0.7361755288629056,2.226718018725987
0,0.9718176116203486,1.040824336434535,1.1164546870076237
1,0.036149264763377514,0.3240930265350533,1.4659056393882381
2,0.6113505970087036,0.4084008454811567,3.32849728749844
0,0.9878735414177372,1.0319524725178915,1.2357348968916646
1,0.4911067596516224,0.2906918800257932,0.7785869031995419
2,0.9662915729406697,0.7417474476901494,4.3571777367122
0,0.9452351243215177,1.0369332599973842,0.9861239898632302
1,-0.015305559828002274,0.2025359551516846,1.2502543685250262
2,0.5502374201861363,0.7637938522832685,4.407300803917021
0,1.0362855721709139,0.9554693359371674,0.8519574080311714
1,0.19467969036209218,0.08200447309099168,0.8231343694404429
2,0.7420649006742566,0.7460707535379627,4.30534069085035
0,1.0592078670050689,0.9757512164287501,1.0567498737541074
1,0.12067083625537885,0.2182931774365414,0.9078401977580346
2,0.7335719954919003,0.9090233819395728,1.3081280652789804
0,1.0641735720037069,1.0443000923982009,1.1260558303696107
1,-0.008550028110492686,0.2371490422178349,1.0706990418955982
2,0.651495353639547,0.6916209831786485,3.2120348942785433
0,1.0341451623568987,0.8663303921923031,1.400560235151831
1,0.14341572599918545,0.15910143724057432,0.9943911596630844
2,0.7298379775020194,1.0934354852799404,2.6561285153467633
0,0.9893262285015995,0.980975562653513,0.9493348998485883
1,0.2864295025940121,0.2735902255647549,1.0195385556267127
2,0.7154455485811344,0.633156134226984,3.3207021889809933
0,0.9785025801949263,0.8829462599852017,1.1490173289411152
1,0.11783838725345218,0.19768102641949434,0.6884875220572741
2,0.5615279921687023,0.7366372797798358,4.540638942180682
0,1.0848964129515783,0.9894649839017761,1.328044880874534
1,0.2343406625800714,0.2895300466374404,0.9047426035826669
2,0.7895901243433914,0.702883451152938,3.500355383548925
0,1.0534901704506556,1.0046688135675717,1.0826868682052706
1,0.4854165478626147,0.05101292274674363,1.129156333979932
2,0.8305928864696547,0.9524374451289297,3.056908243169798
0,1.0036945542995523,1.0531821717880256,1.049804248576384
1,0.2003088304014361,0.18003241617492913,1.0361355898129634
2,1.1446095845686546,0.7753503911173709,3.8484538978078247
0,1.017651009329422,1.116241185276922,0.9774027962752866
1,0.1747620328420403,-0.05076844627236404,0.9180431420320491
2,1.1682791148837957,0.8529761426781116,3.009265157509578
0,0.9881182016054753,0.9610654851244327,0.8419685252888564
1,0.060782137456084934,0.11733276297951702,0.9780382878783853
2,0.5241761061099964,0.5611036211384106,3.1540797066801427
0,0.9337441521213785,1.144295446201906,0.7434417587595077
1,0.2989904439722853,0.2752487848037187,1.0157605754042032
2,0.986356182093814,0.6458139600374654,4.694478158833671
0,0.9938069609600322,1.0361321664747316,1.0035753651734018
1,0.2230692147932909,0.2251370827087436,1.0500401763902103
2,0.7849920081045273,0.8748120198467502,3.8976167695986126
0,0.9459514587960849,0.9113676647390156,0.7732957786663335
1,0.10917387150663828,0.3125421110682754,1.280697875647831
2,0.8892592312050621,0.7739319036255108,3.1004760575209187
0,0.9558917038020793,0.978660644416694,0.8717914997037808
1,0.19522283986947775,0.09490460542387633,0.9526352690696442
2,0.667733179432151,1.1153266926979684,3.966753152085117
0,1.0421402716315848,1.001214210073265,1.2785310451750431
1,0.30115551526552425,0.41767388529148053,0.8574534406380467
2,0.8222640530831179,0.6385769172989123,5.530601744362037
0,0.9868753636017271,0.9472057845904278,0.7743117034361602
1,0.20601012832214569,-0.1181719946804779,0.7704787623475355
2,0.8635486830333413,0.7724213914233641,3.1367462594275253
0,1.0154226511603621,0.9669158304055341,0.9436001339582312
1,0.017076676954567077,0.2815588370420648,0.9169462875641172
2,0.8226714358002272,0.9411501420205062,4.751969896329546
0,0.9730930457594421,0.9700628238193729,0.8629925153003667
1,0.3951313217335296,0.11723645293589328,1.278708195455283
2,0.867901093876345,0.8569894286144514,2.8039294700388364
0,0.983210286277346,0.9977361136592072,1.1404051995611189
1,-0.00124512088790113,0.23482685081005347,0.6014999935039069
2,0.9021892842467065,0.8233002597207438,3.3792827457240446
0,1.1009596272465343,1.067009691685127,1.1429175638257638
1,0.22926286629649886,0.3714224459004575,0.9793369080831867
2,0.86673907980349,1.167455547075116,3.7473193863798397
0,0.9746886783271272,1.0084074104310747,0.9298729445010974
1,0.2712169530714197,0.05775062233134601,0.7707249009184532
2,0.8507895824190472,0.7576879802936248,5.509421801599725
0,1.0743685582441866,0.9755630820281472,1.0101259036177688
1,0.5022741971378605,0.3292076319975149,1.07445469066053
2,1.0052020603591225,1.0048188456308065,3.9986141337008356
0,1.071130459784552,0.950957329394372,0.8518408121841969
1,0.34275144810828373,0.06023055353288617,0.8682968985178571
2,0.8958908610876085,0.8928096859850669,3.9557281832330142
0,0.9989078256155194,1.040237004573571,1.114509006526707
1,0.2831795906364238,0.34922060309739406,1.2798036388647946
2,0.9112418965770916,0.7120542517535119,4.187548284876046
0,0.9886679990913476,1.0680419881297736,1.432381437539381
1,-0.009252901627640309,0.19262398708606468,1.1784613135092727
2,0.6038623389458074,0.9753621136188125,3.970321209462046
0,0.9595386384883944,1.0025585775281693,0.9972505781089793
1,0.37302924857193354,0.21985307007164467,0.8930710668264839
2,0.7175702619346676,0.7023948293491772,3.56920654023989
0,1.0909099996213352,0.987031306555458,0.9537279247359788
1,0.3379353231735506,0.4635420544558271,0.8901282811085991
2,0.42946142119958003,0.8384239769819345,2.8249627789032377
0,1.001338884633211,0.9546327362870868,1.2391313914983249
1,0.1742520894541132,0.204086699193177,1.0123029449679934
2,0.6383953996867024,0.8509399378686578,4.882911954369623
0,0.9988083999533179,0.9563968260454253,1.2037621740462336
1,0.40705388552783056,0.19001767489347213,1.0723559336598134
2,0.7880951533996413,0.7738321283844208,2.664053913750694
0,1.0033291699276334,1.0556079022181821,0.5560796038650339
1,0.4634002893762123,0.02304981933585737,1.3561896599866554
2,0.9556795011993715,0.6835116001900396,2.9895316210182425
0,0.9632451361006481,0.9863398116682854,0.864569133722384
1,0.19484782889029353,0.48942254582660466,0.7854903363034946
2,0.5795424376455658,0.5743893422035455,3.53881652370855
0,1.0211563677239524,0.986594782637756,1.1170217264454338
1,0.2805295640443009,0.1383303450408101,0.8279009009993306
2,0.9137153999531062,0.7393614054437073,2.764917382018066
0,0.9974711379180987,1.083121717327227,0.8936971334291653
1,0.5959440879495311,-0.025635602457711626,0.9294926758358178
2,1.2399094189522242,0.6177396183596102,3.7322791052535758
0,1.1040956974729512,1.0044132859954251,0.7191964347312375
1,0.1295947119958833,0.1416580967915569,0.8416166101368011
2,0.7803931195051979,0.8261413489676981,3.582253216528129
0,1.001577116230818,0.976898024866157,0.888525448214331
1,0.12053707436062125,0.40046854436401635,0.5946798358860754
2,0.9697476119661141,0.9333413456169201,4.8195918714953265
0,1.0645189132818795,0.9413793970539313,0.7806943704135804
1,-0.05319478572864722,0.18664661121073314,0.8743298048734893
2,0.8013503685781825,0.8121185121542819,4.92111794061066
0,0.9961162782826886,1.0159610504430994,1.0837922674096185
1,0.28212804077893583,0.2010675620274223,0.9142897542109164
2,0.6588150540819004,0.9467305457017218,4.067293050395895
0,0.9902216629578345,0.9844709963382107,1.0230411988007992
1,0.03966023182171291,0.16692462069912745,1.1539606197791223
2,0.8749821260926052,0.814465975446636,4.798626405905407
0,1.0816475802089838,0.989823276899282,1.0156303459872178
1,0.022686243543169227,-0.03502840047061101,1.3965723485967392
2,0.7851437724272694,0.531886304379283,3.1870757037902546
0,1.0126497599433835,1.0047311833320933,1.0065139280710034
1,0.06484209678474726,-0.06887680408914709,1.2229231141247239
2,0.7273845934017068,0.6594789073900851,3.9774884303794082
0,0.9559210922068433,1.0442617095362725,0.808658248418856
1,0.26308463478713806,0.08103912899431912,0.642823131216758
2,0.9138442325575966,0.8870525591970749,3.695024442863831
0,0.9464327264717487,0.9703479877241511,1.0456424261212234
1,0.09027263517129054,0.13736120815251207,0.8566492226625986
2,0.5393286984927008,1.0298836443113366,2.175799260021428
0,0.9783164849741928,0.9262756189868302,1.5730501522258895
1,0.41925477146128676,0.597624244383472,0.9092376971870132
2,1.063999154071603,0.917028556983543,3.5865008577539257
0,1.0039890964893652,0.9990076323289228,1.0741010997518636
1,-0.05720575817761708,0.20935713814513907,1.1595440352466144
2,0.7377353619870618,0.6309850893220796,3.211719225961951
0,1.0636570473897093,0.9960459119989482,1.114868369189447
1,0.2519380059712196,0.04571106773187228,0.790853865050074
2,0.9443291236652452,0.9161357989065134,2.5905526284533194
0,1.0900762623905338,1.0433558455987813,1.3530631263121178
1,0.2833382046055334,0.33226870757124116,1.0265114644384434
2,0.7326993122178599,0.6046590659652891,3.9249027878133615
0,0.9358372587737,0.9190465580696737,0.8723718454703432
1,0.20523779380780952,0.24410160508623022,1.1487789842404916
2,0.824671260175312,0.575767687512015,4.1292312329001115
0,0.9812363417532177,1.0128549074765016,1.428005473515888
1,-0.20054399398154438,0.03810574754813578,1.0515629231969583
2,1.0324438797308506,0.8275046198215309,4.403008206051515
0,1.0457787298744625,1.0205773763896229,0.7156888109205137
1,-0.04382915764222772,0.19254807505718852,0.9534928691719746
2,0.8280483139227399,0.8768620346916464,4.481348676122589
0,0.9308791695396484,0.9798638758823193,0.881788851685216
1,0.18079715177777653,0.3657818787361644,1.100716439845862
2,0.7670533220977088,0.8328997113183005,4.20656809519804
0,0.9678897765497112,1.0578770899839258,0.7087647078159129
1,0.3754123308926154,0.3370745176474914,0.8947653758626674
2,0.7120712445039895,1.0568286185474012,4.3015959100752585
0,0.9615087311962407,0.9569272549415344,1.1547685614173844
1,0.07472310137954746,0.09903306958361852,0.8367782048294589
2,0.8211103422265966,0.6643979644657227,3.366918520043245
0,0.9887973528916364,1.0323953451709535,0.8134008116094039
1,0.3424885127939442,0.10558872886824695,0.8841131774730824
2,0.8637095018975638,0.9511712182449718,4.297732777771717
0,0.9754244309881676,0.9902179173331522,1.0669322740464515
1,0.34246120143393793,0.278580680759882,0.6611007598808138
2,0.6225350031351202,0.5547025782485172,3.7194221200081916
0,0.9443030714298951,0.9986651312096543,1.4686069784908917
1,-0.032436757352713036,0.4740151298981816,1.1664813446374573
2,0.6333624134602727,0.9758540472355742,3.2609204894012414
0,0.9995873515324265,0.9924375173771399,1.1179872058770877
1,0.11888888735449721,0.6012136604583473,0.9572436446543826
2,0.7898854836857688,0.8167231821088943,3.7278927642285615
0,1.09075363390734,1.0173209044775746,0.7792571030802657
1,0.4255140494376761,0.08199482133099577,1.081687168603809
2,0.7682670324471196,0.7156343409423884,4.65964806275289
0,0.9826621004131184,1.0072865714978227,1.015856527387959
1,0.7292765235159484,0.22678834141468654,1.165956858749342
2,0.7993266886932184,0.810026250509928,4.575249965609345
0,0.944460041209121,0.9159773870116783,1.104597651719591
1,0.18395853299201972,0.3674833032120275,1.0546268771422074
2,0.7142788773296123,0.491087775143113,3.8283868916559216
0,0.9926510732408544,0.9769464739730774,1.127817387084784
1,0.4961488136139445,0.07130374837647308,1.011674430749085
2,0.5565284001274717,0.6889071451796877,5.198214223250773
0,1.10453122453998,0.9921003384260008,1.0314127001857702
1,0.2640105037419502,0.12053749506383678,1.5151874066174957
2,0.9694156199363726,0.8699617825411755,3.1688024699369413
0,0.9965909153975349,1.0819938351351661,0.6597664122722176
1,0.4211382456930398,0.31754254496723955,1.0797341886847458
2,1.0321831159948927,0.7530943191965283,3.436366503468559
0,1.004255865403138,0.9650976570092712,0.9134681118562498
1,0.13627103618395228,0.08771089957435925,0.8941487687069578
2,0.5198052892113261,0.8316065408563257,2.521795289110096
0,0.9703013398839111,0.9207788140808557,0.8695353011534758
1,0.2069415170495098,0.4233027373950169,1.0321012926841109
2,0.6264962222461896,0.8429135774170017,2.7478834824942133
0,0.9262720987430856,0.9617226100867156,0.8783555004092577
1,0.20737219119053263,0.22597924742038444,0.7094172281158289
2,0.9507089982491911,0.7550238286673161,3.65034547636376
0,0.9780258109883689,0.9845281927679057,0.6171171995748257
1,0.3626518118352823,-0.14887387214079334,1.2707689442980754
2,0.8068528956097543,0.733296560841235,4.511723928955247
0,1.0234759893367416,1.0365103211511126,1.1181373566516906
1,0.11287486787835108,0.05817406924248025,1.2562766855817993
2,0.637330814025989,0.7295596025203424,4.686089587038352
0,1.0282773319309595,0.9252399915120928,1.0016354014024798
1,0.3977433351819884,0.0644307266701094,0.8737466998786142
2,0.6328538091566931,1.0398389204440646,3.9190397730631363
0,0.9849945622547991,1.0769375334801183,0.971339972719784
1,0.3456671229946682,0.2836892820587402,1.000239674517522
2,0.682996969778482,0.6136253931328901,4.134045291664756
0,0.9143364284991382,1.0735484687437988,0.8238112445029018
1,-0.07713258826890662,0.19890438085915588,1.0644020706019734
2,0.9186380960522111,0.4868830336276388,2.6599283420494295
0,0.9895378439187134,0.9841811612318786,1.0932869985265043
1,-0.047701457633703315,0.21913329389557837,0.9789192314070332
2,0.926040897106292,0.9460147575963991,3.4625239716956675
0,0.9972523960075129,1.0182640617784513,1.1151405880500773
1,0.028728466454278623,0.46307358821970857,1.3388198356466467
2,0.7265798832822552,0.7361119377206862,3.608519082052721
0,0.9795635694968721,0.9169043917491922,0.9347684833260737
1,0.24812034371822667,0.08049733889995975,0.6658473623373498
2,0.663028175375548,0.7482128171620398,5.1471280975634
0,1.0802433420389495,0.9842071049317418,1.01307699870706
1,0.05702362311361156,-0.01695315207877604,0.9223682147621558
2,0.6943339169825216,0.9447971810712428,3.861564091550162
0,1.0860490808997503,0.9516633901545634,0.8266005053997195
1,-0.027628360930085527,-0.025155127417354595,0.4114435989208832
2,0.6032467476035164,0.8283041528484758,5.092848276920396
0,1.0539937823888665,0.998980588353952,1.0901051985127523
1,0.2694709816166496,0.1799515907773325,1.0889637209776508
2,0.9405224980063632,0.6649324352119337,4.749119963041361
0,0.8968656209902777,1.0066832211530443,0.9469370203436861
1,0.17698445868137466,0.3929620242717616,0.6561757347969537
2,0.8141868427794445,0.9401443087919069,4.3383425923876775
0,0.9876701140858362,1.0328797544560624,1.0541992573060355
1,0.1346595107184726,0.4991870513603451,1.237708114620691
2,0.7516787141895829,0.8156472399354716,4.372091311396203
0,1.0261352171633744,1.0064950255061351,0.475959756756992
1,-0.010303499428036461,0.4774891313677863,0.805521536746268
2,0.8692658109241197,0.555285739371919,3.803585958203078
0,1.034599815243752,1.0199811451619751,0.7673569909156186
1,0.21078468555939414,0.03542273019611142,1.1052533420235928
2,0.654855560036956,0.7883783373354318,4.271335136018575
0,1.0215466863390632,1.0390149672986442,0.8935966696241926
1,0.297569306574516,0.010917632316637227,0.7357209042891435
2,1.0883157816683529,0.644257532983225,3.8621505403192966
0,0.8913781997740041,1.0432931696524461,0.9213646215676574
1,0.3475559930833639,0.20462991026003843,1.3014898790383367
2,0.9521270498083003,0.8185948957772481,4.453148367809084
0,1.0589451377032912,1.05159889934017,0.7900655699600475
1,0.26074659195050437,0.06620738636062781,1.0353322289775486
2,0.6908481825933056,0.7097398316704981,4.073334148289046
0,1.003177933342416,0.9699749150316231,0.8712548247504401
1,0.237014133370744,0.1060190469831325,0.9092979995512221
2,0.8617090431379194,0.7806984601075263,3.494206346503198
0,0.961134618940531,1.0411566109490527,1.2234405554353789
1,0.15633804084308026,0.2131788373566032,0.748063667142855
2,0.8107999610236839,0.8260431100026557,4.730460412462799
0,0.8940678070854327,0.9575419482457562,1.1585797596770764
1,-0.09383808071903671,0.24703665195860233,1.0212761893189763
2,0.549984786746484,0.47978073182431225,6.305207232511462
0,1.025222859734903,0.9536571740154356,1.109455722620636
1,0.020086656126828417,0.5763139200481139,1.0545246230205787
2,1.0080462975907463,0.5972913238864541,3.456370806466519
0,1.019208691923566,1.0148439453032163,0.8744614627042034
1,0.23949285402274417,0.3479352824618731,0.9453851804137919
2,0.708222760239914,0.7772345612762761,3.469982668310223
0,0.9058838186128795,1.047611488330433,0.812386967133266
1,0.3379767555500053,-0.06253359876646852,1.1117452947908177
2,1.0359577014253314,0.8062294012239195,4.458927422853389
0,0.9485770610110547,0.9692947566115957,1.0092090896842023
1,-0.08613256890926146,0.3298071099281537,0.8057660189510125
2,0.8082722425198688,0.7321849204527293,4.593246825003757
0,1.0222528455842204,1.0661572595247446,1.0022229258450042
1,0.17945006313389078,0.22841924072576755,1.0724433279501988
2,0.5870693274334369,0.7973566019594698,3.606166764130147
0,1.0346983697088554,0.872759663946925,0.6462154777765321
1,0.23582650666124488,0.020873475382622242,0.8050014817173434
2,1.087948550309457,0.7173641020174186,4.062595332801121
0,0.9097615634753884,1.0307413059308588,0.9857474139880903
1,0.14869652792788174,0.08449505398146812,0.7195263211618086
2,0.8059643727913673,0.6633237048119974,5.9159534126427245
0,1.0652918299575769,0.9851888511569641,1.197644443825804
1,0.28709433641650395,0.12449471492909024,0.8947204025396175
2,0.7590331887109923,0.831653640225024,2.9898756762426664
0,0.876362467596855,0.9600223103329988,0.982822234087364
1,0.35425575546620325,0.1627571640452655,1.2865628877928028
2,0.6549995802064732,0.6990144793185077,4.034341880891178
0,0.9682433417927502,0.9618824361448535,0.8529965053972044
1,0.21561130985499083,0.3027521600226659,0.794325424506849
2,0.9368995371297792,0.8388166387718115,4.091986226881459
0,1.0480907424753514,1.0534935206465217,1.043311357102881
1,0.25995138197480916,0.30272005659955725,0.7700008932222505
2,0.9995612255887959,0.712842188143004,3.5647460476980632
0,0.9912624619742569,1.0186456299885505,0.806535263813974
1,0.1128386387276187,0.15375432453105647,0.7173355090797409
2,0.8725119869940579,0.4226090466827226,4.838133868998598
0,1.1332631218665685,0.9014249897681758,1.0568073884981708
1,0.25990336067321534,0.17590890181548133,0.9233969789943546
2,0.5386482302041475,0.660087781558298,4.79550730195457
0,1.0008029399867668,0.9724945419554462,1.078869921195956
1,0.2700611562877092,0.081369212753148,1.2454837716410838
2,0.8957954800941759,0.6510940224262842,4.557520700479111
0,1.0535399839455224,0.892346736694711,0.9785693884298672
1,-0.0755262327119256,0.4350614700503909,1.0067449078224548
2,0.6287158026009754,0.6431641943997932,3.324198301708023
0,1.0071460328956574,0.9774585741625532,1.072189833826973
1,0.3610848191927146,0.17481201020922957,1.3007750819080544
2,0.5550374810412726,0.644826719953428,4.615289901546841
0,0.9553015508448278,0.920685938768829,0.8198759894422788
1,0.042805047790608036,0.6506767227270532,0.7289655791852911
2,1.0033608397323024,0.8845284776508483,3.9696219722959807
0,1.0426381228377841,1.0150608857436456,1.437332921118468
1,0.20330062886360392,0.2982937821844884,1.0875863312001832
2,0.6920053869824171,0.6378471404034214,4.186759566825351
0,0.9699886274779901,0.9912499195917172,1.0574317936389306
1,0.13196750128594265,0.20786557375385073,0.5860231631203285
2,0.5252688025262205,0.5838715747406515,4.327750862111127
0,1.0203646418916164,0.9839351717922555,0.972566490340309
1,-0.011372210083909567,0.07015656645722995,0.9870336764451944
2,0.6737294292332646,0.5418339933485095,2.7600143751648005
0,1.0424048780420236,1.0387474121183282,0.6536933711322681
1,0.0527120515779613,0.11184380212452406,0.9424323315635359
2,0.7234351909837812,0.7737703680747482,2.834999002032383
0,0.980668135598851,0.9968642629029405,0.973549298331826
1,0.06098727446533095,0.38886961253597385,0.9735001667996861
2,0.5578591206129673,0.8436841048848909,3.6540051670283007
0,1.0267524878227512,0.9954516175088176,0.9742013077207781
1,0.4592761133727439,0.009050191368401156,0.6906832698662898
2,0.9475166314398829,0.8244498419063273,3.8247825882598963
0,0.9813218426224863,0.9802874355616124,0.9037212443966849
1,0.1937938760259007,0.06671919242844832,1.1339467541484864
2,0.7907512932197566,0.7964761353445252,4.401704731244473
0,1.0488359173355495,0.9564452894038878,0.6643181868700283
1,0.2760036949826473,0.2805669723088476,1.2017485950848195
2,0.7892323724665611,0.7083357374858132,4.51016908262082
0,1.023028729850312,0.9473288585224853,1.2625202991473468
1,0.31582039533254214,0.056658632257809816,0.9260935315007999
2,0.7223205258040513,0.7278205265355515,3.8316224016098945
0,1.01750925900944,1.0095044703351421,1.0872715428097983
1,0.09973672347864239,0.11657032177827882,0.9763777620043697
2,0.8762858090831231,0.759978171510305,5.233776519641965
0,1.013512110777578,0.9938069567594391,0.9282479510051286
1,0.0693274816441789,0.21793676815752433,1.1800250847528504
2,0.8350368425579751,0.9365994947693965,3.1610752441720362
0,1.0305021671192671,0.9544658909007124,0.9423306407644247
1,0.17118752728167633,0.27608712432969246,1.175664035326234
2,0.6678516024471032,0.9298270246258774,3.526585842305707
0,1.0011526245664837,0.9983113361257503,0.7603750547874353
1,0.49270269709805237,0.3016800038693744,1.1269208742969197
2,0.7835131117505308,0.8821107475679497,2.0387384587380977
0,0.9923568084972354,0.9987851680294182,1.041193688554871
1,0.26756644790953815,0.3107144790821027,0.951409910682501
2,0.7739920423650279,0.6724241735514671,2.5105174828329284
0,0.9976941512240407,0.973819189242249,1.1747362516964999
1,0.13878115597584384,0.18192212015338408,1.1414461463326937
2,0.6984573378344239,0.8750221606571218,4.329238698221287
0,0.990483039007426,1.078303664621632,1.2379671197288906
1,0.2485245340236178,0.34917136348313904,0.9217057936133608
2,0.7097367501188852,0.8082930338374213,3.358455909427402
0,0.9859162779265215,0.9571536654001253,0.9444249339961459
1,0.24941987647698477,0.37068597580917917,1.1229607402759045
2,0.3491982194389314,0.7479794489136384,3.353457326642877
0,1.0036288755443867,1.0212041701913241,0.8544871010238091
1,0.15791949467177507,0.0992553325835014,1.068225175050466
2,0.9554651568654349,0.8170782280812883,2.771567329618768
0,0.9712333518185011,1.0355781881861965,1.128765030617523
1,0.48834369351061185,-0.0032215987536436674,0.8156386012329988
2,0.6632319275111952,0.6794084869685151,3.4221373664523966
0,0.9632463779851307,0.9928789632336215,1.286918446552632
1,0.3467465730911886,0.21426299210240962,0.7759125892009929
2,0.6239965869179926,0.8666889559187195,4.002627286338565
0,1.0832531232310096,1.0141936573154209,0.8088106173807061
1,0.4910714231522373,0.17574462687545372,1.0907893126918076
2,0.9632275976756973,0.8212324894029348,5.1126694762288905
0,1.004069065375986,0.9713238981220017,1.09549975697042
1,0.2512413827687186,0.3587825394522858,1.2138882035772833
2,0.7619284677858205,0.6703905231878571,3.598551491195415
0,0.9515603622083085,1.119501214897482,0.5805325829835762
1,0.19104845758414896,0.044491386657264015,1.1819313936099947
2,0.5433799741284613,0.8201761718768685,3.9011542542652746
0,1.0224016625869536,0.9818642072780505,0.5817965057936786
1,0.38946751882344477,-0.15684797805687012,1.0065812517159405
2,0.9729500843373169,1.0679070860482158,3.0846024068295925
0,0.9513095550305346,0.9449636684470054,1.1086165474302367
1,0.24209463601160006,0.2664898838505336,0.7966787295719895
2,0.9518696555250802,0.8112916892992618,3.8356480125420247
0,0.918642231717651,1.0024623262561652,1.0878711778822658
1,0.3455143239102661,-0.051712003968554965,0.9789816992703513
2,0.8522275611879488,0.5935229390154573,4.027076857469333
0,1.0421769827066198,1.026350151189894,1.1361971617085418
1,0.19784657203280007,0.17067258783462738,0.86100589118388
2,0.6457687231645006,0.9508979869732098,3.5901257841252634
0,1.0188320845876808,0.9803777142447783,0.5313016094611335
1,0.4267559645460045,0.0033548093005284496,1.0056884765110095
2,0.7884293455063739,0.9321154602565618,3.6107019017978774
0,1.0310390127688693,0.9581560955143996,1.2323457957362125
1,0.02156816672619774,0.059823594376214984,0.9426465430158314
2,0.83149327604594,0.9167047730893334,5.068856452380771
0,1.0439690317754025,1.0824480756984465,0.8220131340870865
1,0.09877402984235935,0.35409460004777216,0.970165823030594
2,1.1940637491568142,0.6647706915588532,3.322031547655563
0,1.0690477226175696,0.9301595385545167,1.174952879983286
1,0.5811505849347334,0.2330698828164711,0.885417095984668
2,0.7370339589285625,0.9293828211764212,3.928352495079787
0,1.0572564406216884,0.990844008400653,0.8665143910608593
1,0.08325466096747727,0.20414127564143864,0.6086316361203019
2,0.8255250825827443,0.8699886020017327,5.246132750702205
0,1.0092017665305295,0.9718752169053065,0.8652561433377826
1,0.12118843834330016,0.10434854987985169,0.8899193806536569
2,0.7468279754415705,0.9361892837771371,3.738012690775313
0,0.976501113342207,0.980173032879971,1.2139216906534582
1,0.2018857440105506,0.26183653370680654,1.0709895399396576
2,1.0845981844316066,0.9634501164237318,4.407555884792263
0,0.9781758394834187,1.0607644746938518,0.9690722784783573
1,-0.03660711602292538,0.2016691962891041,1.1888402810604364
2,0.8265460508833362,0.7224348384255402,4.044661793914805
0,0.9206197395376445,0.9511969004134269,1.0200495982303759
1,0.13916009284679187,-0.031022987278181702,0.9159959518438814
2,0.8010340772596141,0.9215234937532301,3.7994447005712604
0,0.9626943079220153,1.0054408062124989,1.0462496468824654
1,0.15711344089429713,0.1307454911094716,0.8453304876293639
2,0.7870391656399964,0.9690712602846872,3.647475858318004
0,0.9841795941390094,0.9860766671285456,1.0211355652525163
1,0.09039262874091197,0.01990227485108681,1.11876782929128
2,0.8310344995145239,0.8500078570551695,4.840858712840133
0,0.9870129107841524,1.0762490895093006,0.8127525732495737
1,0.05816683435863723,0.19251547564734522,0.9826667463155704
2,0.6402071533087073,1.000416781099368,4.170118083421053
0,0.9068118678732651,0.9055234665737718,0.9957784532833154
1,0.13992048640934485,0.3169127533054798,1.07183964368153
2,0.7344770777788789,0.8213970947667779,3.775048571014162
0,1.0242336540448524,1.0486758898107615,1.0335870200752861
1,0.3214801481811964,0.03110659799974133,1.0431004737094356
2,0.6415321424051046,0.7115056863951162,5.363417838586076
0,0.9546770359370332,1.0643231751773556,1.0606538080451988
1,0.16297192851199954,0.07186166292021759,1.3092699614413235
2,0.4582802658539844,0.6129653661471172,4.430628956619119
0,0.971146379148678,0.9568073393946193,0.8935715329424155
1,0.0036019858562881812,0.018116081587877086,1.0136823572009674
2,0.8289617022088814,0.5838900572640888,4.284194257773789
0,1.0454559528851508,0.9538746123900299,0.8232230296218407
1,0.20529779613024615,0.14897775333273866,1.3072992138866966
2,0.699639937409258,0.8304299217499095,3.7345618517169137
0,1.002906432592745,0.9827787718877391,0.9373781214923455
1,0.4079394506920636,0.07635930603737107,1.102346679843088
2,0.5728127517459596,0.6652144117124018,3.035009335717893
0,0.9431805068179455,1.0131861665903552,1.09094163433531
1,0.2564197696700984,0.10787732771909911,0.772008562225778
2,0.9360267385374806,0.9934224488537202,4.4450949348366455
0,0.9055191540630987,1.0289881041928952,0.9814672219043183
1,0.01376572452663466,0.40244697872969376,1.4870186987809206
2,0.6763752406838696,0.8565646499962367,5.363546634449979
0,1.0397339928944374,0.9976142749434016,1.0579292931953863
1,0.07279806335483291,0.17209895143487436,0.6955515159944674
2,0.9667806164034394,0.9313124338167673,4.244293556697579
0,0.9909114583114284,0.9695471184590103,0.7973090061625923
1,-0.1686618379307167,0.40047904822654395,0.6035702128183362
2,0.7706909051827865,0.9405915681990926,5.065985092071721
0,0.9773502519563396,1.033511842801236,1.0021668551671612
1,0.3151055538417956,0.11016774748040578,1.084939148341359
2,0.6025779053876097,0.9237637669502391,3.5394799084819044
0,0.9974572936178948,1.0748050635627253,0.9186978607305419
1,0.26819873123872195,0.1492625294711759,1.0381601289688012
2,1.0091624234462082,0.6207157604909282,3.5269293265941
0,1.0081617256248876,0.9647761189831365,1.1581397947565544
1,0.30538384533545415,0.17423201121242735,1.1708852838983186
2,0.6657088100550139,1.1141608437320396,3.347410097460469
0,0.9577937611308904,0.927415353806778,0.8449622141894413
1,0.26833551024602675,0.28063370022848194,0.9852467640826882
2,0.8075977622935305,0.7881909885555994,3.114935801545719
0,1.0138063883454833,1.1552825870513996,1.137758984269234
1,0.25952108861934264,0.134224764167784,0.8701739546767164
2,0.7154705448530871,0.5318004314499973,4.43778294561886
0,0.9993695315330727,1.023149580579585,0.917139031737719
1,0.050953272157266416,0.311801317895836,1.0249937285325428
2,0.6381484484518801,0.6631006040829202,4.586417329783074
0,0.987406888851288,1.06345684278039,0.7294365625147623
1,0.1371576419657965,0.18848208511972178,0.6706723041276369
2,0.8301656241343601,0.78492272413738,4.611633510284204
0,1.0296537559990815,1.0651084951347405,0.9790346209884969
1,0.13674989831575318,-0.10768138627909529,1.0931638522242426
2,0.5848952495732647,0.8486535925906362,4.433796113605035
0,1.0011010842198627,0.961616762500701,1.1191768002679403
1,0.09715351921401323,0.28749310762548,0.8384014358538261
2,0.8336502258651286,0.8103219099087456,4.576974642047512
0,0.926673257546157,1.0840361908739748,1.434606471662569
1,0.07708308777762289,0.32715013261642145,0.9821577405339449
2,0.8918664773675565,0.7136288948715288,4.553958636168252
0,0.9996087344804446,1.0959290589300956,0.6422474720697433
1,0.21051909435279292,0.22748520972101657,0.7500975171234963
2,0.8096674907680753,0.9570527244757926,3.784390982128728
0,1.0875516103840086,1.0408699474162728,1.089655018045472
1,0.22774459130718738,0.08977761765850377,0.8661392996221475
2,1.000275385308398,0.9122639840666316,2.6621179047127987
0,0.9520924446580604,0.9472554645356319,1.0362268629504654
1,0.011259704063233872,-0.0081853067174604,0.9978230739784598
2,0.6869152401581068,0.8597739926331676,4.166338395796739
0,0.9233835776894093,1.1002927385021601,1.1679395361793394
1,0.35925901094288126,0.08796352776478772,0.7873372908405002
2,0.7709006593344284,0.7225885923374027,4.572561192243314
0,0.9812978806098454,1.0212497018844537,0.9161187569164626
1,0.05813044893199312,0.021362768833591284,0.6255914440128658
2,0.5646401038757612,0.6711218453146045,3.9379577371344965
0,1.0235375347582312,1.0737899059864264,0.7873458195703787
1,0.35913184077559035,0.17100432144474745,0.728754236488201
2,0.9209134678367549,0.7819234851307663,4.99331429248349
0,1.101847651098812,1.0153086595623144,1.057217887713431
1,0.30194764897384974,0.4488542947867105,1.1829148109296659
2,0.5026428912714731,0.9299064814305625,3.8870116150531553
0,1.0846845662529594,1.0709315660712917,0.777539013210078
1,0.41433591406272247,0.049082488035608135,1.1096859452960754
2,0.9200612801164157,0.8447991876897429,3.9235133784614757
0,0.9943105592721677,0.9784794044400688,0.9197064234127166
1,0.15603058535597977,0.11767413801800956,1.142440736296834
2,0.8351487839134896,0.6286624115407515,3.1200485832483524
0,1.0871947825495885,1.031346622084579,1.1643721759434356
1,0.15512768907402263,0.4336125209250371,0.6724335370017933
2,0.9278231379042885,0.5848114092029943,4.746156330088768
0,0.9457718801950248,0.9446830994596522,1.1409945233386662
1,0.24391995606641678,0.4544791041704216,1.0710972884798173
2,0.9181978640259674,0.7919822895504056,4.326415621884197
0,0.9977463488324,1.0193126333719191,1.0105872430346514
1,0.0534643468908545,0.013033209416521196,1.2618222241957293
2,0.8658055867670462,0.7568917673095797,4.218379545798207
0,1.0797270987986354,1.031090140507047,0.7755162524607039
1,0.09812684016804457,0.21104603208818024,0.836383361116526
2,0.5172368546692192,0.7200354523690791,4.0561310357153335
0,1.001923751447579,1.0748767415884095,1.0216612269888348
1,0.2612259987869101,0.357993915271158,1.057364800289833
2,0.880443819198226,0.7427109184127261,4.780660933429935
0,0.9907479241963074,0.9802750241447272,1.1439684092656446
1,-0.06962033516046506,-0.12988721952986515,1.1360500718137563
2,0.9506393237340242,0.6622552492995772,3.6224218041747855
0,1.0556805586457485,1.0101636696913672,1.3417598094482304
1,0.6136539896093699,0.06255042026028607,1.2190868001909894
2,1.0121317778875474,0.8509726408614421,4.305325460215094
0,0.9509738962931604,1.0620721232447399,1.1155059525647653
1,0.09060326794231555,0.2656721256694299,1.1756610481417447
2,0.8249798036097261,1.0551469677444019,3.061183145163769
0,1.0473286129902233,0.9835268913998731,0.8427842975538259
1,0.002977983877256979,0.4676875948783429,0.9165938156117472
2,0.9388119151545327,0.9466523419923333,3.5155579869198887
0,1.0180088881407465,0.9715742321106974,1.308917387283414
1,0.36219687630016656,0.18661176580541558,0.9658251440070635
2,1.0606411426510178,0.695681705985504,2.803699897955772
0,0.9861066849190684,0.9696272689004104,0.9988539439571921
1,0.03675452726434253,0.5113678506875455,1.164857658710529
2,0.5761085582956174,0.6345155576275792,3.217796059487816
0,0.940699262291591,1.0093805730915386,1.061215955744824
1,0.19193950230372075,0.2603045252832947,0.849070466848726
2,0.645848806071672,0.7440563944086704,2.8907791673271115
0,1.0286896725643844,0.9965605565320041,0.7853973961276671
1,0.05724977635245973,0.042265883976283114,0.48927252797766674
2,0.8918189017773714,0.9909234143321012,3.698461766184109
0,1.0383672353048503,0.9436403769091068,1.1874213653132164
1,0.22506523855667412,0.32377246299621476,0.6101819671542297
2,0.8261477468194313,0.8847142507786954,1.704118375232821
0,1.0221420060591615,1.0255889171973518,0.9895144414417767
1,0.09244919636346784,0.01626591328004795,0.6995169826905687
2,0.9329213080430712,1.037551034569805,2.8125397220033372
0,0.9951556563296957,0.970646924291325,1.03289403028091
1,0.11057572249158688,0.3272797772603368,1.1821431256259936
2,0.7512771023430911,0.5215059474857189,5.634394758434378
0,1.0219505675042717,1.0085569770266078,0.7076012341279689
1,0.13237021176986566,0.09155850833405703,0.7092037194628692
2,0.7957251065761874,1.0328646468844516,4.2426575097307415
0,0.9166898291396401,0.9647396086762545,1.0012875078317214
1,0.38377239573401856,0.3616996392593314,1.1538195076588245
2,0.8783618162553376,0.9549650789446524,2.943007766607389
0,1.0290041773914889,1.0128510392061176,1.1541802238667387
1,0.12782400866906862,0.29585952187491293,0.7811426656989343
2,0.6333939866052632,0.44376705140762235,4.465136768701198
0,1.0710651799840556,1.058224760219963,1.0153294187268787
1,0.20667917878672812,0.10917373665271961,0.9382705189245493
2,0.7874324718058574,0.6440580649854398,5.35012526637316
0,0.9214563400641359,0.9726640390689576,0.9183667059598226
1,0.3082292181687522,0.5249230554278074,1.2372534582950094
2,0.6998290837814256,0.8615310976648489,3.994682392000866
0,0.9900709519219498,1.0023770622308557,1.0787108773092573
1,0.33909233042968023,-0.03566110074105777,0.9069832987037996
2,0.7197143621448304,0.750803064467888,5.90167868916439
0,1.0671743591686569,1.0628414965801267,0.6565370787655718
1,0.37874343691146584,0.14407241719766534,1.1182948626497087
2,0.8290137516791055,0.8484135079403985,3.1460158879862066
0,0.9519745782379743,0.9865408801195581,0.9149688621758009
1,0.13363576669005617,0.44836191510155143,1.5824336259324032
2,0.9903704436057532,0.8819787975371683,4.668085711211453
0,0.9632901244400915,1.0966864464553672,1.2024878782604451
1,0.25031652828049783,0.09472699712431466,1.3145375088287907
2,0.7450251862210372,0.44918716344494464,2.960443819710563
0,1.025449602689563,1.0017801442029857,0.8968941693353616
1,0.23862032541375333,0.13541328774679884,0.9334530910417739
2,0.8673522617828758,0.8556572100661411,2.7823280749920745
0,0.9764169785302048,0.9319238963253581,1.0366854367580078
1,0.09950794271562986,0.2816993140821623,1.5034145115337916
2,0.8474367693879454,0.9047475649830586,3.9224824439253028
0,0.9832932362300852,1.0145004366858503,1.048149679369534
1,0.01770550427098902,0.030418191991004095,0.7504594242803764
2,0.9666489680130604,0.6533866120155302,3.9089911367093073
0,0.9893049420564579,0.9477221038431171,1.2772079225864534
1,0.15687291748933108,0.26535005008319734,1.1262041025045324
2,0.6338633873430471,0.7269658150390442,4.036741888158885
0,1.1148595609314613,1.004970247515674,1.3521224170596493
1,0.03614114799725879,0.060113042122772964,1.1415432785054067
2,0.9780367331928064,0.5781141856743077,4.541579084666907
0,0.9541384717682633,0.9126392980524299,0.9383053621911301
1,0.06952206184854542,0.19095166165021782,1.154925890623861
2,0.5883371454758823,0.7753649987724933,3.796982641814492
0,0.958061818874671,0.9444877388109982,1.01626964174291
1,0.3675541921015265,0.32105013154445794,0.8044113767124622
2,0.8325932984367561,0.9591034993028378,3.5564669344267776
0,0.9784993030152966,0.9742521246139532,0.8451457768788467
1,0.3795502099684917,0.3732274905207711,0.8868321310198466
2,1.0004787223588738,0.7228958778999225,4.954350351911562
0,1.07893180885973,0.9755141242610079,1.1597165898903254
1,0.17729229122744078,-0.1376871975335433,0.7167577238250598
2,0.3138424955839635,0.7431838630927289,4.446408196099025
0,1.096215647829736,0.9689817682837664,0.738360236526109
1,0.1065762062671602,0.1715194676620006,1.0613441535870665
2,0.8302062788682614,0.686852782592259,4.611224725019628
0,0.9182960722676738,0.9519752861990807,1.212287535177181
1,0.22295490757402858,0.31969333031962677,0.6993638673618181
2,0.7262157497069351,0.8083086057008134,5.15841908485827
0,1.0150582324641622,1.053085743773669,1.1046726592192626
1,0.1487209062450908,0.1916421053842179,0.8033959210361074
2,0.64624247814094,0.735645974970655,3.425912753736391
0,0.9850417279548696,1.0515939016962594,0.7433883223596108
1,0.33248831217536157,0.43488972097067247,1.0150544471477496
2,0.8127211928955744,0.8049633230553661,3.8076983148169816
0,0.9959234842527993,1.0403970976724275,0.9704073134301479
1,-0.009679459574442523,0.03425118245648362,1.1319906412581393
2,0.7784795080984291,0.6654994069064402,3.008236515202381
0,1.0973053896855463,0.9320952382736518,1.1873435050676946
1,-0.005404117214750898,0.38848043246812747,1.1039356696589622
2,0.8865311903702391,0.7420844542554356,3.113617828589485
0,1.004504327332879,0.9322692779428879,1.0236437958796742
1,-0.09739812915743745,0.48123886550182776,1.0251687244317986
2,0.974205034047103,0.7691597893085599,3.285614737547396
0,0.8994110245976996,0.985608789741822,0.9860320785688508
1,0.19752998575304176,0.41563921783732816,0.6901446851775326
2,0.6965309770613035,0.4375121611298665,3.5338694418919037
0,0.9260409938240721,0.9423277937353383,0.8085022067398906
1,0.33494579495811394,0.025244451868392415,1.1929920608670221
2,0.6305023272274684,0.5889396163016196,3.6431235681820837
0,1.008675207657377,0.954990512022174,1.061794384131807
1,0.22970131140021233,0.012963010995310054,0.9178265483562198
2,0.8183122659060833,1.0188627891551656,4.168862888838973
0,1.0349445434094793,1.0370976651429613,1.0523882757848315
1,0.19485224002637624,0.20963072053835435,1.0103702494780982
2,0.9176273487419505,0.8298723920208428,2.7751850925130563
0,1.0541508062211962,1.0356843121793509,0.831724691132261
1,-0.17534275763742113,0.2512932576483304,0.9670732156612536
2,0.997996222054145,0.46239694951306454,4.148565813958482
0,1.0640368493665109,0.9216769862112579,0.9090161866623113
1,0.11309266562971271,0.2464592300498055,0.8133419756620274
2,0.5250473711195847,0.8163973303879376,3.319118551556161
0,1.0324108806524748,1.0004040672511965,0.9394100835475732
1,0.2905620192736854,0.27922467836725207,0.7334594589347501
2,0.5840946625673218,0.9033410065803703,4.692951509860637
0,1.01315663892528,0.9810284130257629,0.9323232128061679
1,0.2582410288145287,0.24684963191619275,0.613096987887328
2,0.8029701372483283,0.6092138099589803,3.55974451228601
0,0.9930233133632524,1.0075129618110101,0.8138812100332549
1,0.2070304043824586,0.022695218070963752,0.9772575599764435
2,0.8424166422974908,0.7199397684398372,4.077781433542151
0,1.0024853698720904,1.0416074882261672,1.174583040755782
1,0.3732091079534927,0.27322732415849116,1.0748898422125284
2,0.4957872840385656,0.8045788569526966,5.447429522317772
0,1.010856440350201,0.9444477858120829,0.9102037376522931
1,0.3115683280066176,0.34116676053789274,1.1125418492250692
2,0.764335232420975,0.9867854961941418,5.228797422654782
0,0.928347824951142,1.044022562715158,0.6903929470670569
1,0.25470276407703346,0.043497190117756684,1.1528201150399884
2,0.6455558521431844,0.7480724082917035,3.603417195928287
0,0.9671116997313269,0.9785064324549502,0.7906663578787766
1,0.22707327997848914,0.32182858560772687,1.2203206184219824
2,0.7400884192883966,0.6020022142622226,4.908798647633448
0,0.9218319752864399,1.0667177067348919,0.8635171267105437
1,0.31852181914519406,0.28075649417498966,0.9703651338575582
2,0.7667537156386256,0.9108354160323856,1.3342693987742127
0,0.9919165377742636,1.0071542118435513,0.7222925455971447
1,0.26342868548277815,-0.07698104653336196,0.8893090644219925
2,0.9675891375584823,0.7317361103562738,4.897461707834802
0,0.9638057173178314,0.9799785210318365,1.2842799678337187
1,0.1348616427598272,0.011736366888719457,1.2457514338841074
2,0.7623516066091531,0.576005606919537,3.878548532865488
0,0.9481933565911901,1.09572525859627,0.8955012702814464
1,0.383059468142091,0.29833285416407174,0.7416990729950861
2,0.8449946959073544,1.017663116240667,5.042363864265797
0,1.0524524041356702,0.9624853504913458,1.1957543472732222
1,0.12506577169483435,0.36328583922437124,0.7067931592858958
2,0.5982065712987703,0.5793856708532293,4.236774593150221
0,0.9385537269351006,1.000915104284584,1.0888800555203857
1,0.033642864871340966,0.25875938654671915,0.9966342712939542
2,0.6245948036510247,0.8505147929809019,3.084213277147915
0,0.9215341001311727,1.0722871029291534,0.8329945190064485
1,0.3913853368852873,0.23931441549170346,1.1298823018400044
2,0.8298962064098511,0.7902611176074772,4.637084325142769
0,1.0777812386272387,1.0231566805210215,1.2640930745483863
1,0.20250960503243554,0.012784916708955318,0.7921357192140616
2,0.7183363268947868,0.8649694415164547,3.3049738858583395
0,0.9330316847226835,1.0181929228573636,0.6711426203645234
1,0.07522519023838038,0.4055553178515926,1.1626695406846792
2,0.6548126551318685,0.6605875349926326,2.922948011787066
0,1.0369597431766393,0.9911669828317664,1.2049303632488577
1,0.05457896420051231,0.33368902710194936,1.0629238474502685
2,0.5524151793627569,0.7824042103197548,2.529789923453983
0,0.9867690801264941,1.0682005289072856,1.0747277608831416
1,0.01962498421278963,0.37393675267491433,0.9979195413009648
2,0.7741933431641357,0.5135845657567264,4.196776403050395
0,0.955286246955324,1.0019170660177417,1.5083266656022878
1,0.30428100294109706,0.07854934642898241,1.1977196038998483
2,0.5902434708885305,0.839359802256622,4.135290322961668
0,1.0487537350148357,0.9839557787366986,1.01515884262473
1,0.171526192062761,0.27958029747246077,0.8336792653408965
2,0.916636607132419,0.5043568889358744,4.190291038682538
0,0.935014833008658,0.970952538491289,0.9943922894773136
1,0.5466280987830827,-0.06514958280388006,0.963745211208662
2,1.0537976012805599,0.9401853755414629,3.8016199506893136
0,0.9390250984694972,0.9532781147724514,1.0459356130196942
1,0.423419488502473,0.24450987169556898,1.2381865192927024
2,0.8275528944032897,0.696854658541273,4.87596207966537
0,0.9949614571084976,1.0865458418478515,1.1751601628810662
1,0.10420728409347417,0.19039941224391244,0.8877611203486606
2,0.911237654842992,0.8825163494454196,3.5422680669074254
0,1.0481469352439294,1.0118389480325096,0.7800897712202489
1,0.23868317955188054,0.3897495438799421,1.0761521341594877
2,0.9844585621417123,0.7171336679762375,4.018188192816218
0,0.9974086780008062,0.9988756290293217,0.7958949006594347
1,0.07663416042266824,0.31278013393504395,0.8907629544224104
2,0.7510448967504921,0.9381768234792789,4.555771666196957
0,1.0909966355790617,0.9758298411223729,1.0657850312423849
1,0.09880006607592262,0.29560078143813584,0.9911216282255231
2,0.7132225532803376,0.9761339554220285,3.845479792948677
0,0.930725160271863,1.0445704662870479,1.1726652115131437
1,0.4224327267109188,0.11138711161068056,0.6645945714307495
2,0.841755551153504,0.7035468972209035,2.8339516815799373
0,1.0457469949269818,1.0130678701744638,0.8246297702527315
1,0.37141847337225087,0.0574078818378983,0.7305692567508797
2,0.8730592863162352,0.8345716728313314,4.1143954414847315
0,1.00111467600812,0.955134405154184,0.7186879087423645
1,0.3386017171150869,0.10802195531292562,1.2068241072216785
2,0.7122891224158671,0.875575741482123,2.91704327958179
0,1.0494632859367712,0.9576183675163302,0.9439019911444363
1,0.03983765147386331,0.027401717425794725,0.8842511060409186
2,0.6565717718718997,0.7288527512639122,4.789378895738608
0,1.050263527995928,1.0394424172256418,1.1868863213698109
1,0.30305376062512246,0.3791446220515736,0.8347144233885878
2,1.0117909142138868,0.6142829086092774,3.3362839183459334
0,1.007015413457162,0.9996004526470438,0.708654634781063
1,0.17866744096913734,0.25689270403163655,0.9775350907676824
2,0.9140130563343978,0.7446436862608651,2.818590304637959
0,1.0301695271583295,1.1202205038767261,1.014154606658219
1,0.21920829993462043,-0.019979984915866167,0.8411615355696003
2,1.058753577982828,0.7883334322908617,3.9048867543453785
0,1.0084606332065096,0.9862139816270113,1.041912762445424
1,0.2040184260255684,0.2973617343006574,1.1436638210816972
2,0.8310779650914227,0.7273681643358583,4.27129735790554
0,1.0212667742304502,0.9597637290949493,1.131692453138496
1,0.2229788671746968,0.16373663594274535,0.6074758728302172
2,0.7247686311977515,0.9363924060542018,4.39216691103174
0,0.8794212176126079,0.9817073461062376,0.81407270748866
1,0.1114160936950698,0.1587393832894128,1.055112632946716
2,0.8773136185992639,0.962344617295134,3.9408691668864204
0,0.9392980320095158,1.0332542339807942,1.3583910842176812
1,0.1614624778476218,0.3491431038367283,0.7245985705100477
2,0.8380610673331774,0.905471815812188,5.550116920111162
0,0.9915018518159457,0.9884583442966742,1.130816833691909
1,0.42139244887808924,0.07252195639792497,1.1047664386646414
2,1.028558340827638,0.7183719735498972,4.132846664094709
0,0.8657052555722874,0.9649105971970158,1.0003507603854573
1,0.48572687515852286,0.1649071562571815,1.4184865459334208
2,0.7303481889035031,1.011511295964406,3.180877570832897
0,1.0195399264521614,0.9645209258983178,0.9527563045557479
1,0.48544210202998306,0.20481099945380485,1.3542687602168073
2,0.9569600560287446,0.810854863058311,3.2540482469207
0,1.0282395866525627,1.0501239634880295,1.0241569181647578
1,0.3433238906594568,0.4879049909460622,1.1366197497947939
2,0.7949754095536108,0.7541618137778677,4.057239281086404
0,0.9492662918378504,1.0363834520890578,0.8085517440353878
1,0.3367930261488714,-0.01111444749923085,0.9797218420350242
2,0.7586228344883621,0.801236409390655,4.095862964642544
0,0.9227344895690641,0.9239659566835643,1.009388607751907
1,0.06534111880788274,0.1673153385659556,1.0934294984108304
2,0.8713207920641921,0.9715238945497355,4.3631096428665925
0,0.8748810314600759,1.0092705864570486,1.2190585203785131
1,0.18593104786283113,0.10520727410756069,0.9515921679971968
2,0.6488137140568586,0.6238750757465078,3.3378134764464864
0,1.0250397655061638,0.9812201812682773,0.9990640840732002
1,-0.06918230580195739,0.30880914620525973,0.8346272613640794
2,0.8837165055565328,0.5020728933171232,2.6238604246862858
0,1.0658888775847053,1.0028142572926833,1.1239623098600229
1,0.4364824565619754,0.22253796546973778,0.9588325386741258
2,0.920171132306759,1.0454939622396549,4.596918845280607
0,1.026710842841712,0.9538370659596526,1.1116696588967672
1,-0.034277096242539995,0.16374558368184372,1.0108780162300508
2,0.7421117536344741,0.7754560542929378,3.496871116790758
0,1.1227219036679899,1.0353584648836038,1.3274113361647504
1,0.4915926913458007,0.05966232432134261,1.4236674643713885
2,0.8075913577726493,0.762578214672667,5.819191916980683
0,0.9480742644122244,0.9641027195585424,1.0794671231712396
1,0.10745924005864362,-0.018680804659327005,0.9178138115697504
2,0.7268022059751231,0.8122169614520145,3.92178764020765
0,0.9544661909315594,1.0153593470293152,1.3888793623805236
1,0.1468411606428916,0.12494191076144222,0.9574901239865639
2,0.8833143940705179,0.5231799941708215,3.4601313359982013
0,0.8751905029077961,0.9956277645826482,1.2167969462137989
1,0.3768830521421628,0.1738591456689794,0.6431916287930677
2,0.9191003339034376,0.7387006636342746,3.0499738559584375
0,0.911341976591952,1.0569058371949933,0.7839073021535606
1,0.042539588257136995,0.22365186950614557,1.054186909977784
2,1.1332863035505945,0.8317358364389232,3.498618603945669
0,1.0411953572892834,1.0650873191942702,0.9181262495402391
1,0.3674414698415468,0.2138299548234581,1.1745528921239339
2,0.7782867044115618,0.9558468591726504,3.422663118803544
0,0.9972786832844719,1.0425956560268204,1.038922892503349
1,0.1184192939872397,0.24734658599068432,0.6522175786447201
2,0.7615908718950999,0.8234818218069616,4.102170107437077
0,1.0606329801026255,1.0189380643404466,1.1586887203955183
1,0.2605064341265497,0.582464618115109,0.7685589988287274
2,0.7186304275909018,0.9643110717932135,3.316927192449694
0,1.0077689825869116,1.0154576941214273,0.8621472696855016
1,0.01217565828813641,-0.03910246546969459,1.2088379366529085
2,0.9997835702934218,0.8679962891308496,4.571756788496625
0,1.0473380602112432,1.021324404007855,1.1848411719244565
1,0.1833776776608651,0.2954896092312729,0.731205039466918
2,0.8933083814357529,0.8828771006044576,3.57829666247448
0,0.9860666774193407,0.9321773097401727,0.8790135254606017
1,0.27800771324803897,0.24554892548077092,1.21859497862333
2,0.9364079985561767,0.8818016859327541,3.954251683189393
0,1.052355619564299,1.007565447390797,0.6846904360557526
1,-0.07242070799850947,0.21315833297655762,1.0150487186717716
2,0.7376560365417414,0.5706983618586228,4.64509113894276
0,1.0448224856696504,0.9704724512476487,1.0429275778398075
1,0.2900816142094348,0.2706822856655294,0.8059939500210209
2,0.8100081448788055,0.9330909391089179,4.055607933772922
0,0.9524699286318423,0.9852704858364572,0.9081036413756346
1,0.40404426858375375,0.4865911756119827,0.8650465616719584
2,0.7302927716604515,0.897441792960103,1.805432065907044
0,1.0099443712861962,0.9603457814042096,0.9528404773314296
1,0.2655908567055202,0.11228487610432768,1.0762317044269738
2,0.8288970474490316,0.6692335907905855,3.7773553291838793
0,0.9931466991264335,0.9523991188383482,0.9917841094722867
1,0.338813655415213,0.20390788765456896,1.1899143562583414
2,0.856545928902614,0.7348957432942465,3.4362091994928887
0,1.0559348807082434,0.9492047478439658,0.8064017781517674
1,0.32254929443925395,0.25215655210082943,1.0974825854552055
2,0.7834144284064857,0.7255398116178111,4.13907341645043
0,1.0632383635588514,0.9526946156353353,0.9932736185943908
1,0.21239218190005082,0.15839831827293271,0.8807740056244999
2,0.9141134859900293,0.5639562712405923,4.530314980984348
0,0.9889710136752481,0.9638767451558335,1.119379549509673
1,0.2540938743891156,0.20718190642115303,0.8974861645405878
2,0.8919879913292289,1.0306507424578206,4.350959781582023
0,0.9317253824298115,0.9377670545652952,0.9708156689249593
1,0.42621308507285105,-0.22943109701153863,0.9830417098209949
2,0.8615899611829837,0.7363048045983287,3.4179413399597967
0,0.9433028802098204,1.0357973692684015,0.5869461252221755
1,0.19696027819570322,0.23120398918713325,0.8954927173172633
2,0.4079775945999527,0.5655876918111002,2.970839536959036
0,1.0980528282829236,1.020864835683324,1.2435835716705916
1,0.19722796632280426,0.2552614128201897,0.9384866280688815
2,0.866383369821739,0.8652049981550813,4.03631875996978
0,1.0452539289276628,0.9764405169507021,0.6929006504438175
1,0.01645760145208522,0.17939026548657686,1.2342820590964352
2,0.4694169242004358,0.9347628862079395,5.305739722900501
0,0.9582538937802476,0.9353643070804086,1.009250067213755
1,0.05993710713257713,0.17343085041825815,0.9821362263412653
2,0.7218377237095966,0.8796127724030295,4.486923348120719
0,1.0113778553391135,1.0415553469687027,1.2856274997862898
1,0.2511535466287715,0.35051383675661985,0.5905278213706253
2,0.9816637512222404,0.8922533876130038,3.9993749552227813
0,1.0429282382402816,0.9939171541599516,1.124318249426945
1,0.3615815481556155,0.29819736214492853,1.0058218791528284
2,1.3017320183139245,0.7588170228047272,5.61401724506483
0,0.9175357352676368,0.8890433025299276,0.868935426131113
1,0.1544618536813539,0.11702728560917212,1.1260021772421576
2,0.7532851760193584,0.6865279432133158,4.456305086223948
0,1.0319535822033783,0.9879487919381965,0.780631799415067
1,0.07481610447182027,0.24167738141330009,0.8470648367344206
2,0.7375359378036531,0.9430247665916344,2.5739375615261597
0,1.1160390480535691,1.013191117591857,1.1442245697290379
1,0.14879106512562745,0.27294255566273784,1.0846983897323428
2,0.8428404895018313,0.7590533302008501,3.8068884706531008
0,1.0368584691009397,0.8833286908623135,0.815009467531492
1,0.3063185966587002,0.03572569017139876,1.09688836323791
2,0.9221333841475032,0.6705409731266946,3.476458421963095
0,0.9683135313957589,1.0077642733002445,1.0893534743418054
1,0.448802341498456,0.14066907132256237,1.3065464518151575
2,0.9215704062708321,0.7409842495065789,2.667483845323015
0,1.0048794147191493,1.0224764060004958,0.8832549740681097
1,-0.005484606532325159,0.446359126662001,1.288879360643402
2,0.8198598819338544,0.7383421302831713,5.341108176061798
0,1.0350851800598748,0.9519921143269713,1.249391021232449
1,0.14487111131435337,0.3410449617568764,0.7436673447097895
2,0.5776651291723138,0.8427580352254334,4.677121839983691
0,0.978780659153469,1.0080401052440062,0.8817169661170079
1,-0.054071144251707115,0.2807062628107304,0.9726521741094993
2,0.589126686969245,0.7412714053655451,5.740203464346728
0,1.0000240800939721,0.9767533075244175,0.937597471294283
1,0.3276872718079541,0.26678016623222756,0.9433595989356216
2,0.9261284200995239,0.6786737567747406,3.7894836950140407
0,0.9744113978089541,1.0938227643495373,0.7117149130637925
1,-0.04077774111499147,0.24235096743541612,1.050848658953628
2,0.926895293604777,0.9205509385820195,4.487234042692821
0,1.0815623526679539,1.0045943257198997,0.9055607919349914
1,-0.13125993968216498,0.44100086350089096,0.8764940775211986
2,0.638365244629646,0.6505191674894962,4.672617446733642
0,1.0039228274748873,0.9748321088305397,1.2348812150179396
1,0.16372536508947705,0.3471206513340874,0.7680521906870195
2,0.8935562235822587,0.7936481743934822,4.194625898834601
0,1.0103088205305755,0.908270269225974,1.0256076604400477
1,-0.0011621840580404719,0.06720734545187132,1.0529255565847688
2,0.83838353801453,0.8804158236351085,5.514441683921074
0,0.992754112641863,0.9759604060480336,0.84941514561617
1,0.45525090804280843,0.017049313028429547,0.951056044125913
2,0.7716296197974014,0.9378455902213472,4.210493495119659
0,1.0018721628083889,0.9357425006653315,0.750808673756321
1,0.0752891851043213,0.1622670307449503,1.1184745749635319
2,0.7751348779972597,1.2440359363438882,4.717015942406216
0,1.0472421748046212,0.9792220713412683,1.322329133943224
1,-0.18393946699767183,0.1568571993147135,0.7612522087463701
2,1.1307078338858618,0.5236046910052639,4.630200202068063
0,1.0061378269291563,1.0136243175307507,1.0511277965184707
1,0.2073331372532108,0.2040262790611124,1.2833241175019978
2,0.8258237562385762,0.9688711693260228,3.7288223870941506
0,1.0079808267002253,0.9850331559085082,0.7810541116239085
1,-0.03592118519378262,0.2529515500681426,1.0810329176383373
2,1.1779069788054568,0.8587173138559853,5.289388630508064
0,0.9919198298973271,0.9899236544609247,1.2059028604546769
1,0.39053303449581445,0.11841680028645062,0.9214142973546784
2,0.8852914470478119,0.7753974254734372,4.855608232067129
0,0.9767146358131208,1.0638867009015367,0.7561476497788262
1,-0.026645673200457937,0.1930440165794956,1.0278163525601116
2,0.804894501457759,0.8658850318291638,3.9142807978516743
0,0.9618473641716732,1.0376166289204194,0.8989699393015138
1,0.25964022539876846,0.1382361002237159,1.1150386444785867
2,0.901053430317882,0.6724103230841797,3.5391182230530416
0,0.9335229735151381,1.0284861479509728,1.0682758358940143
1,-0.13126488410421827,0.24756426122713826,1.2505859169679931
2,0.6294694611180609,0.6391431860022716,3.0674494301058965
0,1.021895745728987,0.8289046369298869,1.2102482706634854
1,-0.04077860505902431,0.33963450055005207,0.6587564287671511
2,0.6096933895806148,0.956912512920358,4.601226062214072
0,1.0791579241647205,0.8854117320608945,0.902987931004976
1,0.18929208462864305,0.30984301205536846,1.0838110049162835
2,0.7026658898093898,1.0909094663056247,3.3527502206227773
0,1.0288181921272193,0.9554058045568314,0.900744937087951
1,0.3033258383144872,-0.0010574403770221563,0.752599635570369
2,0.8826449088068221,1.0127995457666599,4.124226445797254
0,0.8935761321748972,1.0491254971074861,1.1229729602039755
1,0.3161563115964824,0.21804589491748644,1.3031992921432776
2,0.7677218417981534,0.9413978716659265,4.0032330733595405
0,1.036488167070229,1.030868916444836,0.735847189067999
1,0.22409597003181633,0.11255736375758116,0.8765461613549669
2,0.6500250485012059,0.9938855438148398,4.517736998984597
0,0.9684984052258157,0.9906311393040612,0.623011560583127
1,0.025058842305954926,0.26927338290745684,0.9835887345218348
2,0.8999338557740216,0.7267508571049414,4.444921786107516
0,1.0098560966751458,0.97478088021406,0.29317569533725485
1,0.14749225010110067,-0.030179085037749243,1.1662930519765684
2,0.6107669630000825,1.1754144935804005,4.276335821472878
0,1.0048878307583669,0.947427849775209,1.3305835684797462
1,0.012173830347743025,0.293509106433907,0.8143581833803777
2,0.5903252515794288,1.0084714954787009,4.005126129269378
0,0.9930535257946645,1.0636071384563452,1.2160059316379366
1,0.2991985373945977,0.24213029739511685,0.5158130810780562
2,0.8471185090369014,1.0452958384784046,3.690029586781818
0,1.030040646526302,1.0201142434709278,0.5849113008658602
1,0.32282775399900343,-0.18834048824632427,0.8280277755026696
2,0.6357716630635386,0.71596855742414,3.7123711776651986
0,0.94842559781774,1.0441270033082128,1.1544450190764661
1,0.31366821889281904,-0.06695274960897374,0.8386343969865692
2,0.913945363138915,0.9568199581971003,4.029164171531985
0,1.031727158065107,1.0021075921104443,1.2990900445599447
1,0.5063896784312294,0.134982196251909,1.0465489394328158
2,0.694247372064799,0.764435794110625,3.0043483351697158
0,1.0759079859076404,1.028759367934784,1.1062905674756907
1,0.15079712482623694,0.0985926439113523,0.6828891009550518
2,0.94217622167128,0.7454779412756988,4.450553911353273
0,1.1074530936634595,1.0239693340903655,1.1746773410170646
1,0.24805999321400388,0.37101013729165333,0.979705308165465
2,0.7529686401803585,0.7750061064787771,4.123597210562408
0,0.9692298289142158,1.0412425066246305,0.9334664771370584
1,0.26988790418067055,0.34637208729186875,0.6542240868482965
2,0.6326402619259136,0.934571209535783,2.9366895656111556
0,1.0107656206043403,1.0300206998207844,0.9369235908525091
1,0.4515143111375853,0.14244344598993597,1.0872407324186024
2,0.6661903438936981,0.7020980632600088,5.4461596113004145
0,1.0321667172142057,1.0091121656445443,0.9642859034675328
1,0.45295097916207516,-0.16379172118373442,1.0034739193831819
2,0.7394849949846081,0.8344560918586162,5.642142515110254
0,1.069861163562839,0.9566820480558392,1.1425135699869846
1,0.1732245418278575,0.249174558494699,1.2183716752031835
2,0.8280816607977445,1.1093607842384623,5.233067009631698
0,0.9749607215500039,1.035431762160233,1.2657651748087393
1,0.4232218991076566,0.07643865155713375,0.9788845103362743
2,0.8393479324742533,0.5691737349224032,5.635231582679241
0,1.0807026490290186,0.9826657199016156,0.9288006049517308
1,0.0756694069889498,0.1800638015696633,0.9927198388399301
2,0.7938638036523087,0.6846760455745841,4.248534922233246
0,0.9526381672988283,1.0112582698536599,1.2338850869687765
1,0.24003279633711855,0.04505457174222058,0.9664552477092518
2,0.7925703194879031,0.48015260914754637,4.02828150690323
0,1.034333128424321,1.0269924457606958,0.9519969173302006
1,0.3373069788795507,0.4497681700446784,0.7608225057846935
2,0.9834255670577552,0.8202981037381805,3.0678493776999685
0,0.9983967808511135,1.0968707456925266,0.9550871757810182
1,0.0064691693978811415,0.19273639684232205,1.0694418677145385
2,0.6986184032279389,0.9044598675857974,3.139730603430998
0,0.9521521761759624,1.0279185721696058,1.195669064708716
1,0.11200437636661806,0.1939331417984753,1.0493596760110233
2,0.8701175900937772,0.9442187012345452,4.419921645282364
0,1.0218053813223675,0.9534200898393697,1.0312718861765775
1,0.30706448910252093,0.10123443216895582,1.129771540417179
2,0.9363783998159682,0.9312421947855184,4.990255799295964
0,0.976804535839766,0.9515345652655719,1.097603458810329
1,0.20300802481751526,0.14232094498809916,0.7791297428727966
2,1.1193279542190098,0.932694095520076,3.1395586187439504
0,1.0063200363352758,0.9900677084493512,0.7911836602720754
1,0.24919964061021255,0.09871337811234807,1.1073758938084535
2,0.9583541400221457,0.8109007182896634,2.779042939449631
0,1.052461842129627,0.9678110931779945,0.9798213359021569
1,0.4007678558890573,0.20079110480345347,0.8009714832547269
2,0.9960733709511139,0.8586035550175105,4.305759965939769
0,0.9473876417869178,0.991658701199349,0.5262593172207526
1,0.15321540952448695,0.2459387839219987,0.597967128557306
2,0.7269369359341155,1.0431925716622803,3.532203865551984
0,1.0506447328193325,1.036060199230444,1.336169675546864
1,0.44254261703000125,0.03438947301392378,0.8104313526026904
2,0.644129593512095,0.588535904695076,3.4977539455906164
0,0.8940756910024948,1.0508246504051477,0.6545671655474155
1,0.1965312724180819,0.2664601037353342,1.1830783000420653
2,0.897719740245539,0.7327133208674728,3.450086748032448
0,1.1175722843458515,1.008171275765417,1.3214091924873097
1,0.2843377656089971,0.1711980412460847,0.999285372052575
2,0.8891644483711635,0.7225055699286728,6.066161394503751
0,1.1125603950957028,0.9563628378716797,0.9927801157133583
1,0.1110889530257401,0.27582840927552743,1.0022412411835044
2,0.7263051935043414,0.9459278527022698,5.253073305872118
0,0.9654539419948759,1.003186902046892,0.8170892027151326
1,0.19190360123811448,0.2346416315368847,1.2799999956469978
2,0.866119243983228,0.5400798161795348,4.495037588692776
0,0.9795545044704029,0.9854539141006977,1.2347573047332552
1,0.12373945766820098,0.3700564985183109,1.1273849293312734
2,0.7519660681723902,0.6355215187162266,3.1229246105442616
0,1.0073439522941412,1.0651967557089264,1.110609600590729
1,-0.02523721659390249,-0.1278810609520183,0.9521035059605734
2,0.8052966288792359,0.8989417577642926,3.616162580724748
0,0.9706154273151444,1.0398758572257958,1.2432942662222877
1,0.18748973736716798,0.2992986061459172,0.6542195384412368
2,0.8192848417361417,0.6839281197233869,4.149231040609951
0,0.9624671550711767,1.0920779562313607,1.3244741449850799
1,0.20129970766105715,0.5178173900916112,1.1279210128926584
2,0.7600099507055302,1.1475245716522953,3.2419091936547746
0,0.9205693534987498,0.9954301530951085,0.9993689701831466
1,0.04527123575480799,0.06427266012577704,0.9308105133424768
2,0.5998035478897944,0.9905977422183118,2.785199002679808
0,0.9927383226015384,1.034515775090096,0.9452150496722355
1,0.16318970697213747,0.2610244961997922,1.2307586259199446
2,0.6979989682453928,0.6900764738888864,2.585534378966698
0,1.0515316794494638,1.0457233634762848,0.8970948262085301
1,-0.0506322698542081,0.2070382276692574,1.0871854870845605
2,0.5002513385432878,0.966694530568589,4.540665255329496
0,1.0336879217675634,1.0775076420415228,1.0536762426708457
1,0.10754369429072871,0.42526742217324137,1.0842004078422496
2,0.7459409647359068,0.9906522445506104,4.222684154219096
0,0.9654976610184245,1.0281029736883327,1.1675868195103662
1,-0.027596012134256387,0.2108996376993439,0.6109206132404996
2,0.9791227273889529,0.8239097883182863,3.656644478822249
0,0.9896064855091551,0.9668711391654304,1.2958833103990903
1,0.3481749617283496,0.2871366902668587,1.1008752413309004
2,1.0059612245892542,0.8100488095061871,3.746016733342161
0,1.0028483912035344,1.0550704589066158,0.8022446750499703
1,0.20283677909538853,0.13891730530106844,0.8095443342525593
2,0.6396376786431018,0.8216899901101072,4.3788016902085385
0,1.0022668531028178,0.9285747064143508,1.0244720410167583
1,0.32823567638514245,0.2853392516101203,1.184238021216737
2,0.8697397761664162,0.7584254314003727,3.5547207058655457
0,1.0644223537091921,1.1043879532525807,0.9207036834070427
1,0.3934670304781674,0.0931397164645383,0.8080855531092078
2,0.7199642584038342,0.7555348011278284,3.0606781505766456
0,0.9836517999723043,0.9872765544507639,0.983936926044958
1,0.2731303441705747,0.08405376647773428,1.2486387738431515
2,0.7648346112225994,0.7464252997378978,4.770278083948936
0,0.9773179998532966,0.9751455789519092,0.8053937696675123
1,0.18380148057244317,0.47552183703253986,0.9587897582602126
2,0.5693894030902316,0.6934400503855775,5.269408253548217
0,1.014610053770799,1.0251628206181882,0.790472542677879
1,0.3273627738087713,0.28675459902970124,0.8892957062372441
2,0.5657205970986576,0.8760216261267189,4.056526302449328
0,0.9284080575793738,0.9391795149226424,0.8263471158649328
1,0.24872953180242602,0.3238522689418871,1.1226459200080507
2,1.0293902190268973,0.7072394237457045,4.654308412793897
0,1.01355505755649,1.0117178716117494,1.0247348084344248
1,0.1818563306042708,0.11874713438185423,0.7940806153135678
2,0.9102378070731616,0.9538730022945816,2.5683684807162166
0,1.0044197401192894,0.9939054785724551,1.0870639985249417
1,0.23803378430045746,0.23561484080601677,0.9664704277360601
2,0.6973696753791163,0.6551673586695327,2.558061683934194
0,1.0412695608828781,1.044041869383671,1.0544655231744986
1,0.10437968568136685,0.03136504518248623,1.120916180885054
2,0.8207704986588511,0.8248034696347101,3.15013717637666
0,0.9132866779444703,1.1046830231519478,1.0525116858856107
1,-0.028776121926094078,0.12204881983734622,1.000536614324536
2,0.6964888101205857,0.9524074816191351,2.791599026963066
0,1.0217048225045933,1.0518800237190542,1.0927705509216572
1,0.15811062699843942,0.23225935338330456,0.7245475535637927
2,1.1411493079420514,0.6836073211770285,4.626751272936241
0,0.8814949746055313,1.0267660999568684,1.1075537342433945
1,0.14286737178575376,0.24475465630385737,0.9391072631793872
2,0.6583329377654928,0.7020412916574165,3.522812808818379
0,1.0524158283575806,0.9299054933996711,1.0701203979118428
1,0.207015447724249,0.13920998121498346,0.592148649957453
2,0.7511106184519649,0.5387622288419764,4.051194341499731
0,0.8807974639348779,0.9762254422347528,0.891785215489455
1,0.10391607525660211,0.17206325330076733,1.4334724315893475
2,0.947574222870244,1.0267948776518585,3.503025048857907
0,1.0321206069617475,1.0290453631398988,1.0805680634794068
1,0.08797587244783614,0.17988695934623986,1.1021374207027357
2,0.63333538083779,0.5399178568668073,4.185504674964559
0,1.0194877114003331,1.0589503202568928,1.260987569535617
1,0.29576084237995626,0.18920026229138745,0.43717047704331535
2,0.8066296343169714,0.8648495066336389,3.809271411004136
0,0.963616538893313,0.9542810112889154,0.6378911191668224
1,0.14781066913298307,0.22593760754861228,0.6532255107281857
2,0.864344393423514,1.0273662415777538,5.485938652094282
0,1.0842139374477973,1.0894839473632802,1.3973305019096214
1,-0.01014073269674351,0.28278395882745694,1.6850625512929565
2,0.9222974181277046,0.7640780572165417,3.9074068706499117
0,0.9467205790117843,1.030693143446855,1.624624907792891
1,0.6140768374661907,0.27241033190157427,0.9209330614242217
2,1.1505102472399853,0.9175107467823964,3.371643560908021
0,0.9609543970027903,1.059454555376577,1.0878823195051652
1,0.19511498854414674,0.048958103039799666,1.1193458480918705
2,1.0195715958948395,0.5711929348086535,4.593891238290758
0,0.9467379450863861,1.0091289290589025,0.8657180058672107
1,0.28801980497277635,0.01750889279474202,1.3232821126091359
2,0.8084697539762047,0.792876626418018,5.35542500735966
0,1.020032346486941,0.9409316902960847,0.9869742661698835
1,0.0664940776750752,0.25281801367480355,1.0693789414176724
2,0.9537146743462743,0.6204017697300246,4.899600699669118
0,1.0481278024054317,1.0538709980693306,1.1854300994834208
1,0.3650252598842187,0.2901482834600081,0.8231390743715088
2,0.6580187456411819,0.7548551124147886,3.3854864959051536
0,1.0353930997873697,1.006837962738743,1.2632502593536437
1,0.2739435988068767,0.37868581057549977,1.3356633255956267
2,0.7655736314739745,0.7487988754128314,4.959759067946619
0,1.0369108849223287,1.0815981847891507,1.3003598766338007
1,0.23405876303755765,0.15946587327933953,0.9709004168078439
2,0.5095256213695418,0.7393303674436235,3.7196433411130703
0,1.020738903137956,1.0598444073667523,0.9335477172555415
1,0.18807594153580692,0.18861892518448586,1.1815209861473943
2,0.5408285813551623,1.0657972228045411,4.695411897862984
0,1.0535521830964072,1.028186404341203,0.8492202771855402
1,0.09627356489041625,0.0890220068984755,0.7305577764520712
2,1.0014174227474837,0.8488562133031666,4.352062093133157
0,1.094885475753648,0.9861188549890435,0.867131344367464
1,0.16195396549210447,0.27454503673691066,0.9178772864435571
2,0.8834717359902444,0.8633624391426563,4.473784520023936
0,0.9988188215188147,0.9153268860249438,0.8501468389082089
1,0.0664919537611228,-0.08188615765438995,1.1312627109197824
2,0.9389481809148902,0.8241166833869613,5.217052236663472
0,0.9460872119830641,1.0808848092757894,0.9408687831987798
1,0.2528437453998483,0.36980579940032227,1.0243909864417777
2,0.7674664149507963,0.76042745688444,3.738392476453461
0,1.00301806300479,0.9016675903018668,0.8323147696388906
1,0.25376894507498493,-0.07575550906033812,0.9616079433056729
2,1.0663436604539378,0.7139029800575288,2.953225538132714
0,0.9669694634380881,1.0471268322959695,0.8261793431202865
1,0.1989241314531112,0.23950854340056454,0.9897088273537238
2,0.7849661084107533,0.5490032899662467,4.614715287628755
0,1.0383740120194567,1.0270296731110897,0.667475406250561
1,0.03809120613333952,0.29409998399611015,1.1570047738978257
2,0.6526222107222663,0.8748137270752647,4.162808418428062
0,0.9888824714680733,1.0183745679827754,1.0981825605481497
1,0.09407670966455325,0.1027970997567956,1.0221206679486208
2,0.626545145384969,0.7141336157366015,3.8244455014272396
0,0.9539075172640211,0.9989220965576971,1.1466564976566602
1,0.208300121527966,0.028582109751872947,0.8912292604324112
2,0.6305474391935287,0.9357020076654994,4.659790259349235
0,0.964603631732867,0.9807786705247523,1.021748267120801
1,-0.06372175558508092,0.0964072823583172,1.07300090768897
2,0.9766041029741531,0.9646390057439795,4.47730253988069
0,0.9565735217454266,0.9601924162943414,0.871041310354503
1,0.18509050305594793,0.03616868170693727,1.0454193254612048
2,0.7950839090206674,0.8745621492210948,4.654454723060223
0,1.0179441576652777,1.000633842786706,0.9132033740212626
1,0.22720731454454185,0.1626853588214653,1.111644137072041
2,0.7127741149615315,0.6841718076644123,4.238031381338303
0,0.94534136660582,1.0124294742529012,1.0832735601910632
1,0.0030153937003156994,0.28752383116939884,0.9793900433681484
2,0.7013300511736967,0.9831527797690458,3.915952410506359
0,0.9558741460301385,0.955958151608683,0.9738086434150584
1,0.18458500626969246,0.3810907540624988,0.5566327021932238
2,0.7773930190716025,0.7142064777952426,3.0087495174313497
0,0.9430929119425776,0.945467855458999,1.1128530711472435
1,0.4039778684432167,0.3385345617699561,1.4169437341974291
2,1.091092902266546,0.4625768230840721,4.95882673624803
0,1.052203595540688,1.005751935991974,0.7882727258648582
1,0.3803596324234634,0.18772706859574562,0.8318376963577795
2,0.6211251892051661,0.8060910334747209,4.2691644208023245
0,1.0583224831316833,1.0434968925854302,1.2658206722277527
1,0.06200758109837187,0.2551475420268238,0.6710736981559007
2,0.6766625089916383,0.8428091159308618,3.538419457649617
0,1.0277178540058554,1.0492044249387835,0.9278696026880873
1,0.19007324227985645,0.3081708833691911,0.9441732195488302
2,0.6918838592418214,0.8355290530816104,4.647208820059976
0,0.9818104866654949,0.974554571060913,1.2460363317921659
1,0.30908503473677,0.2217334007286777,0.8758052878138423
2,1.131679127004189,0.9752852124103623,3.7047366323499387
0,1.0088267942695424,0.9447124905988856,1.5615826925263487
1,0.14302659929637374,0.1688340719436711,0.8157681942555195
2,0.9990086550539221,0.4283176088153284,3.4134049439577785
0,1.0546846220126072,0.9535182676788131,1.1706361439942217
1,0.3305506851492378,0.3241294319544799,0.7825446373405397
2,0.6733022225028861,0.8213894049311792,3.36093240317965
0,1.0130222354167184,0.9396155001910341,1.1010529227584565
1,0.41892527744057173,0.1363262715630077,0.8578165434549078
2,0.8982918551521888,0.6348434015445025,4.4234640968326
0,1.0053900107391378,1.0374025468517216,1.2341816236363348
1,-0.07533242778649935,-0.009906982536731196,1.2524704747282913
2,0.7037824774512198,0.6071941034455598,4.477981023027333
0,1.0219687062551095,1.0425831348650332,1.0424072793118029
1,0.4957348655427523,0.45762191319761697,1.14364729917725
2,0.49378819507244937,0.5797032828879077,3.8519774921075474
0,0.9273940799680516,1.0303446007535009,1.3706455820125272
1,0.37805705040334386,0.3817182014142707,0.7256038506120122
2,0.8686948614304933,1.1271874173392251,3.4791744457346003
0,0.9675567524130904,1.0847849412323962,1.1257203398809636
1,0.2450859677476823,0.037633401268720806,1.0469950293992725
2,0.6229619116354898,0.8692192913441477,4.535291113775708
0,0.971378908124142,0.990090447506755,0.9737141026275971
1,0.10871246310048746,0.34825466592290966,0.8302647902861862
2,0.8076700113424623,0.7862026078641088,3.72181199262393
0,1.0841492389974619,1.0773313231808868,0.948297599326939
1,0.3440452473169979,-0.037428696771017456,0.9933110173156987
2,1.1049920897822285,0.935188665007869,4.524842082658507
0,1.04622120074343,0.9629577797457577,1.1377242510678696
1,0.012094500731569896,0.00623310491521048,0.9831942996713693
2,0.8450092744903757,0.9210395892275077,3.568579687925469
0,0.9539332166691336,1.1186138464227353,0.6771005986120634
1,0.04388094251340832,0.20101003883082053,0.8099038685857236
2,0.9773751875322967,1.0482549539386576,3.978179894408915
0,0.9885842161026883,0.9925983122685037,0.9717303531976772
1,0.06502036368231923,0.16688010584414809,0.922733384465003
2,0.8816491187198414,0.8482568874523022,3.959977329709738
0,1.0125556862275433,0.9521858746815173,0.9489910577548504
1,0.3717851350283057,0.26899148240321274,1.2051399506899616
2,0.7548161525057432,0.8538017475599794,3.9629329152682735
0,1.0593082004913206,0.9167068541624318,0.9232160518103997
1,0.3120844942246638,0.2800786163452039,0.733345496996862
2,0.47415721891369583,0.7641088541816206,3.441330320108267
0,0.9488767813074629,0.99505700207207,1.260424292012977
1,-0.012257075843140924,0.20932502851368937,1.163689120603478
2,0.8447536372873704,0.733769903312262,4.551047150400382
0,0.9920861230710809,0.9861329039839247,1.0505736778440096
1,0.19004437625254755,0.17851088894198114,1.106553136754126
2,1.0430829949132157,0.5800176446409497,4.672656429289113
0,1.0434722927264029,0.911128608449008,1.072973873318797
1,0.2154652042268065,0.4655418124830881,1.2836943505310152
2,0.6755431555109213,0.8624264323546385,4.087171034112087
0,0.9868002455309958,0.9113312651195875,1.4824507133666243
1,0.41983358882903754,0.4048894472512786,0.46717639329820004
2,0.9765603264815029,0.730409513544076,4.745550804126919
0,0.9821529686444194,0.9384284626340154,0.8459190820891296
1,0.25613779915800017,0.21585029263407682,1.1633610692786653
2,0.737271046352258,0.8715442645252819,4.355542000421188
0,0.9457411661988053,1.0837076911591288,1.3227728888922734
1,0.31864066895824145,0.4642271765014045,0.7510859815023903
2,0.8022309478183945,0.811675736166718,3.4919248978755064
0,1.0593756390221447,0.9829982316968594,1.0888853884043461
1,0.3210832662235426,0.27699427194174875,0.9358356915726422
2,0.6661240650507259,0.9104654836944083,3.591836613500534
0,0.9985085844938697,0.9740902248570317,1.0337225436280906
1,0.16860883816068045,0.06177838743885394,1.040707255775274
2,0.8916674023177199,0.9814224333174398,4.116394505375089
0,1.0198144972007126,0.9367014479378195,0.8575564481822355
1,0.17197799792295043,0.19633189420750083,0.9698773676449652
2,0.847328040121482,0.587027061446556,3.3664394438136602
0,0.9952344819770758,1.0489896640816319,0.7890369801649887
1,0.17031471506463725,0.00961156713590372,0.7571789126066129
2,0.5813731824625832,0.7760218116846471,3.9985294058087173
0,1.035792397888756,0.9893446867731638,0.8583638871143225
1,0.0542932054144723,-0.15251274602320475,0.9227817041763682
2,0.9285039725526302,0.594055434682584,2.621472945509575
0,0.9500099512132866,0.979487411788314,0.9458603442221674
1,0.26948622378039083,0.003503914049869994,0.6630153137444095
2,0.9027388436345042,0.6564669067401567,4.3269442630845685
0,1.0244790526949485,1.0324485611009695,0.8921392809417952
1,0.45600793817835655,-0.08800893155439626,0.8383531001798173
2,0.6654702706208728,0.6626112174962251,3.792548769231687
0,1.028090109860492,0.9319524569464981,1.0709206135709268
1,0.24715574035993298,0.1412540279043322,0.9581337182702111
2,0.5279736445953973,0.8587245040178461,3.4012789300916437
0,0.9779317189658541,1.0219901995679923,0.6436711928131207
1,0.23398139642679794,0.00660090793671711,0.8384763428722615
2,0.7975774226567596,0.5928821582424271,4.077154724582396
0,0.9801965819583224,1.00833618364675,1.0610292047744394
1,0.07893618648444056,0.12647954207977324,0.9266644799703667
2,0.8561276657422707,0.6280705827116475,4.896664630162673
0,0.9503737283546901,0.9413547636286628,0.9667812071357553
1,0.06370068246611751,0.3603881513311725,0.8527815402556052
2,0.8013813385199043,0.8917334029149846,3.79350420126202
0,0.992627938846464,0.9504454654733985,0.6797921532999218
1,0.36810673375463243,-0.022688189890168187,1.0442098432578495
2,0.8774173457635757,0.6291452503194712,4.184011100934989
0,1.0420444385699974,0.9925794059016207,1.0863966361623232
1,0.22632840684511302,0.23357924480260145,0.957227064950612
2,0.6659964656084321,0.6892733577047214,3.1691903099574765
0,0.998544396005327,0.9353090816068633,1.0831811027425111
1,0.17245458565909053,0.37898334115725224,1.1075815645536116
2,1.0626795045577,0.8318932287873225,3.4528805147838817
0,1.0307433057384403,0.9513829005534061,1.029415171886665
1,0.30358498611790163,0.16174792781959552,1.2068593692679883
2,0.728564627408145,0.8066039891002894,5.563077550115885
0,0.9972717640135403,0.9969779081936864,1.4075762132415957
1,0.0705266646638178,0.404752075632572,0.9761367332683801
2,0.9670621595632891,0.7543366283242433,4.355473800327358
0,1.009350269769768,1.0115647187969394,0.9388399848842324
1,0.06317431407124671,0.45420802950642825,1.093696597416338
2,0.7940772859299959,1.253876621771497,4.022493875333115
0,0.9830650839432222,0.9715812246357713,1.088472058908309
1,0.007599155700047794,0.3645762385497021,0.7033676051304023
2,0.502466141125725,0.900593552064745,4.704373801988758
0,1.0604881681674554,1.0339900767289034,0.9856429113682863
1,0.4230930849553918,0.10202437515258762,0.9251591721392919
2,0.8845861540502002,0.8273361017015997,4.767355267045321
0,0.9931709821854237,0.9430569969644143,1.0702917840247779
1,0.14729412412060383,0.3162655374587466,0.910905205625387
2,0.8991699806934179,0.7399894925631247,3.675287135335653
0,1.121662794484391,0.921347906081309,0.8032976031378563
1,0.014965706648953109,0.19439096871395714,1.2071701649631494
2,0.8132535286345051,0.6926321476977071,3.6609695792591483
0,0.8886123737269941,1.0035387839553433,1.1243183149969445
1,0.44131861594448896,0.33158311203849294,0.9181053677701111
2,0.7499430972931326,0.7113678720580767,3.8585324977727207
0,1.0998514849693408,0.8836868843190616,0.9586022080230476
1,0.2667974500417918,0.267189455171079,0.9724641071814274
2,0.908862946824419,0.7797833543099807,3.7842789565375594
0,0.9903043830897462,0.9343875350514892,0.9418748969243922
1,-0.0032133395036685886,0.1320243909700735,1.1450904473640657
2,0.9887720202987709,1.067487730466884,3.0601938284068706
0,1.043295186716872,0.9426773791447639,0.8656807888167736
1,0.05505956036759069,0.13014453531021553,0.9660471814916206
2,0.7056455572095943,0.8048516223675217,4.27207316219985
0,0.8923882633731368,0.9544841069325547,0.7634832630263452
1,0.3450950459686031,0.05692624712687086,1.0647551510670759
2,0.9071745036765708,0.9050849996777527,3.0801617109329036
0,0.9981317536726663,1.0478447957396144,1.1792743629312512
1,0.3179965946454034,0.2848027429267795,0.7804665242119262
2,0.5678592210228999,0.7752922214102661,4.245266956952959
0,1.001660439458338,0.9581698764517564,1.0978135646687803
1,0.16078594359868534,0.41374024262197645,0.7145183838816245
2,0.8998546366973185,0.5678536627010391,3.9730936918953463
0,1.0084819271399188,0.9733505460836132,1.154116777329123
1,0.09120388670574768,0.25403169936312864,1.196739214603041
2,0.6787367182487714,0.7353070986642373,4.129406873176103
0,1.0095793488094773,1.0510345143552973,1.2012709830147237
1,0.2626724484581976,0.460556170035964,1.0099340676527604
2,1.0386992332726241,0.5541870848966816,5.218234857077639
0,0.9793135784366782,1.0154372014698232,0.7887082317278243
1,0.10023290678927538,0.12495575277641414,0.9214644457197458
2,1.1119058355481821,0.38535631310010965,4.313085993054925
0,0.9514801669968832,1.0664022980252015,1.1997567464478927
1,0.13181603488870464,0.04432273344020829,0.8027837538692708
2,0.7520225295092652,0.9837834498202935,5.178883921691897
0,1.0480387892137961,0.9445450116060702,1.5416127904540677
1,0.26889403415982305,-0.07125854573542567,1.308271672277654
2,0.7407322004307025,0.9736771039960519,3.5410826342775596
0,1.0549380486672952,1.0515460731033182,1.0601151552223358
1,0.13196782677572852,-0.11866222532047543,1.3182250441846182
2,0.5145765541691714,0.6692616443098143,6.254421864208799
0,1.0714886742391805,0.9979455084302745,1.3123429416775383
1,0.5126631300465215,0.08461481124147313,0.9177114352885991
2,0.868333763156461,0.8162247724320164,4.067402004781504
0,1.0209892296330125,0.9477414351667925,0.8591850394207443
1,0.012802779417070753,0.33520276569389507,1.059271451662164
2,0.6128539399901779,0.8212060381643801,4.371566094153129
0,0.9872354447494975,0.9727242764827698,0.9012906930283452
1,0.17590905587974995,-0.013484411584410438,0.945960137987588
2,0.8451403225100792,0.9197825265609053,4.162412698500657
0,1.0505572537112826,1.0421894193805978,1.0639855533805944
1,0.049228180717683145,0.5292568425864426,1.158468539109477
2,0.9563473425057678,0.8840989836800724,3.494352813926179
0,0.998886517323514,0.9649551350339078,1.1618970817213377
1,0.04729797519219836,0.25151134953328813,1.3466089929508966
2,1.0560654838676213,0.8503856296737108,2.955721164914578
0,0.9980042335200663,0.9337653678960173,1.1783358377147644
1,0.26695092785993174,-0.027746853021333284,0.8033689841842029
2,0.8033151520440416,0.8578724084705162,4.703853600443467
0,0.9694795172583549,0.942396578665203,0.7028764391425955
1,-0.018790587488411364,0.17272858932613627,1.095038567078606
2,0.573753890658413,0.6335586543550251,4.505163337425812
0,0.9768338577175606,0.9146423091248521,0.9424953035762915
1,0.31192332936621725,0.11856369807319744,1.4270977677051482
2,0.96528187943202,0.6708824792189116,5.678407810627267
0,0.9328988623049461,0.9822365534758559,1.612916875554189
1,0.3834559709434265,0.2149881721816685,1.3407074993664425
2,1.050387759323458,0.86985161510086,3.511318665188256
0,1.0168233233779858,0.9057733174635825,0.8515602813079179
1,0.47987094327426183,0.04522467395978469,1.0438788122858293
2,1.0926343748861236,0.939331391601159,3.8796314241955643
0,0.9945666110002374,0.9080420495654147,1.0248503740872115
1,0.16448681698481282,0.12150536547958589,1.0105091862002655
2,0.6112593284227854,1.042109873850598,4.643116769232619
0,0.9956463431665329,1.013555170069932,0.7144805846517446
1,-0.005221743484575381,0.0011994555570804533,0.9236632443954508
2,0.5255298985219069,1.0410304578329794,4.106271522086169
0,1.0393162678324046,0.9757519092076773,0.9890993995310411
1,0.49389497957978384,0.31729229522274305,1.081547191334515
2,0.667025263014464,0.6816885440554518,3.5777347718219374
0,1.0010893212518186,0.9842660237822795,1.0720358002614423
1,0.2323749305443835,0.30053852233842643,1.1081398952367976
2,0.9042287574258014,0.630059624209645,3.458745232510988
0,0.9713774406614126,0.9628881428723162,1.2074151705572986
1,0.16665830479140298,0.27600529326054957,1.045262947464658
2,0.8977280640637424,0.8332895343468013,3.8009977926020553
0,1.034248534425928,0.9627561891349246,0.9944353814076027
1,0.24958895444958465,0.42514022290426035,0.7980851928592044
2,0.8295255409692592,0.8952892257463353,3.688776514967649
0,1.0565442050432545,1.006887578303516,0.36388271842051656
1,0.030497019047375312,0.12363168970724377,1.1443354885661474
2,0.5771421247968694,0.6352400358343575,2.44276799933139
0,0.9743259083049791,1.0125510310301586,1.0325715207841963
1,-0.016128503309177145,0.3811168680151751,0.8797550304007796
2,0.8824378868928131,0.7782679630469379,3.1492006408668054
0,0.9544707229112847,0.9460779205432125,1.163843889135462
1,0.2772377244965098,0.16773691917129563,1.1352323128903563
2,0.9726763008069219,0.5527547284709655,5.454725242664019
0,1.0198545107767698,0.9936633225648066,0.9762197307056907
1,0.4398300742908634,0.18688501382085362,1.12582222252556
2,0.8910290538501366,0.8872151542226572,3.4744263613652033
0,1.0368591224892532,0.9897816329036622,0.8804121413127148
1,0.06762402831113848,0.1891484126646605,0.6776076998293359
2,1.0279629455058956,0.9022497641371385,3.0613620999397706
0,0.9777043305742898,1.0061279704706558,1.1101681906346288
1,0.2330334764421418,0.40249618999327763,1.1042246065879917
2,0.7036820092914312,0.7685388418828741,4.267285423883077
0,1.005565085796282,0.9952857176238511,1.2267397508474422
1,0.0187520603898525,0.26020144805076434,1.0287560744125845
2,0.7101612343190278,0.8518085503084172,5.048547866446224
0,0.9642303831019562,1.0773702699656236,1.10173648809507
1,-0.05871742614524794,0.1730127488586349,1.0673862368648137
2,0.9572794398613316,0.9300495085154721,4.943172487067944
0,0.9575252433101452,0.9738014154425672,0.8173657167143752
1,0.1504652178895137,0.5973256785077417,1.2612935857600436
2,0.8923365736458873,0.8486674676733417,2.1515696207826176
0,0.995850427671199,0.9976929826288163,1.1389140925768855
1,0.19766997589833726,0.14262023158190595,0.5925109940676201
2,0.7542586995783283,0.6263259953800635,4.036390886710561
0,1.1163832817762935,0.9904496402583802,1.0211321853584752
1,0.12749994953515587,-0.13238946197404083,0.7258690958462826
2,0.7327600281802085,0.5010524415115849,3.6934250064371286
0,1.0311800160617652,0.94386596523065,0.880033137362736
1,0.49902821655358093,0.4606780723587547,1.0802293438532804
2,0.7415399499710545,0.6143611798842816,4.670082596911681
0,1.0143934666882417,0.9919019436668969,1.2764014095602056
1,0.05224057545308808,-0.004227263976887247,0.7178101671685524
2,0.7638822865672827,0.6124753612514311,2.9545404987550663
0,1.0155223744937214,0.9852974179919661,0.9022735114564666
1,0.07183016647069426,0.032576405635445504,1.2330642384914499
2,0.992154288532014,0.7625922263101235,3.0167872416988653
0,1.0614633972687868,1.0985824878208086,1.0485511531747924
1,0.3235272469785812,0.04566407178110607,1.1686151116848422
2,0.7602834015728204,0.953114184615581,5.665809747617666
0,1.0165727708181178,1.0196659880886012,0.9679512000830675
1,-0.13218433744700647,0.07015504384638349,0.5732821291617327
2,0.543653114615128,0.9225863755955284,3.658660720187702
0,0.9668790263621567,0.9474530231782834,0.9926356793771969
1,0.13904888497566759,-0.14026646440257423,1.243264017819936
2,0.9179869252269384,0.8654497054289295,3.5579230233458174
0,0.9698021223207284,1.0250327167711044,1.3111045455506454
1,0.24124722869630968,0.14490914907486152,1.3268428041246463
2,1.002418829244335,0.7928232540938359,4.240711881248254
0,1.092184182776026,0.9897243724537063,1.2025216698237409
1,0.056472322381966866,0.01169185245260812,0.927793000235925
2,0.758998268139582,0.827994170380412,3.0309258923844262
0,1.042795378403914,0.9331125121313691,0.9817371477985553
1,0.21957943263828789,0.3548825473049111,0.7852257419846314
2,0.7680364063413846,0.719948350833412,4.9976492636517325
0,0.976990639969668,1.110385807357468,1.1265240349110175
1,0.16414095349340602,0.16786434568395492,1.1490063960074564
2,0.50550279568223,0.9146310762711524,4.249844796015876
0,0.9843464794843992,0.907084877961312,1.0473413168602774
1,0.2465831613557309,0.11911168309315877,1.1777917299927032
2,0.9303034280600323,0.8316439417205561,4.314093755242305
0,1.0194634414975836,0.9416336369474005,1.327391361449406
1,0.2647145750951096,0.3606677562233027,0.9452472234782088
2,1.1585119466754454,0.9766988089951555,4.55787087799863
0,1.0165618018924918,0.9523695664326157,0.9415941840179218
1,0.24993159318432118,0.2171787614781063,0.8849191166066617
2,0.8668756664225304,0.7907217271296455,4.195881591945955
0,0.9791209269411247,1.0512599418570763,0.8174753679590431
1,0.050218025998896215,0.2219999003236256,1.0349622485984549
2,0.982771424211513,0.9300167909206567,5.344959349836806
0,1.0072767663505313,0.9599499332970401,1.0828359669915133
1,0.35024386529247975,0.135341644478576,1.133984988466004
2,0.7884700956127862,0.9534747050172664,5.681662038710067
0,0.9141442678044742,1.013030057654443,0.7464089599405013
1,0.21100939446379616,0.020617538493456766,1.2581151653250096
2,0.6278121077356906,1.1283983543022365,3.9410256307801195
0,0.9823771504366935,0.9899792810260808,0.8438624343581244
1,0.01914809437159512,0.11310886128693944,1.0363928878337176
2,0.6282435835872132,0.9703821189011332,4.044477171186948
0,1.0119808255797913,0.9912087974403186,1.1783661113960473
1,0.36175939901262755,0.3040009560776727,1.119143678176517
2,0.9808770120078144,0.82115094978509,4.132763179622555
0,0.9095897004951253,0.9190583916892856,0.6581295596801442
1,-0.005247401330045476,0.3530963521987013,0.6206392447727084
2,0.41680991825951236,0.8445399725658188,4.350828141469897
0,0.8763849869064452,0.9973533134346855,0.7825898140446133
1,0.12042283705370026,0.27944591860039697,1.2119000905264024
2,0.718126102237155,0.7670432986744652,2.192776692581531
0,1.0555604392704283,1.06357183734827,1.0571048664681175
1,0.24382862856801413,0.23561178959112777,0.9995805471771544
2,0.9080401574400548,0.7238193080403914,4.404066796084688
0,1.09779036888837,1.0016503420220313,0.9843843442561504
1,-0.1494228795065346,0.1011249393318847,0.9450045046995826
2,1.0588327954032744,0.8184164301433902,5.1791294676228805
0,0.9160310589898497,0.8642578220672451,1.0617151350285332
1,0.5866037811665255,0.0072395747653328235,0.9931762817486299
2,0.6715090004948226,1.0030555001481594,5.6389025953099186
0,1.0036027191539028,1.0238199383273754,0.8170060478252178
1,0.09116383739298727,-0.06158537073572762,1.024592610233214
2,0.7324171714155003,1.1864196677763987,4.348281408825176
0,0.9982581357792399,1.0578196825954977,0.9438305679225966
1,0.23313118234739968,0.4563821842390561,1.0299921300096497
2,1.058816562123296,0.7969814124137025,3.103355760752749
0,0.9474392957253606,1.0265009514352244,1.3861409381889174
1,0.3115503233785661,-0.0006903004398388646,0.9510333203521224
2,0.7566614034318438,0.5972647966681702,3.518479866342758
0,0.9726264118528968,0.9994450127656543,0.7180916656070854
1,0.06151892038983062,0.25029671768573697,1.1735454229051503
2,1.0227429506159464,0.7897422505755584,4.943258708061903
0,0.9480982393032829,0.9933945490358452,1.0179649561612347
1,0.29116363363921755,-0.07060414462277281,0.7706616179548021
2,0.9241338084819631,0.6376033155329798,4.918799135137311
0,0.9955000211964598,1.0553223766667283,0.8648029946098388
1,0.17958202100267118,0.1781715408209412,1.1261258022307206
2,0.9923219942935344,0.8687540278317631,4.30680108383728
0,0.925102722351623,1.0562202833725878,1.0236700599155368
1,0.46763621636930736,0.3699335950609185,1.0813702133367773
2,0.8095904234041533,0.8398976998238544,3.02958661397909
0,0.9696902382452318,1.0403818945131644,0.9129774756823691
1,0.21134919112127462,0.3522907314613372,1.1109873421049676
2,0.9271959193332266,0.9007350730139445,3.8832794701901108
0,1.0307634198937552,0.9528831777226843,0.7582209748404058
1,0.4054122039120861,0.42650440367200265,1.485040577945869
2,0.6870329147468149,0.8063308915030212,4.564526702578831
0,0.996061069647428,1.0571162919505146,1.056881304397883
1,0.1723113873200553,0.02420239758198442,0.8985448092405184
2,0.767331485695055,0.9970539283825421,5.101583481607679
0,0.9982735445226729,0.9572983870339113,0.9980521112745623
1,0.2758928557665,0.1987963330565595,1.0010703764872615
2,0.6768122815362894,0.6771455670199189,4.658253312009526
0,1.0122488415392454,1.0745670992664145,1.2988423564179548
1,0.08871085551243257,0.18912703191742072,1.2184186301722189
2,0.9167546957635198,0.6908431723322813,3.7531888737086243
0,1.047813257212,0.9751724315548325,0.867103511520753
1,0.07604834684176544,0.23142812914126878,1.2547170464131316
2,0.8260807677649459,0.8926530142437443,5.2724111620703
0,1.0075495508822618,0.9392253250682712,0.6595318093492312
1,0.4769008785126441,0.11685508481597114,0.5450113549737949
2,0.8462254459817076,0.6926644108889094,1.346146554462155
0,0.9943176640242277,1.0126872329858465,0.8361506680328213
1,0.139404702047773,0.22805391294266616,0.6556785968489126
2,0.8106521258904158,0.742726084799047,4.372802310577734
0,1.0109501673992571,1.0117648594488553,1.0922748372703808
1,0.2925541523791447,0.17777653280831973,0.8680290560167999
2,0.9418000911115869,0.4915684978727398,3.0881584278939984
0,0.9546865499476075,1.0412979684325452,0.9756083964913305
1,0.010659400662836965,0.20173028332035062,1.2108991714965394
2,0.7394689207733868,0.7371062560716959,4.7319090803395385
0,1.0348179983428285,1.0490460022380201,1.2571380456001786
1,0.19659167392631247,0.15726182426396884,1.2346310245564949
2,0.6969038717908678,0.7162953265471868,3.868325227499625
0,0.993646874857824,0.9791707855849853,0.977934260736882
1,0.4328407027948214,0.1673348806365525,0.857218089667914
2,0.747752980056201,0.7769499793136727,3.2086492736098737
0,0.9772630513939895,1.0148605736051428,1.3232036859009835
1,-0.053376403293320995,0.13435001281101389,0.9794823623717201
2,1.0802927434936855,0.7443834496498738,4.678968500218297
0,1.0490849239372584,0.9961021996747963,1.1845857854505946
1,0.0015664625259473597,0.21002218863136737,1.3178372765311752
2,0.9692327621791234,0.798690546952369,3.996149377193032
0,1.0459771907070599,0.9510411489627132,0.8237506494901831
1,-0.026895350595734335,0.38627598562527304,1.1544869897337486
2,0.8970070838076996,0.6430156073276996,4.4974163148371975
0,0.9563651757504492,0.9614833735194572,0.9512760362638822
1,0.22328531084818734,0.05904716813223557,0.7409805541133048
2,0.6301960699359196,0.893920012402457,3.391690229711886
0,1.0170346152350374,0.9037521088419829,0.7108683915136329
1,0.09176455210712059,0.21817259254321428,1.0202804359204853
2,0.5653697123125643,1.0016501972984357,4.8859876821841
0,1.0393703737904993,1.003421983155775,0.6441883686266098
1,0.04057880971450681,0.18300723570194916,1.1508102387201262
2,0.7185543970413741,0.6963573817046562,4.683133578616392
0,0.9288835275174472,0.9677624896223187,0.9463546893896994
1,0.3748644470717304,0.2794989197727586,0.9089937980375331
2,0.8112114212161688,0.5453104155175066,3.628775484805076
0,1.0002847552636696,1.0821807557082614,1.0483685948607542
1,-0.09555616745379653,0.3185250292036327,0.5623499062868349
2,0.6202446976269416,0.4997987079537551,3.0627126504531437
0,1.034032518431844,1.0857218639056072,0.8354165283580138
1,0.15442000960041702,0.03168531982109668,1.1767068202112143
2,0.610871645527839,0.8062487470014363,4.040539537603121
0,0.918349861607376,0.9966192267504483,0.9446018615141499
1,0.08022089666518178,0.25891038051092685,1.0422511720496057
2,1.1320803774796806,0.8421593577206423,3.724441555402979
0,1.0085283850322695,1.0061643983427082,1.331683044837526
1,0.1394767676379686,-0.10893495913305218,1.1028452430614963
2,0.7742268663538501,0.6897888910902447,4.136863184881554
0,1.0297330778045015,1.0087124599950286,1.091496284053336
1,0.12914769145746263,0.2913137894203054,0.6530340800047756
2,0.7932810260796785,0.9096263661729823,4.815375433906887
0,1.0678165774407937,1.0905833473117048,1.1782854490747754
1,0.3562310391537614,0.21521228793213212,1.1501057580509493
2,0.7644949645525546,0.7423318518550213,3.8160313586112093
0,0.9682855163775196,0.9288838082891491,1.358808589529161
1,0.1270604890759695,0.2504739429405572,0.9407867517600466
2,1.02361865012865,0.9080403484978204,3.949833088738748
0,1.0009884955704196,0.9452156671796197,1.0225359974417612
1,0.34859958731197915,0.10559359194457876,0.9924893403301152
2,0.8072057337243267,0.9067026177767011,3.2880396421644744
0,1.163138673023182,1.0165247696150055,1.0527701952166326
1,0.11365548426181077,-0.2814489055996817,0.991096085455354
2,0.6431530583365609,0.8545437066681977,4.895349215856826
0,1.0777731452990518,1.0646609287303295,0.8144692115625007
1,-0.008169279634123477,0.042519943290742324,0.845450777922631
2,0.5616044377653004,0.8668991188789914,3.624495995450825
0,1.0042866952922909,1.063029030164095,0.9841922749515782
1,0.24132646753391357,0.5382308507778844,1.148322853929327
2,0.8189400056337399,1.0520115637682856,2.9869829875360745
0,0.9825223390466865,0.9818613908879256,1.2059786129670647
1,0.206554569295071,0.22814330028413696,0.8965027855170621
2,0.7265731258143211,0.9295476434505048,2.6572305556620455
0,1.004057036006979,1.057409939365011,1.2492729905310624
1,0.30944070657555245,0.052671011351459435,1.1642368506534662
2,1.063278168294848,1.0710890104806048,4.199013893544305
0,1.1491788555417537,1.0643998577307332,0.9799810376545522
1,0.31256537175846266,0.3029241728673519,1.0631402120964106
2,1.0844608725953244,1.2064405286265267,2.673813561803459
0,1.001644671652777,1.004062639915988,1.138589319233373
1,0.22270584081289097,0.10032249792637568,1.239345579014109
2,0.9378627175356198,0.9440222135849881,3.5002125955966377
0,1.0318439473222951,0.9498140474743119,0.6612949935131707
1,0.45602349790371394,0.04019485254854513,1.1691463432957723
2,0.7348256049983228,0.6169306487868209,4.178427950612804
0,1.101888347742216,0.9516007403013577,0.7890173967321468
1,0.24044340630478428,0.15998533668711779,0.8885375834735416
2,0.73151868134502,0.7302929388587688,3.882436531015257
0,0.9475393055706167,1.1097808358057732,1.3058689227630147
1,0.5614148671793406,0.5770699665018674,1.183612933363047
2,0.661302955007094,0.6124280193276341,3.8666758313469365
0,1.0437855397755371,1.016360778356474,0.9899311684641041
1,0.030988380734601445,0.276839646984455,0.7734755476273428
2,0.9966002197171059,0.7903209644774988,2.784314099052817
0,0.9927203514811099,0.9672713051215585,0.7440094904896344
1,0.15807017016907393,0.40847479070937986,0.8681249796644687
2,0.8428030537460437,0.7196073243682936,2.418598095543696
0,0.8860361810103295,0.9967873706860361,1.1094928951588596
1,-0.08634126819223309,0.4622957811649023,0.9612519253715188
2,0.9068748738240003,0.7133230700360729,2.8345185344839168
0,1.0089783688939327,0.9051031701825687,1.0504646980255496
1,-0.04627474755910965,0.2652088050079066,1.1329609253970556
2,1.0413503282369112,0.6037758391244437,4.513107309881181
0,0.9536276534344068,0.9557270198648784,0.8254930687538358
1,0.18418575252759106,0.04316559689009067,0.8179604801577168
2,0.9354037942999958,0.8476157606113306,4.6592016358393975
0,1.056242081060722,0.9333950004056067,0.8536899254301833
1,0.06787310027571047,0.014374222649909535,0.6164814542200081
2,0.8687664908845115,0.7260751279721352,3.5640198331396293
0,0.9933869730019255,1.07348410230148,1.1470716095084323
1,0.11561286297271425,0.1408292810620452,1.025133541674309
2,0.7002863995698319,0.810695001264224,2.5985445249226715
0,1.0483888015276237,0.9979011544094063,0.7426231456583908
1,0.04450976570125473,0.2511063509069335,1.4325915771065396
2,0.6553282454231936,1.0330736901870545,3.762650256601119
0,0.9713875904906747,1.0450946924005162,0.9212846499408305
1,0.09621077356882059,0.1439347555697467,0.9316439222419435
2,0.7154963539104874,0.7268646707483697,3.010891009061514
0,1.017262210360061,0.9554593791897206,1.0461873688320598
1,0.09772204203685524,0.2919111273108541,1.3534948528102166
2,0.9719281587409349,0.5517347489220493,2.7218903242630605
0,0.9727129335443235,0.9914268723458731,1.230495462309941
1,0.06593640397921155,0.3446419753773106,0.9240630877200064
2,0.5112660865289234,0.8079449654325281,4.399043813421555
0,0.9340004149750812,0.955389487035721,1.1190546130599195
1,0.15910883690743172,0.33348655755619006,1.0849193074769807
2,0.9252472417117866,0.9007565681034829,5.030593373201305
0,0.9173080382179958,0.9972378513345691,1.032002415896003
1,0.1553756775493517,0.3141132638550668,0.9087194579723692
2,0.7643758925672735,0.9235179425171757,3.1849589767636752
0,0.9837224307171798,0.9356788906381861,0.9857268832494659
1,0.4672575702087336,-0.10380198843183336,0.724511940602838
2,0.9863429992271502,0.7802984685573141,5.086392228265722
0,1.030385416807073,0.9141378926098882,0.5596516631586747
1,0.3786398532713104,0.20162221665265612,1.1572312713734831
2,0.5545141771484962,1.0714746410068825,4.094390069132085
0,1.0474098369433427,1.086801453564028,0.8568246389681862
1,0.010376979978777623,-0.11441679718590603,0.7276739902832872
2,0.7621283306042042,0.9020585542830338,4.511682782555917
0,0.9037180785637914,0.9798948568318887,0.7789642045820204
1,-0.0705026865657657,0.25241525662157105,0.9106191815109479
2,0.8027769053164603,0.6851817868080804,1.747287466704487
0,0.9409058878098335,0.9213938654152227,0.9465237536794088
1,0.02619691422024581,0.30202897495604175,1.2437529461082835
2,0.8163219944864943,0.5254697819167609,4.181072291176824
0,0.9923680074807154,0.9460549283163231,1.1256831555676536
1,0.08528053531897,0.011975190420000947,1.1231205404271714
2,0.9974939182699635,0.8810244907919128,4.4811461457058535
0,0.9488716638814645,1.0010155063318344,0.9754839530953267
1,0.17673844995160023,0.16132755824344008,0.9049794989382186
2,0.6458070876333506,0.664135790141461,3.7475467952639696
0,1.031990847835545,1.0562719207402456,1.1993987774391557
1,0.30122148301132257,0.40829056448943735,1.0990380852262889
2,0.6451811646943915,0.4582491647941489,4.156399175717339
0,0.9741642419733801,0.9749254707732281,1.039677554749888
1,0.1384424091957662,0.09878273257493629,0.5357803551339544
2,0.8693580364325902,0.6446353445218833,2.8590944362757247
0,0.9510063632874505,1.0789827814342987,0.8598606313004148
1,0.11901467921489202,0.2051438696730373,0.7227593241610706
2,0.7687385034946203,0.7710851648816534,4.924306102917992
0,1.0580873664544792,1.079406225955732,1.2100418024701796
1,0.26988179115589184,0.47103881422653215,1.1853227245866496
2,0.7764408083503928,0.8424356753373963,3.789726394810114
0,0.9489894836814862,0.996541362321157,1.0646461575295785
1,0.20501847054823427,-0.03774639590768378,0.5971395995203093
2,0.7910110284186175,0.5591894021832595,3.713378995113841
0,1.0196070065345997,1.0480573291311386,0.9642626527227209
1,-0.05707774411842931,0.15815355766343606,0.8885722418734602
2,0.9292027881976077,0.8397278298072857,2.843351642063653
0,1.0278816661202814,0.951381771484878,0.602909732862837
1,0.0807550517823229,-0.080468585908258,0.9593267583226766
2,0.6565432223512662,0.8363908351175955,2.859291068588229
0,1.0014819862866737,0.8711581748181095,1.1243184859698494
1,0.22527401064646263,0.32046148094417504,0.9147722375479993
2,0.9890445470825112,0.7284272969071753,4.096453468789756
0,1.0334192088773926,0.9903972709891476,1.118570999706096
1,-0.0157785537131597,0.19731819438601952,1.1441664417874466
2,0.9460654593267916,0.7066675402866668,3.9858858836159237
0,0.9519018893227181,1.0108463241772876,0.6935279781065542
1,0.29269219213370123,0.351076156601406,0.9080885225723271
2,0.5941532199622843,0.6292884792307775,6.556611910846405
0,1.0241327648255378,1.0315762124678913,0.9063606275404515
1,-0.2882722093064085,0.26241473233171025,0.7947308522768074
2,0.9998277365081977,0.7702144050846029,4.366276328917342
0,1.0942346827005391,1.053512013614056,0.9749334660149119
1,0.03088102324379599,0.34155961470645524,0.9340189980767758
2,0.8489780301587372,0.7481968554145962,3.261048113252659
0,0.9688581313011276,1.0036016736071705,0.460199946029634
1,0.0311694377259909,0.33320744861262697,1.1954563637918616
2,0.7525212865488451,0.9312626570793304,3.08142160360592
0,0.9762113960326203,1.034700560238096,1.0212061806271164
1,0.5269022930332936,0.5212527321166704,0.8555940773868911
2,1.0302009481061973,0.5612930331879052,5.117779344838054
0,1.0070566908587746,1.003515626364802,1.1989398384056258
1,-0.02881218314944392,0.16041531886790938,1.0549258713106064
2,0.9872807128714964,0.8644117423992999,4.1467858330869065
0,0.9759729598691688,1.0120267036732904,0.8797069711366354
1,0.2046218820496828,0.1683262954636962,1.2311884945889868
2,0.741548764659453,0.5630310358520174,2.6547028746469277
0,0.9655427998775838,0.9413520678956586,0.9971191996551929
1,0.08682142525873394,-0.03317056397941551,0.834106381928948
2,0.7370334520943437,0.7850414817485359,4.173210457056301
0,1.0419489933883184,0.9714285565108738,0.9613608358766758
1,0.10434637717941263,0.35936707630503245,1.267071271321618
2,0.8230848072845532,0.787765430135073,3.8885369584291434
0,1.0438851844134398,0.9610348744615226,0.8984263784122707
1,0.12040704405373566,0.27417467754341174,0.9194761644763649
2,0.44330334430834223,0.9968372066905816,3.1574509711803422
0,1.0019772119332215,0.9332513027102968,1.3070199554985535
1,0.24851106965928751,0.09103057498849884,0.7028750654438924
2,0.6180665555249922,0.8950978057490434,3.7815663110184117
0,1.0045058649899938,0.9907773702039081,1.066593903370516
1,-0.021604171205641537,0.11859517521136567,1.056724943656777
2,0.8639039988579104,0.6378574264198704,4.187968152359898
0,1.0345405037168778,1.0092921244288346,0.8639233905833392
1,0.2409006862071989,0.09840751061357876,1.251002261434272
2,0.6905254397755023,0.905157216336177,3.4749410367624423
0,1.0232825501504146,0.9893699510399502,0.9772840675056043
1,0.5643361532735985,0.12666153520876802,0.7506541439539491
2,0.6124219180048285,0.6842225833161287,3.5410537766655126
0,1.0184490506872617,1.0080360723772732,0.8154616466543165
1,0.26106436383084647,0.18039070417038616,0.9542711021078303
2,1.1833551243554155,0.7206822077370381,3.809063133156398
0,1.0038704865045687,0.9600696747535757,1.4266671222374296
1,0.18148416491106042,0.0882679749303132,1.2045366020296502
2,0.6660736908316551,0.7562891141054401,3.4361282879554853
0,0.9972716847008799,1.0109061590806394,0.9076868469106664
1,-0.06996718723912304,0.10416946016688448,0.9172162229586366
2,0.8289297501723667,0.9094935274913349,4.065588913179689
0,1.0112834409810239,1.0548060561794206,0.4858019119892608
1,0.27772931008792573,0.21940677705300995,1.1531592219000009
2,0.6682679310950175,0.8957441662873264,4.273197377537643
0,1.0086087014847327,1.0675319480072794,0.8906343850943607
1,0.468215915178376,-0.018052166061076097,0.8745818097603356
2,0.8181379371595476,0.9961394515455061,2.9922712717532374
0,0.9672946958426614,0.9148103808043431,1.0709444696813601
1,0.41932063187885993,0.1397562270601762,0.764787301970963
2,0.9353837061757688,0.5733900410948576,3.632927194351904
0,0.9953728390883189,0.9359347973145085,1.2038298199246817
1,0.27586972363543005,0.09865036889860068,0.9316112567583005
2,0.9192229816310943,0.8383392662699105,2.4780046362347585
0,1.017232731451258,0.9931437347843192,1.0080877334878748
1,0.25345154885844845,0.09512842627051944,1.0053520187335405
2,0.7064179980410078,0.6983989114971016,3.2884343097643103
0,0.9176568252268362,0.9504365601361412,1.1242526833726811
1,0.0649144798602097,-0.08382622238727971,0.9208280839053994
2,0.7163412886974457,0.8497362025046868,3.128031445690092
0,0.9962821646272289,1.051519285250934,1.2235675820217415
1,0.02143451450850234,0.2540439731859462,0.9467997696754884
2,0.8038032602074069,0.6759406136016257,3.6895465407449377
0,0.966688887879459,1.0074454680106653,1.0780371001953166
1,0.24639900870470632,0.4228427313881164,0.6737714818015768
2,0.742062393642955,0.8094979013713929,3.9225062728020097
0,0.9621173576375291,1.0011951621487838,1.3724949536631088
1,0.20451538651965967,0.134344453312739,1.0082252040287667
2,0.682756895878005,0.9487756354237156,5.77245667871622
0,0.9971243802209682,1.0357977060282966,0.9686631098497915
1,0.2583302354814758,0.030907679051250442,0.9410901498449628
2,0.8149254703524872,0.8369701957170733,3.372418708480141
0,0.9461747126775035,0.9305666865968542,1.3055841784396005
1,0.012496082110151158,0.3719264575377934,1.1200892396753783
2,0.8300351194406905,0.6542216919846068,5.041734258733043
0,0.9057830297138527,1.0272223423020383,1.170500318155442
1,-0.11346216914071383,0.25389596407965753,1.2256716366332487
2,0.7547506439871078,0.72126019323734,4.2368545760422975
0,0.98733596803344,1.022258051656274,1.0379665542556942
1,0.3806515262621212,0.2052019255868409,0.7528200498327962
2,0.7353632112407478,0.6617994022263765,4.203470315238163
0,1.0614388800943988,0.9696705628043868,0.8004475511907888
1,0.2075849252784955,0.3376227500961622,0.9740466506322135
2,0.8823111937622121,0.7298483222570556,4.44385229417789
0,0.9938532618000329,1.050806502044128,0.6189312181229837
1,0.3242088392744921,0.2908920267537194,1.0327996900814214
2,0.6719985392241344,0.7084892963640802,2.9960025394304095
0,0.9981081722889684,1.0872886845703391,1.1211176408117494
1,0.3989080273089407,-0.04549034063872434,0.8695870492803688
2,0.621321836475198,0.9555172390811657,3.63913224858829
0,0.9923601626984501,1.0978569989073195,1.2915906102225376
1,0.09624650216091107,0.40394948346999326,0.9209517206588669
2,0.8108680358125065,0.8379853169183189,3.5725452523539007
0,1.0364399705438958,0.9724161055806035,0.8296706461451314
1,0.31833469791046826,0.2547078686996631,1.2672676858775238
2,0.8381247019819447,0.5213246878134429,4.184680722407154
0,1.0148684476796033,0.933819245707373,1.1727135355968497
1,0.13004221899803792,0.013318682470986193,1.2381220955937013
2,0.7140354271876709,0.662169046655632,3.9696163920965217
0,0.9522366889860995,1.043689679686653,0.9643305261152638
1,0.1415548675675013,0.13362909624285396,0.7719751907416448
2,0.8768428318073366,1.107278399246748,3.7115170172448293
0,1.0573392923662868,0.9262992449885887,0.95641681190425
1,0.19768391441182603,0.5169391276985053,0.8894896741634806
2,0.7372435171211044,0.6311440655561686,4.221899528704408
0,0.9946847269208235,0.9741263606923984,0.9011165307169218
1,0.19140686695495335,0.08690402220865823,1.275619464077126
2,0.6431680755384204,0.8326783296074406,3.302545075810808
0,0.9727164413665295,0.9629955020434575,0.8871699540357552
1,0.3795813264177035,-0.07455755778614342,1.1147931575621453
2,0.8463286673123676,1.1054729964456085,4.366447871246395
0,1.005997002791891,0.962768365096782,1.0506494300271616
1,0.15539566374577315,0.13531320959518778,0.893840597371539
2,0.7374250766166344,0.8321978721366751,3.3220426643190097
0,0.9453537238012368,1.007021603584948,0.936944156859565
1,0.13007618252551506,0.2251226827393922,0.8690695149887002
2,0.8330794152915539,0.8055872532809936,3.727170324475501
0,1.014611044167202,0.9753998772857101,0.850583314143197
1,0.17238605092727569,0.14517112586784914,0.8631364257943873
2,0.9484352633551522,0.5800496433908091,4.791911687331566
0,0.9735629947198456,1.036874796715713,0.7268987613729099
1,0.4217703898120838,0.22760385058936908,1.0268230089314274
2,0.8008387579107006,0.4362161501855008,4.438905382129466
0,1.0325295319865684,1.0088466772116838,0.9348451761251009
1,0.11239497428477674,0.13576863473274028,0.7716100921954826
2,0.7408470825773182,0.6194016858761604,3.7546832642940684
0,1.1149913900586284,1.0388247869987466,0.8098752732340826
1,0.31881693920821547,-0.013329635685723124,0.8912719385045522
2,0.8880866537829863,1.0467827587562337,5.1093551477718
0,0.9685668869117144,1.0132105619426388,1.0056024442965439
1,0.1866384630670193,0.4573286159240202,0.6793610516097421
2,0.9478170764676865,0.45567570867387497,4.019217127066208
0,1.078987726145816,0.9208299547741992,0.9728263920647966
1,0.4192899235321157,0.32560932949821964,0.9289841867376473
2,0.7723533577643013,0.6694461451700268,2.927475048926353
0,1.0288697011199,1.041136294902884,1.0429543642744992
1,0.3792935956558235,-0.06591458550816398,0.6448046722775522
2,0.813054089896564,0.8429916588056348,4.884107627491359
0,0.9891407598117099,1.018240513286143,0.9017890048799411
1,-0.17185029110936373,0.21879761030096792,0.6738634351185835
2,0.8035410325653776,0.543573768614982,5.127190615842061
0,1.093249104088478,0.9938200385141853,0.822934258926246
1,0.6740323551437422,0.4960606431472266,1.1496101508089223
2,0.7160638610029053,0.6647427495226724,3.821272522487197
0,0.964929684118667,1.0464795412539591,0.9551081867269717
1,-0.06283380610094191,0.24859532101664278,0.5855836505197134
2,0.5674376441720738,0.6376290052312548,2.955088949080512
0,0.9550212176872243,0.9571573972445722,0.7487287562004561
1,0.24899370363451903,0.08784506464457337,1.3608010661732073
2,0.6972417755669437,0.8647790878039517,4.377330094042639
0,1.0344930332965077,1.0614623560921819,0.9989783133678467
1,0.24561171542802349,0.3764748787038794,1.1887585004460868
2,0.7638605758909252,0.6866446091809916,2.499525281041797
0,0.9279553711844971,1.0423524753388074,1.1479018271631432
1,0.2762124845167538,0.4239011265570457,1.044341373442596
2,0.6455561151440057,0.6934358006716066,4.25231261411723
0,0.9271317966645788,0.9998920275389678,0.43556693024005755
1,0.35838208773744773,0.13510787219036652,0.7848134112869807
2,1.0232887259287031,0.9396065460166991,3.6540196185547957
0,0.9755276110235425,1.055353910327922,0.8826500280949187
1,0.3449693925100011,0.4200005803132084,1.1740143186933223
2,0.6668083871374334,1.2023773499011918,3.517966493092176
0,1.0350979866611898,0.9171708288005522,1.201104643857356
1,0.06820828973520465,0.48903341473994844,1.1716705458218666
2,0.7700038234970348,0.8861849728271163,4.335995348505238
0,0.9094381879838735,0.9622567759296958,0.8658347272966617
1,0.08196679779230123,0.17351841862461276,1.250349262077222
2,0.8040080283592127,0.7036988646317386,4.367069950221868
0,0.8571309272648244,1.068452040764833,1.0401225934154097
1,0.14602832393410972,0.2577793075771804,1.2097296918472111
2,0.6236573613722247,0.4690997357646748,3.823153008367938
0,1.0301959655820208,0.9788706506971036,0.9060312740267167
1,0.245924653844257,0.32692841424680075,0.867621467581924
2,0.6878854319682793,0.7620697727872896,3.7927404750935447
0,1.0586259023353082,0.9677647260136912,1.3174556362583714
1,0.3964064831196107,0.24209178725504094,1.2313869821476044
2,0.7574254429235958,0.8873417307722852,4.513464725447025
0,1.0786027053149327,0.9927676157848101,1.2982815680675097
1,0.2015429355563071,0.3341584552066541,0.7849518085995647
2,0.7382947674756999,0.7993660197550583,3.7350337346633027
0,0.9995286107022258,1.0502062098083176,0.8271557633491512
1,0.07016793522402207,0.12218114572828213,0.8717064175209984
2,0.8142752639187202,0.5552936944188497,3.2744225415280366
0,1.0445695118894647,1.0392533048207508,1.1344898517016175
1,0.09608311413879088,0.2320195983750091,1.0673965996917405
2,0.935376967338172,0.9097637628220243,4.461054923986848
0,1.0781485699645073,1.0120422817068233,0.869040491124525
1,-0.07164204717748918,0.2664896497574111,0.8004362624239174
2,0.8375173410080566,0.8069516107143041,2.4340085928539947
0,0.9250714233871867,1.0458117186371618,1.1027548338829227
1,0.4445688776613305,0.4584632751930358,1.2324378266850013
2,1.011613190129164,0.6877165692004524,3.8658261006090266
0,0.9734345878090013,0.9922218365494743,0.7874103798650607
1,0.11332496661838881,0.13866663236380417,0.6859636012397698
2,0.9167482967466007,1.0067887497876606,3.2564730542753577
0,1.0375944732395068,0.9766609638470374,1.1078049763959772
1,0.31442720803290614,0.2485410554469102,1.1196368923602484
2,0.774078948237303,0.8765360655882612,4.142263923408279
0,1.007301188081226,1.011123943535544,0.9924275328979405
1,0.15980781271724037,0.5278530971220167,1.146958241775964
2,0.7707161563186257,0.7227584798253857,3.619552265847875
0,1.053141645313303,1.0805767489975193,1.2366312105863382
1,0.3652596429717684,0.26882811233204934,0.764664313406063
2,0.8642830364665556,0.9361351268644325,4.009602531315288
0,1.0087552699600901,1.0148525739603622,1.0176671899372294
1,0.28495374409594487,0.15782397046899194,0.8737768768257343
2,0.5897146576166399,0.84726603227501,3.511933802738427
0,0.9411847898645588,1.0250731950586829,1.0232230450981992
1,0.39605517380127514,0.14845711449915794,0.9335691913615628
2,0.6229821939546594,0.6731256520243213,3.4993767924008603
0,0.9573757998835181,1.0517046434717998,1.2224532394526775
1,0.18453898358866688,0.2213335104349343,1.0033399274106813
2,0.6580614625862073,0.6677907589151476,3.3252158540346723
0,1.0793904248584039,0.9197367349121753,1.338180718392665
1,0.11582144728535283,0.08945323051434241,1.1862430224127805
2,0.7557985281518355,0.9586926709892526,4.2812268127877875
0,1.0157691817432257,1.0504067810915547,1.2342622332848603
1,0.27498642716411476,0.4971661639504916,1.2407860854829618
2,0.8426343117160572,0.5581533793090376,4.067141957691273
0,0.9522552505624667,1.0594785041351504,1.1666192959420647
1,0.26302638000404444,0.5669433961523875,0.5828973175345773
2,0.8472717439263724,0.8347928524391943,3.01751909458651
0,0.9837412611756738,1.0324316975457968,1.0902931348623335
1,0.21030150724267502,-0.05068612618921742,0.7648287402771923
2,0.7278654784311629,0.8103208147687331,2.7463391635466117
0,1.023780972686503,1.085416092739541,1.1703637949693142
1,0.07944685957042805,0.23046207291200657,1.4575595177376224
2,0.7796749525253597,0.69073278659598,3.532116082791479
0,1.026980856821883,1.0395349115104453,0.92038216833375
1,0.23095158126400278,0.4307680004836626,1.47435518284861
2,0.8717191917060874,0.6920893202404677,4.454227459980943
0,1.0805156848888984,0.9951135403710493,0.8294003171573793
1,0.15234870307507148,0.07780037331258188,1.2183051508368865
2,0.8363780889435185,0.937677528090985,2.716766427144781
0,1.0543262044599155,1.0371464519055194,1.2657386092639353
1,0.026021595116671153,0.3488462905155052,0.7123303364778355
2,1.0079138953757125,1.0526779034782296,5.053293502746693
0,0.9113080305944192,1.0133503050395578,1.1315167569759677
1,0.03499946330270862,0.2942538479273844,0.9611022929270358
2,0.5312498894628992,0.5859582194228957,3.948812630596856
0,1.0110108226872472,1.0135174563705898,1.1644211341356523
1,0.3716421463420968,0.0377071298958471,0.9448927589555896
2,1.010211281206942,0.8731645429093587,2.4637213084386502
0,0.955854912032699,0.9961470356688122,0.8355252465644087
1,0.17305117752987664,0.19667311576327126,0.944915623965114
2,0.6644105764631237,0.6929893904586647,4.132748297742902
0,1.0348485792564939,1.0947120075610508,1.0048380829875851
1,0.4380569732543573,0.16932735848017688,1.0529083072966676
2,0.902467309584571,0.9041828083297635,4.186498879423251
0,1.0021885265513226,0.9049652155273971,1.2241715907663957
1,0.35999388687759293,0.27319147353670203,1.052746124507623
2,0.7166612865544092,0.9230522470178708,4.762795411029973
0,1.059160984102509,0.9674822587278593,1.1419968127694338
1,0.4641200825657721,-0.18966446625249173,0.7623806113197926
2,0.8832401770122242,0.8355767248173029,3.1364245217137303
0,1.0971514594581655,0.9689979980814994,0.978236170777969
1,-0.23296826854716968,0.35948067238422876,1.0350333698306011
2,0.8816128340717413,0.8611598747650469,4.060933557552775
0,0.9738137107342939,0.9987665505390534,0.9805227042718329
1,-0.01665831922481062,0.13746900492293834,1.067076956327888
2,0.7548083578499719,0.5319518986721495,2.8421284654864376
0,1.0450699004575172,1.051045574450299,1.0205209927890906
1,0.10581017828516574,0.07352052095137782,1.3451538135471266
2,0.8276173222070095,0.6567309812295281,4.74847027375213
0,0.9623557549408043,1.026025041642068,0.7210161570419897
1,0.41908551114809917,0.14917029427347067,0.7836370118694798
2,0.7213289874965683,0.7319026320763821,3.670592916782071
0,1.0031029986018851,1.007255683440133,1.2217834338235602
1,0.3473178591352386,0.33665840875480285,0.6596323234621084
2,0.7810723077949836,1.0912511028907967,5.262980554513388
0,1.0521922788615927,0.9427877542576454,1.1723500180828468
1,0.3866811014991774,0.04615321623722651,1.1773194076641929
2,0.6231110736997738,0.7854246202539985,5.144365327813439
0,0.9457653095068163,1.0353988032899606,1.3057528051832963
1,0.0317419259207449,0.0338377837346826,0.9443416372593922
2,0.8226790233143353,0.7054365868158926,3.285678244399188
0,1.0055352307109993,1.0192620312380467,1.041072423764749
1,0.15200217474536545,0.21173338217881726,0.7531148363546258
2,1.0677870224372676,0.880911130896869,3.7952233527662464
0,1.0269048413001554,1.05639014774828,1.2318212781232845
1,0.02149020006501995,0.34530615087560446,1.1105972710010699
2,0.8182760902865632,0.6949988390834764,3.5169730750932073
0,0.9645903270109475,0.946592775688225,1.057072066913533
1,0.17242193803308542,0.2703459495350705,1.0503944397860334
2,0.6947350281621685,0.638984231006653,4.254616781328769
0,1.018381838930048,0.9797102563588598,1.1780212662562342
1,0.330395909127532,0.2788730349697769,1.2071137333665198
2,0.8575952556954897,0.6886443755796944,5.191160796020202
0,0.9737855614803583,0.9384997711931296,1.0060949836666384
1,0.13571940271815874,0.1950672798566417,1.2369907125791209
2,0.9185893069051558,0.7340355425155987,4.819149217081989
0,1.0020736886469985,0.9852090543770002,0.8585378758154534
1,0.0837741091630395,0.44879158432826166,0.4819619939654971
2,0.7151574094930806,1.0795252791235597,4.266934135406581
0,0.9918184238154523,1.0546590700628675,0.5206369507300397
1,0.1276806326870324,0.5000934802294508,1.2794551412898076
2,0.7710613988684575,0.7030034168856317,4.556051037187956
0,1.0496382790650736,0.9472933498128635,1.0104815421958875
1,0.3265958353304667,0.08480742596250358,0.9576856114289586
2,0.6395014244875468,0.9114690016898197,4.361253633198015
0,0.8937997093861922,1.0095193377480531,0.9741705534243709
1,0.2595338749408884,-0.014894471522134661,1.0744053321888674
2,0.9067073794403371,1.078820469886336,3.7238621724012013
0,0.9862623412399588,0.9954751969586639,1.0126934307188589
1,0.39211239924041286,0.216900595130208,1.1993235621916551
2,0.9347791376328516,1.0241410545127898,4.096805097905213
0,1.03240710854799,0.9738033116939463,0.7329696986461289
1,0.08576238323091985,0.038160075582636566,0.7895910356097321
2,0.6074843015321469,0.722775743759642,4.417448974374558
0,1.0312427515456568,1.0648023262816562,1.2319835980052034
1,-0.0573682268401961,0.2898465316935731,1.044968079499341
2,0.9716346655807616,0.7736411639396518,4.341880827360937
0,1.0109737954358287,0.9902296846445584,0.9821395808908042
1,0.25761434611706724,0.2698767068172881,0.8287307805869728
2,0.759363775667229,0.7344628280407632,4.999150643669986
0,0.9989086657207741,0.9527895593754818,1.248444391246754
1,0.2891551823673774,0.0144439280759813,1.186544790622498
2,1.0385132440401323,0.8661645544446888,3.8944617036974734
0,1.0111879243780644,0.9722911809383437,0.8219934384286492
1,0.14802080764163514,0.2196542019428817,0.9806807328065812
2,0.8139490681564501,1.0016565708352971,4.5944880122600065
0,0.9541435339873324,1.0009866825360134,0.7865575177164142
1,0.3032126305597853,0.3294971288575227,1.1361960104246642
2,0.8323088433418525,0.7922745003151803,4.6720504744616065
0,0.9528261220825793,1.0291514689174992,1.3139666301115618
1,0.18149529771197276,0.26913339151112603,0.6854837178525548
2,0.7749293181172802,0.6895548062909432,4.8397387619176415
0,1.023119503583919,0.9720847909873858,1.239621381061311
1,0.03228517506214548,0.4447057228778384,1.2086245466722718
2,0.8714388298436021,0.7980807172860351,3.197938655366452
0,0.9407922192125141,1.0573944555672865,1.051822811911928
1,0.24450799141366172,0.15681038411687806,1.2161913661721608
2,1.0418155513211462,0.8847622227358032,3.1824545938770465
0,1.043174010063239,0.9481597671420763,1.2509242549936497
1,0.10474898987833069,-0.021453833169885916,0.9093332445419195
2,0.6551254631541173,0.8290781583816506,3.1114939908776447
0,1.0816527779808864,0.9759231989670177,0.8150520566433187
1,0.06447992502840555,-0.00046167710609426593,1.186989545099991
2,0.5813049540950024,0.7649646065353267,4.253664033974016
0,0.9231138729999712,1.014334983117268,1.0028284993776655
1,0.2487156205581735,0.43321187456549615,1.1994529170809152
2,0.7327276267149899,0.8987611223048785,5.805332088550104
0,1.0276682780415614,0.9880218059644129,1.251636004870831
1,0.16310170340501962,0.10207844846696147,0.5388502853594618
2,1.3222502623429446,0.6783640153751122,4.060510224234315
0,0.9399098795617705,1.0545577671474409,0.7804925037098672
1,0.07463346238642729,0.23059389360615196,1.6424525191342834
2,0.4131928366890032,0.755980849281353,4.135694439596542
0,0.9759354520172923,0.9590317111410693,0.9368031464848501
1,0.3091491929653387,0.23408363663564707,1.2430411037289124
2,0.813145986734495,0.9397702496496587,3.7979861902464904
0,0.985756681481554,1.0269153440307022,1.063473258214747
1,0.3704183772702397,0.13105262436452997,0.836659187879868
2,0.7464087929601418,0.7975839245433642,4.639142145482151
0,1.0397553034703708,0.9189285516478415,0.88502372780537
1,0.19464577069114553,0.11151476163312536,0.8488878230484158
2,0.7973117575071006,0.6503340869749603,2.895826657110686
0,1.0420694030316437,0.9822919186530167,1.1952963052703265
1,0.40801451694426916,0.23484273620599155,1.2145898828310855
2,0.6671470154362463,0.7006159557819919,4.605197728755334
0,1.0457781148918392,0.9878990336832274,0.5667640687863078
1,0.17512464245319861,0.14499411155461503,0.9507395456048885
2,0.6756361164296172,0.7340972989255055,3.81626135083732
0,0.953904595838854,1.0011973728121553,0.9523033064251091
1,0.10169440513131418,0.18725003200093945,0.9658053631583781
2,0.7661343324454936,0.9957895336189939,4.110322891969799
0,0.9308076580043471,1.0247108344041809,1.12924293471759
1,0.22769502122468852,0.53648820421361,0.9134008240946414
2,0.5489256684367416,0.6130942288850117,5.076382703108909
0,0.9451074370836967,0.9747055668587472,1.0188947433798416
1,0.3060864589462676,0.32045462726602586,0.7700349446471243
2,0.7425318554545067,0.8001753290135407,4.074222040886033
0,0.9121226408864751,0.9211209897273113,1.1703629047459034
1,0.03906564796021564,0.2853235125580227,0.74387236844099
2,0.899611282005249,0.7020660378256223,3.6821800630026593
0,0.9791879233658741,1.0785484828741279,1.0240891174450912
1,0.10630650313663774,0.2381856974471875,1.0004084769887798
2,0.6573724608715051,0.9025518900632414,0.9727767925638031
0,0.9842740610856383,1.0024838974080414,1.0212580526790274
1,-0.05947691644382891,0.19781464473371638,1.1200360884973715
2,0.8420249236178908,0.7302447704451629,3.2885824239598227
0,1.0329514568365892,1.0194151976694514,1.0620609905180418
1,5.158441328553809e-05,0.2279282463425795,1.1027319558979887
2,0.8563173119125967,0.9102807044765092,3.915381549580677
0,1.028395195418162,1.034691931411679,1.340400903788997
1,0.31352467588420474,0.2164882445360231,0.9292544291951931
2,0.9554147453418969,0.9774745186508371,2.7842348929482617
0,1.073098251627365,0.9804462369325805,0.9455384899884537
1,0.2122402936046878,0.3431173749087358,0.7425430852681447
2,0.6588945692457279,0.9137781527064339,2.8734179177744
0,0.98638601595914,0.934462857743098,1.2412220995536327
1,0.08286570050731015,0.3287725883659874,1.1777548453173032
2,0.8532212466524012,0.6142241575011911,4.656853880628402
0,1.0493351608331265,1.0115246141046155,1.16282713306627
1,0.24366520512929465,0.16604750895689274,1.2354098718682063
2,0.8880514788239517,0.8236760895207066,4.888735997041369
0,1.002670136723963,1.0522609550561417,0.9937646060813132
1,0.043449288216911436,-0.07852516885219685,0.7944946395693727
2,0.5919202624403919,0.4917390210612538,4.30622843877173
0,1.0637624286066658,0.9866738823544482,0.8181326615538206
1,0.1516668388624861,0.14712985167829606,0.3544056908394593
2,0.6687715998802021,0.7962595740096112,5.70406338379097
0,0.9750412482971267,0.9682631173968488,0.7908835740221931
1,-0.12249562755550397,0.316629102805734,1.2799460131441338
2,0.7286467510407801,0.7359400800690914,4.366073569555538
0,1.048506515090315,0.9954909836945367,0.9470191222735641
1,0.37486243414402554,0.07023896427487583,0.9446950415895902
2,0.9582186095590829,0.5025109583889706,4.155992522380333
0,1.0646611079994808,1.0181721137935729,0.9385038608636419
1,0.19833681670139572,-0.026555164881021276,1.1710005066560585
2,1.0862369886659367,0.7713493161054678,4.329334464814832
0,0.9634132300559166,0.9888281086357753,0.8559485338424581
1,0.08039977277991749,0.13149311981868433,0.8756132126105971
2,0.9147504036099192,0.803522516950265,3.289976925466907
0,1.0471244451913693,1.0574722131277852,0.847594303851116
1,0.09990345876346307,0.4596011647720635,0.8204976624887794
2,0.7834172420942447,0.5170865144260538,4.7500290895517905
0,1.0237887159991341,0.9588914371175831,0.8610395580723119
1,0.3870129604820308,0.3599162935642901,0.9410676548430633
2,0.997661706998033,0.7480256270857605,5.042812983081201
0,0.9985397118129047,1.0527436916922397,1.033023581407211
1,0.12424297137030123,0.3819191800214814,1.176472746776514
2,0.8059582689901464,1.1056947601516869,3.9292046577885213
0,1.0136382118900575,1.0358743191752264,0.9959068973338457
1,0.11259658475583088,0.17123732317479506,0.6748174152296964
2,0.8860284261360026,1.0241547877790946,3.7581304397057105
0,1.0641118524618574,1.0517698995776061,0.7982100559622676
1,0.26635927556554057,0.2487214308953521,0.6640642311403839
2,0.867631515992048,0.673929676279639,3.6169147374514368
0,0.9971496424326143,1.052028982234479,0.7561263632988089
1,0.25935179591722785,0.12723841059445462,1.0136367756748428
2,0.6509800309792984,0.9702477232907926,3.7461153214967653
0,0.9830628886421745,1.0428634013966829,1.2854236910703731
1,0.1873940535354521,0.04739596612263161,1.0893848008060916
2,0.7563426657071008,0.6581548888622692,3.8416210549663474
0,1.0782434074897702,1.0786304873878194,0.932031569003088
1,0.2175885525339981,0.23149819242548902,1.1386163847723776
2,0.8265302841167258,0.8700323077003037,4.243701802004523
0,0.8967186623418629,0.9986521900083496,0.6948135488523747
1,0.40137747214033126,-0.017327049404590594,0.7780237270930874
2,0.8053489630257173,0.8305504630601337,3.0919584930872843
0,0.9392277863836989,1.0353044350503946,1.1726306786996186
1,0.04524444396803823,0.4999553873439685,1.1092221410621597
2,0.7142080816691084,1.1094716373985367,3.755438361364169
0,1.018433242658804,0.9843940334670069,1.0687650292905664
1,0.33910656200111833,0.12619055969641202,1.0394530675539928
2,0.626798622135688,0.7259220291610912,5.610441182169576
0,1.1269555937306592,0.9368283750093097,0.6658985092448337
1,0.4646731706522665,0.18416294745001122,1.0296477596052145
2,0.7334810783846168,0.559392203280861,5.2434649772767115
0,1.0066931259117946,0.9819219347287478,1.0209822735111196
1,0.17765532100586784,0.23438808270384853,1.0334226597240856
2,0.9697546827768274,0.8199600926356755,4.360899182150909
0,1.0277746621939055,1.074860012333078,1.1659997327242027
1,0.21427623303072818,0.44382418843484894,1.0609559099623758
2,1.0976951999153908,0.8105569209109261,4.306012749415062
0,0.9238302259380752,0.9442141032968037,1.061135642008988
1,0.22585098578269092,0.3200262195957888,1.5687363418195952
2,0.7159806421661549,0.5937903232283995,3.6651194024212357
0,0.8847310547108079,0.9937409757369756,1.1487068758928307
1,0.23157275708812794,0.1478305665427857,0.7457126474095699
2,0.7514836796061863,0.8466284402398717,2.377335726010786
0,0.981718228457988,1.0390189910762013,0.9030851797988332
1,0.2060930679587916,0.2495304889860616,1.3883005977878176
2,1.0113033528259148,0.6752856774832237,4.406391096576536
0,0.9823494030552422,1.015289334753994,1.2100811331262524
1,0.1289351144523674,0.02521762633014224,0.6978144093957004
2,0.9450573453309901,1.0126933638079245,3.033824291061844
0,0.9906801776836485,0.9815038729030998,1.076584344306113
1,0.2214181638832078,0.32934028146907757,1.171352969422138
2,0.8733760716301544,0.6401017598741148,3.509203831209767
0,1.0004288541321253,0.9879313179658642,1.0336754647076212
1,0.18139159784903983,0.32077314494684817,1.2493950531224984
2,0.8693392186593781,0.8823524391826758,4.7889796859487825
0,1.001026238000051,0.9809950819045331,0.7450115485276945
1,0.3974790391293992,0.3375490516144932,0.992598412452768
2,0.8780583726402318,0.838600524797366,4.806244905597239
0,0.9297447844025555,1.0190175466785139,1.0164495147050512
1,0.22337937432339466,0.13108229996469273,1.1133287786697563
2,0.6303053867383844,0.5077873523753207,3.762220377049665
0,1.12579806754447,1.002515758448104,0.8622255038235082
1,0.3242572190826646,0.10355741209433138,0.7455932402465125
2,0.7090421623230979,0.9161293155681273,4.690354810862049
0,1.0086584239972893,1.0632565991344793,1.0320146888244122
1,-0.0762771278078293,-0.06589106181788662,0.7337848086602956
2,0.661932801833877,0.745260632148254,2.4800399235707715
0,1.0369777147271944,1.0615954831573502,1.1198845574669078
1,-0.045079001194042484,0.2560936750256422,1.0887129769053008
2,1.023069632021627,0.9813354176718458,3.4913319239936267
0,1.0069265274074994,1.0148103169317144,1.0209632808720857
1,0.1716042995902669,0.2090335962569456,1.2538924442672585
2,0.6960369571579695,0.826076983345304,2.679605115842148
0,1.0164068065701617,0.9662084802037607,0.7187270079286172
1,0.08334357822296082,0.2367475993562135,0.7157825960861475
2,0.9036313892962476,0.7152736449792559,3.914666299636143
0,1.0459900920378946,1.0204589621920697,1.0681932963362264
1,0.12790812436161847,0.4163568258155761,1.0660622213823274
2,0.9519211288458052,0.6217351849170094,4.276058933008867
0,0.9780310303752529,0.97169438249355,0.8204923453346811
1,0.22766980122105157,0.17909081304228405,0.7579840248102456
2,0.8001196661409101,0.6972720465447325,5.290360537966265
0,1.0560767915767333,1.0141133208848239,1.1364753950140571
1,0.35521567705244866,0.2634260479176298,1.0814409678159442
2,0.9287500884423251,0.7883145858404096,3.4361613530307507
0,0.9907051068812301,0.9589287191436978,1.1598735040343349
1,0.32019601916659973,0.053113301896452886,0.7666426346614484
2,0.8059211611323058,0.8124159416500737,4.728894295004556
0,0.9840343580684418,0.9770273633131418,1.101988264285399
1,0.08119480320444303,-0.0692811257379633,0.6999393392025491
2,0.7473952398720813,1.0574723871697642,4.8673105213104435
0,0.9822090678669834,0.9695979903118662,1.3120286470917928
1,0.22196558186106846,0.29133204861113843,0.6211630010854219
2,0.6822756409510806,0.7635615671518119,4.485232267534538
0,1.040360305532559,0.9574738968583023,1.129432973173377
1,0.19977972295525526,0.15232880178151875,1.4882946080807464
2,0.7347581355050615,0.7929109739956522,4.377723341907284
0,0.9989354144415005,0.9870520265085921,1.2521607207563832
1,0.21829016888368805,0.16837083668491704,1.0926501685774206
2,0.8875739117295477,0.7564179285320951,3.477198293201797
0,1.0258020361986164,1.0341782660558905,1.0644977287190813
1,0.20949729781375848,0.24959419602756955,1.2048490997803771
2,0.8103766581147088,0.6668850469084704,3.220144831189243
0,1.0093369381540958,0.9857153704102478,0.8595792608152436
1,0.11488965298459226,0.2646957622242517,1.3385733917210818
2,0.6394991376805499,1.0382798574653056,3.972463574372859
0,1.0163485885068635,0.9649912738337514,1.2369650543922934
1,0.347902107419914,0.2722517932002773,1.3579172237592094
2,0.4531473730774949,0.9714740778607955,5.135633733302676
0,0.9612070764559605,1.0449480555972628,1.1387515910768653
1,0.24397015685674617,-0.09570050604961544,0.8145095785187672
2,0.933303314876816,0.967183089929328,3.904290845994015
0,1.0194506324947095,1.0678824532938005,0.7469575172062006
1,0.3798183633930766,0.458671630525294,1.1690833971581305
2,0.8935769745847101,0.8649348823409805,5.43400407651468
0,1.101562385255991,1.0792401195571228,1.2332322350981972
1,0.26770810222577784,0.21050457954281454,1.2966677442078396
2,0.746720512508417,0.5964192103837422,4.192086351676194
0,0.9071235021085142,1.0663458806356283,0.750308771593762
1,0.1717417225786805,0.048232498032730525,0.8433468263020152
2,1.214821740812937,0.763273749719329,3.51681051515625
0,0.9359712921886317,1.0057882884987948,1.0094129945784915
1,-0.10567314404849198,0.2331214335125616,1.0857138405141498
2,0.7697310979948042,0.542118417077983,4.562752200345843
0,1.0196532694078335,1.1059239303167006,0.9980972992904752
1,0.009352194362838823,0.3098218807992472,0.9537116280021549
2,0.686143265193303,0.9310778863862559,3.9292739680736086
0,1.038210801139435,1.084951638205646,1.2980269662023256
1,0.0911882521046349,0.13614122875872064,0.7314692342060052
2,0.7903025628744678,0.922080894572959,3.965167032579044
0,0.9641699132939683,1.007228215730949,0.6511021874298333
1,0.2851215251906289,0.38506689994947046,0.7487234441510686
2,0.4721567822503028,0.6852228755255696,3.033950756510496
0,1.045458845215764,1.0376718611730105,1.296644342275786
1,0.07805963094097848,0.45490648752001406,0.9357672581361665
2,0.579792840023882,0.7479959466140452,4.420588171035446
0,0.9956410410933912,0.9573177806564642,1.3387458707559727
1,0.10767376488395117,-0.1345533373169856,1.1128537756227557
2,0.9345397600853541,0.45857283648959873,5.656696936515714
0,0.962177772059427,1.0158975569606636,1.3140890498478306
1,0.23113485547066853,0.22568988857192906,0.8597354628991896
2,0.9244883697430193,0.847211293600607,3.5803076535684704
0,1.0370945980538502,0.951434168126956,0.9466131466204843
1,0.01610469665336181,0.2465787313525249,1.1889287260887305
2,0.515821199486808,0.8819701859104772,4.66232030804562
0,1.0170290184894046,0.9079374919245243,1.0545098040243186
1,0.23954769510518203,0.3012178721673393,0.6654237180378588
2,0.801010353224253,1.0567834951260933,3.8314866593747423
0,1.0555355364641918,0.9997641257084519,0.7592146077394151
1,0.05723652086354988,0.2766709302117778,1.1633086080182153
2,0.7304060836558751,0.9303025778268701,3.837447562312184
0,1.0563969692296296,0.9976883885587142,0.9288197019311399
1,0.1658768063025669,0.04721542976083298,0.7152430975495172
2,0.7841573733547498,0.6888195717963093,3.045871361089507
0,0.9888368596847599,0.8538054806471378,0.8568992887989633
1,0.04393493284548969,-0.05137970244159157,1.105755121617562
2,0.8333863557121461,0.9929124814001357,6.130057573321833
0,1.0632981961102654,1.0995200118680346,0.40396312536493506
1,0.32976093658749506,-0.045725947766725505,1.2274625541985642
2,0.6623024040882344,0.8174751103272814,3.9012105452809127
0,1.0437615703430052,0.9782143720420092,0.987071059843042
1,0.24057402243493223,0.07599279857834942,0.6071490213696844
2,0.6990471706091687,0.6812867994795548,4.817300223754993
0,0.9918067590372255,0.9227666920617416,0.8393915494778155
1,0.20330860043209859,0.4070153091062694,1.680250085074267
2,1.1404107117016045,0.6015978850518134,3.801402833881666
0,0.8958208079380843,0.913532999355525,0.8992966364282614
1,-0.10436058905229728,0.012059081585876041,0.5731855566909265
2,0.8772843548000429,0.7587927823314566,4.706496939294169
0,1.035610030434826,0.9301039768486974,1.0764949341171182
1,0.031445555483183646,0.41657961972360236,0.9515092766618398
2,0.7612126162673691,0.8589594353739435,3.0809297095375365
0,0.9942048645768383,1.017038559172709,0.9136622128142542
1,0.263840264392348,0.35498350823869296,0.8516455260282301
2,0.7871403583572474,0.5659269638022736,4.386290310248951
0,1.023605141634905,0.9484482820075183,0.8739903955434573
1,0.022602211098780328,-0.04967747338495537,0.48795492328114753
2,0.9775953457911242,0.6795817775944788,3.709620605115329
0,1.0497664233141701,0.9863354590743137,1.0133506117557585
1,0.12617048137266526,0.2668306262244174,1.0853189141737545
2,0.8579948776282824,0.6832856332665712,3.7096097972448074
0,0.9662183003659321,1.0382160785294725,1.1983078036989996
1,-0.09643761334801004,-0.027499832913651517,0.8859019816282058
2,0.6304066897187646,0.7551108298112247,3.6220901552057567
0,1.07234616338728,0.9595227315934134,0.9603089693160264
1,-0.08503859684999387,0.1843561252350538,0.732594001994759
2,0.623578505621937,0.5906998158278597,2.7735604293163374
0,0.9844903299841898,0.8955686172172439,1.0113926489027905
1,0.2624379640205613,0.6269859444401222,0.6280452729187933
2,1.069191457719464,0.6044493565384153,4.010785300390884
0,0.9592599405148394,1.0846391969150924,1.176661681689588
1,0.0035684107836997103,0.13802730131932528,0.7822909048490887
2,0.6398906652586396,1.044292849260447,2.996070945347835
0,1.0218951959410523,0.9528740634516949,0.9136690796780812
1,0.19871132926263588,0.3707180175710209,1.4492354141538812
2,0.8922723746280319,0.6604571199854765,3.544267670085267
0,1.0807344688282121,1.038911988365367,1.008935705819699
1,0.04737085400162805,0.21017313846458602,0.6697040545887819
2,0.7667972432000194,0.5693676458602969,3.477797801006465
0,1.022299912330391,0.9177053483514088,1.4169793602635319
1,-0.2068423125232261,0.3700380845611885,1.116760306314187
2,0.7939177602715896,0.5259873062454054,4.3726804033862505
0,0.9476481871325688,1.0687106542409777,1.2709965132941252
1,0.14454277911821695,0.06497120724692426,0.7946901417544747
2,0.8920568985966262,0.7424629651902598,3.519330768880926
0,1.0028565777322809,0.9740176586826159,0.6976043868091255
1,0.3496365294807958,0.2738879315036483,1.0587985063992054
2,0.9681836243207149,0.561433667328723,3.2061898161502334
0,0.9039703304756415,1.0702795081498224,1.1271349399365007
1,0.26430691807270185,0.6313381588516425,1.0429956444559334
2,0.643133489592249,0.6169822584449659,4.770399861905581
0,0.9643319864138228,0.9789244156565855,0.6940820283232163
1,-0.07041845856836454,0.16708221278889318,1.1129973929188226
2,0.8338219368532728,0.8506134630199258,3.4017076191246325
0,0.921487108647179,1.02755363851573,0.9665256319198183
1,0.31768600139631453,0.3592283575511682,0.9970195037477468
2,0.8248466271558991,1.1795694094319509,4.156599696802355
0,0.9951758409594627,0.9389898735065905,1.2258103218613603
1,0.23702795786348782,0.4137253996271991,1.2669553545081154
2,0.662430904548929,0.7395404202471182,3.2054071276333316
0,1.0206243600424627,1.0778958344603624,1.1953383327289187
1,0.2770341156073557,0.12883216459636632,0.9611798398114008
2,0.7567725081766337,0.9285820037259471,3.462896086155177
0,0.8893431089678403,1.0826158930945982,0.8897323591292466
1,0.03646811522027063,0.4049547840208044,0.9273388993065268
2,0.9144276877716464,0.5684584825868468,3.719021876592376
0,0.9713757823563205,1.026033325820625,0.49023501625895016
1,0.00574739470803956,0.15747558895730032,0.9024995089749297
2,0.8277366104396731,0.6715039426231092,3.7074725020889945
0,0.9985257746220488,1.0096700006611867,1.232241567376859
1,0.24004164827031388,0.2777548465126585,1.3911411049248286
2,0.7541267820032939,0.7768642403711133,2.175043875840666
0,0.9890082784013602,1.095525563527376,0.8694067104188605
1,0.3224223294062804,0.20605923073759433,0.9651036889069959
2,0.6513046387343482,0.5345663960022887,2.864551561190189
0,1.0212551526111207,0.9227506721977596,0.6866101589492608
1,0.4635329288112558,0.20396664842276246,1.3352215316517806
2,0.60382536531043,0.7282716694721951,3.223125626762609
0,1.0120264382210382,1.0173477870393017,0.8504282737697888
1,0.1876089293426195,0.045765351504194335,1.1190958344936643
2,0.7259639671818985,0.7430851970025099,3.974064294164384
0,0.9862670417460895,1.071041836562619,0.9412086589300767
1,0.1655702848047769,0.12199247127263908,0.9830338789026929
2,0.7468588202562126,1.0955115537254931,2.722306641714548
0,0.9930625155767414,1.0448810039435381,0.6460952290735416
1,0.19249790962391644,-0.12564048704127062,0.9512958824558425
2,1.0332240260817045,0.97781694630857,5.1448527754749405
0,1.0130896162393404,0.9494677869659103,1.2376668466762681
1,0.18729532768439788,0.22423824433186576,1.1989680305329138
2,0.6907402294189828,0.961648764187268,4.189777954380599
0,1.0917077850809425,1.066672214500791,1.051453737735325
1,0.20760038947167572,0.39827286172026144,1.3356415544411708
2,0.7995024779009013,0.9570678717089971,3.1545726001002796
0,0.9669229525013185,1.0162999975837521,0.8166821133055925
1,0.05944091407459626,0.11860519434291528,1.1436633927675783
2,0.9166111743098149,0.7408471056077974,5.570755973219898
0,1.0493964000130338,1.0141211631948195,1.160964337410082
1,0.17802242261489784,0.28374346771726827,0.9553858424085104
2,0.8845164277459296,0.8448096023050657,3.8268054090139554
0,0.9486028239585705,0.9885891575738524,1.44891065892488
1,0.538986038173115,0.28767186129626915,1.4455698687311467
2,0.7263290764305237,0.8146561663397756,3.8999810997843056
0,1.001135192627614,1.0520267882988072,0.9735032199839347
1,0.2604225191688204,0.14173130401438377,1.0778145820219658
2,0.5564320550075227,0.8963716880232157,4.295040092092915
0,1.0117941154248873,0.9806582156190681,0.9333245111820826
1,0.24294880779537686,0.34507497627845646,0.6407383947424437
2,0.8178913929958591,0.9014611577116767,4.212138942756893
0,0.9308742633344274,0.8888390293076932,1.0168809626626123
1,-0.03712516795036522,0.40937059736600756,0.9995399781073303
2,0.9051724078916187,0.9546831807314805,4.278883801817399
0,1.0953517246872697,0.9475933012178824,0.9091776532885537
1,-0.11307855614721674,0.027540156110913816,1.0767581143596536
2,0.810094925836811,0.8746345678902325,2.9761042576136165
0,1.0103688706470821,1.0372672424820277,0.9257478817263725
1,0.27585103425844476,0.13133718086606527,1.295207275869099
2,0.8789433699208113,1.0469380983248782,3.8370206686660087
0,1.006367024592001,1.024240865904246,0.6853303832208111
1,0.16541112485937245,0.02516236159676616,0.9285338530746592
2,0.8561682062516629,0.9385119061103728,4.8262013210815855
0,1.0393942410657213,1.0134389232166914,1.0514082133403126
1,0.1352014778503236,0.1655111948284903,1.18275046413946
2,0.6062791684398798,0.7411391943172965,3.1329683041972713
0,1.0024613527191384,0.9059828115148512,0.6030119695640264
1,0.3679772844268734,0.06856811026756857,0.7156655405776118
2,0.8724664941880053,0.7907154296188326,4.2444348189463454
0,0.989043375514276,0.9461649009752064,1.1473466643356676
1,0.2306639834326023,0.2187052738743368,0.9815568752607751
2,0.9697012308475835,0.7294310544738154,4.557350520456887
0,1.001020047847126,1.000339472550925,1.1008122067127695
1,0.3667691738632535,0.19837877940867918,0.7314702612697672
2,0.8398962521057477,0.6019369765061141,5.080705643579984
0,0.9693534703740054,0.9857811450617247,1.111184885642794
1,0.36259779457412367,0.3510727010246781,0.968846273426945
2,0.6472522810418351,0.9398418247712198,4.3365758332659095
0,0.9621548826423905,1.0654850587418287,1.1709261977133172
1,-0.013409709926045177,0.25826904863004935,1.2656031726427497
2,0.740142722663735,0.9460220231604405,3.125357411911532
0,1.002734356937174,0.9815664509042874,1.2447529298820301
1,0.5192306447449633,0.12659777590079024,0.8943615965160598
2,0.7990908646792935,1.0443492439403446,4.668790689885949
0,1.0208092292537068,0.9552927621753907,1.0552816695560192
1,0.25825775144209,0.08462303282258926,1.0329852008840499
2,0.7237218887275361,0.907062772521122,3.9277968029366117
0,1.0040585549866192,0.9525334294845567,0.9035682642839193
1,0.3140324493895979,0.2669424702814832,0.8796880939194115
2,0.7519200470222692,0.7228927257709338,4.8746059415898495
0,1.1023924849197246,1.007419730408937,1.293992202772274
1,0.11129411318121332,0.42711246275881587,0.9207916115205166
2,0.6508645774902782,0.9983053750036766,3.9267554423654034
0,0.9397104315494405,1.003117706188366,1.1126692469976973
1,0.27808197545046565,0.000800345540098002,0.6112362759479355
2,0.6333711235119532,0.936814767144597,4.23310007929686
0,0.9674840142697798,1.0214434320049692,0.8710536382804656
1,0.4087887400501198,0.2420236428304142,0.9545749946702464
2,0.8331404950441619,0.7120901661308023,3.7291997966624546
0,1.0077487166339532,0.9949662417813548,0.9637849645833083
1,0.036574161608516564,0.4300680622205768,1.2525981121007668
2,0.901590611841762,0.8648300386832428,4.2257645487196935
0,0.9662695774032899,0.9172982600814471,0.8722663039541273
1,0.11519152991815261,0.5327577063063438,1.2422278465142105
2,0.8205023283469922,0.7861496369804484,4.415563989814339
0,0.9519832642035941,1.022650706566573,0.7985496736850431
1,0.09084372862874882,-0.09949856002850588,1.2358974481460923
2,0.7203607734176891,0.72260110718409,3.283371029589194
0,0.9888699069853852,1.0151093195523901,1.1034042238959578
1,0.142700483201737,0.18790108445746423,0.8444192044900889
2,0.7621556402998851,0.8361205691281172,5.170001213670204
0,1.0114352214115456,1.0090160267594952,1.2920424783008073
1,0.2464596916683267,0.24429018703711744,0.9777013264267774
2,0.8387274412034503,0.8402909684408283,4.0688855210721195
0,0.9749395219095999,1.0045740382810628,0.6887955948226951
1,0.33638132749005006,0.1737889491984813,0.6863698949400423
2,0.7503629844601045,0.8282945139789135,3.9517197239647195
0,0.9689994223461477,0.9832090915091062,1.1210003881769661
1,-0.0426100467677952,0.29819368675386193,1.1602502416297789
2,0.7355236852469177,0.700801981410473,3.155745301067147
0,1.076324915585589,1.0332937519840508,1.0454002743642388
1,0.19253126430043,0.06596021291006485,1.003628585332049
2,0.6299791808723813,0.8213527283363878,4.104973476004738
0,1.0553550363561564,1.0042445982603803,1.2527172975532268
1,0.24846751040061194,0.22517687170719677,0.676353350907459
2,0.6233123551218924,1.1002885890147232,3.827269715987025
0,0.9682648549741047,0.9580208075650642,1.4022029005115848
1,0.2606744468146197,-0.0012282186007293305,0.9300411698542616
2,0.8712773967349128,0.7445860578542745,3.309856980987419
0,1.0154388167410235,0.9278988648451069,1.0704103266491565
1,0.5937222764789964,0.033171687250003884,1.0486199561119016
2,0.6132168128276805,0.9104553089085003,3.6947770654981866
0,1.0594390141026084,0.9639371771066485,1.3186319448433654
1,0.2711799928894955,0.14011673831635285,1.0439001455398473
2,0.5947418681748756,0.3647883540818728,4.5202870143831655
0,1.0306493573586248,1.055018668319958,1.043099328108382
1,0.24210226806645185,0.24262674114091787,0.7245603526536708
2,0.8086231537190736,1.0281941318920962,2.2846610640445
0,0.9952010196885723,1.0086949858213317,1.1627299686848758
1,0.1516741319443287,-0.11127740881262449,1.0011612969596717
2,0.8082818454449152,0.6012160433751905,4.291037540157486
0,0.9359995555036664,1.0925340453655987,0.9024980274305999
1,0.36213355057532204,0.16980828923517108,0.8975369531429467
2,0.5729684776436647,0.4952378310612562,3.220983266987225
0,1.0825892964609851,1.0811833449450332,1.0419899186191954
1,-0.045868125091664685,0.25910752319995745,1.0687036930144154
2,0.603378034940418,0.8203679069592436,4.133086482861423
0,0.9686358132363638,1.0432919264586415,0.9866263210719257
1,0.2714849250696663,0.35648333708907937,1.2084603613699691
2,0.7853948246218437,0.776363253417904,3.585647268671103
0,0.9314957126361826,1.0105124729785173,1.3524539974914886
1,0.24057053414838414,0.10340005576048311,0.5819090100335869
2,0.8443751878396301,0.8958837973438553,2.28000500235796
0,0.9874012061653038,1.0097034506816147,1.0421130243398735
1,0.3184670022317743,0.020944463506574335,0.7920362173707436
2,0.7019064845174221,0.4892655017502992,4.910202470461032
0,1.0328924946500277,1.0075370708276203,0.8705099259698835
1,0.022535359771364755,0.12455163922724934,0.9299065453659509
2,0.8428189710521804,0.7078895234185788,4.155472091709648
0,1.0267449382829428,1.0084798181476784,1.0083563500133121
1,0.2173321808829061,0.3219387535206839,1.1686873962909914
2,0.687433237921383,0.9732524524252949,3.6954347058956207
0,0.9963043055802807,0.9786572433466062,0.5812270236106329
1,0.10232661696846855,0.2771500928117492,1.2516388534553082
2,0.9702312518635677,0.7828991387181183,4.348068391652168
0,1.04178657302716,0.9819894525878329,0.7687698912224796
1,0.3188341293093738,0.02948421738758819,0.9207028381699861
2,0.8980260567905618,0.8330894941040972,4.6402953689688315
0,1.0002354087545584,1.0168048468185562,0.9869854276898465
1,0.1111688458912338,0.07676702824381616,0.7581093755715549
2,0.9169889283182803,0.9219937517310149,4.361902299678172
0,0.9383431598085594,0.9473003647645881,0.9655949820910165
1,0.1905349850278145,0.5047834005824476,0.9125847507200169
2,0.8123898130941719,0.7261644796369254,3.925894538769995
0,1.036015055699564,1.0894473645943175,0.8648588507409058
1,0.0877133188821818,0.10801996688591797,0.8224446208770793
2,0.8098956797899824,0.8550484507463187,3.020424986849042
0,1.0478335859044685,1.092867805637394,0.7610832967659951
1,0.31185753599747246,0.3227101299685079,1.2394239668746587
2,0.5529671716973282,0.7745165709699322,2.7606827295342695
0,0.992442694492408,1.0579836279885446,1.162840460976856
1,0.05462572597412993,-0.05785633702706938,1.0149215730758707
2,0.6782698034720315,0.8252769324493856,3.3210566768645724
0,1.0323849788141288,0.9823509713076067,1.191308955891556
1,0.1401548236145702,0.1296001462639373,0.7934157465427837
2,0.6310503356305167,0.8354311940022752,3.8774714171423055
0,0.9589942746050051,0.9903836175787853,0.9562910674565357
1,0.34947203406162114,0.4008985768223714,0.5744060487927518
2,0.8625528213287602,0.8151558469260112,3.794531724854843
0,0.9648524853854821,0.9311137457203927,0.9783637556341936
1,0.31558084171691075,0.1889385074392818,0.6855688130275328
2,1.144987774343945,0.6676282147497599,3.6696395681026512
0,1.0358995591365203,1.0635252252316043,0.9305169675301149
1,0.003659859238347718,0.07781847237234935,0.9049083320955824
2,0.9000713432937565,0.6155483519664016,2.9706111956613084
0,0.9747097538868602,0.9395255010849745,0.8800123848828072
1,0.06204006715413571,0.15004317653718574,0.8507261059277546
2,0.6184252101192039,0.520288712400171,2.7062626775816647
0,0.9653448437143604,1.0146045744400043,0.9051228167235761
1,0.28145020609386007,0.11315938842777545,0.8911888370156595
2,0.8920902675371518,0.843032794993171,4.635565076396657
0,1.0555846458793692,1.050609033782127,0.8939298130152943
1,0.3921172089111381,0.00022120943641687485,0.996205271160595
2,0.739060169393678,0.5554232342256743,3.3109044783766914
0,0.9738702879564438,0.9530358037208156,1.0145056763912859
1,0.10529071326699233,-0.10986569944125618,0.8235651885628301
2,0.6358452767243602,0.768802855543516,3.7848017404056673
0,1.0029166710421837,1.0409342682265155,0.9865826747537743
1,0.052152960401308485,0.2142065943692541,1.3165876938269045
2,1.0056656860609816,0.8178569928254251,1.975794211518041
0,0.9870923663776365,0.9373912742126571,1.0596620989605123
1,0.25404867136584036,0.24699015010954595,1.1484366888381332
2,0.6176180229098434,0.8683776339139357,3.1680946950300726
0,1.0120066929704266,0.9217558126233565,0.8359867283410612
1,0.1824539406234375,0.14837016386677337,0.8418112132833331
2,0.7269053995078493,0.8023193613333258,3.404631340371432
0,1.0433176090121754,1.0144419136245286,0.8976415267002832
1,0.13415848598069585,-0.1063943689602368,1.231306159472075
2,0.8330188202352328,0.9233867318400537,3.223801837314947
0,1.0545350540444547,1.114104519916084,1.0850155655241325
1,0.037215927172697255,0.07169824711370956,1.3131362889040177
2,0.9154132487292398,0.6361768139357339,5.00428965619917
0,1.0579951240453218,1.0474295967139498,1.2162137368107744
1,0.06862739989576902,0.3522082632961103,0.6691786605081769
2,0.9552962055434664,0.7655277235166368,4.7854296105348535
0,0.9655106541751212,1.0463400209463898,0.9330623501173596
1,0.13328196126518646,0.1546610472243077,1.1798998335524975
2,0.9696057043540997,0.7085528561152183,4.765551275041236
0,1.0688308115628349,0.959796177030567,0.9884451822286013
1,0.3468052280555187,0.4588867174890065,1.1007421141446325
2,0.821447662118135,0.5784635684420706,4.042682078079641
0,1.016299863441916,1.0511803747720625,1.0475098601736128
1,0.08484985039629053,0.20058221516240796,1.1292736257475195
2,0.7734728578049842,0.8919575448418358,5.34192667718446
0,0.9794237412673183,1.0145385977491956,0.8692523152378394
1,0.09658134303787694,0.08353228193850645,1.2375465195564306
2,1.0109230907399565,0.7982628777826656,5.899744377006135
0,0.920734896206588,0.9576834359262467,1.2752077226632526
1,0.27760392232253817,0.22284945745519028,0.936129546164779
2,0.8452456953695178,0.8484411901891412,3.91651991763661
0,1.0244605665750663,1.0661023568834214,1.152624022449939
1,0.08098037604298615,0.6511155957296367,1.2811076280224356
2,0.8206048576647235,1.0097703520898906,3.478756004751103
0,1.0450583731256753,1.0376403945828272,0.7660569546245863
1,0.08629990037503582,0.14457005197247602,0.871808802241013
2,0.8189764811505695,0.8218388326863443,5.5537716952373914
0,1.0596874276223716,1.0170393066461936,0.9724071129611176
1,0.09518862249424469,0.10279775816749308,1.087958115238395
2,0.6280593243075904,0.7642645168604822,4.597434450728985
0,0.973870440031558,0.9613494743072695,1.1903903954303245
1,0.17112298176821505,0.4432930636228945,1.1344372914725853
2,0.643237715176836,0.7897848007562027,2.5486674990231686
0,0.8538835403635923,0.953122984895155,1.4283319546810729
1,0.10171435078853071,0.2802389010166578,1.2397312928764332
2,0.5298049976596715,0.9854598557912297,4.0073170270864304
0,1.0028825566986121,1.0142987165997726,1.0457453277756668
1,0.35350358328075415,-0.08486597937950169,0.8778282527624881
2,0.5965239061783949,0.5935576420973343,3.9836450488796467
0,0.9906539471883757,1.0425095204561199,1.293978834928105
1,0.15603823648582257,0.08143486498563086,1.015491475541171
2,0.9707622056603232,0.9273099301520333,3.557523934781459
0,1.0066608433340498,0.9783981436421078,0.964934926839206
1,0.371380132548206,0.10727627277068062,0.9553914394234901
2,0.8718810048233235,0.7483411918142957,3.937581580272205
0,0.9657572148542384,1.015851024204434,0.9553342016243772
1,0.1791270057391029,0.21017388656893649,1.0480901259579218
2,0.8069842080481736,0.9299366143172452,5.181717773684768
0,0.9729603954171703,0.9962311616505366,0.9065489654233634
1,0.3780875656835673,0.3868140285312377,0.9265331354817504
2,0.6551981544279453,0.9312086902733403,2.755639845908031
0,1.0085403396636783,1.0500408625404372,0.7789306728421007
1,0.3084264234076967,0.090404754756142,1.0223422200997172
2,0.8493270702256137,0.8488522714450805,4.433853064099249
0,1.0927421633000578,1.024299983289116,1.220725037714697
1,0.26216629868386504,0.30412263540881246,0.8389705926242319
2,0.6685202205388248,0.8025100374364013,4.544384826690864
0,1.0262318281318563,1.061801821932397,1.0570809604106188
1,0.27001387026349966,-0.09160206157414258,0.8815986912573667
2,0.40029699208146047,0.620061259975664,3.436129848576999
0,0.9277498458777127,0.9354070444767365,1.134900541372518
1,0.11408703433677482,0.2963677391710725,0.8919479750738816
2,0.9612691743861491,0.8417285208263724,5.09157220146475
0,0.9956979837216259,1.0411262648091661,1.354682547551255
1,0.32074913636089275,0.38847131571327675,0.700311381311445
2,0.6669232538063535,0.9729047346043049,3.7791917383544518
0,0.9830802534839561,0.9097775861110787,0.7297815600700703
1,-0.00382944419898798,0.09453596915705491,1.0113782452593916
2,0.7170804602828139,1.121724831833157,4.719386796796554
0,0.9624081804607262,0.979981213047963,1.0699871284428508
1,0.22148809854856819,0.3144305236343155,1.0328740371544587
2,0.9337006597169621,0.9464438447070609,3.5164658711918584
0,0.970833030536273,1.0008735029617566,1.005985230788814
1,0.46319697945992194,0.07632683118131195,0.6687282529196492
2,0.6804794619106913,0.7078667826741327,4.805376593834926
0,1.0255504468702819,0.9868115015396928,1.269718165682868
1,-0.06011138640671099,0.3273602550082624,0.9720829901295776
2,0.7935825632129923,0.7857342123490179,3.959021253135769
0,1.007874190797886,0.9440742971402281,1.0670325854953717
1,0.5709894991328707,0.12596007895463068,0.8494598081553696
2,0.7958928921380773,0.8610656932161866,3.7719733206880157
0,0.9677828876438714,0.9331661496790695,1.089680584548363
1,0.09449704094723321,-0.05787341706406002,0.696900447997654
2,1.034790661724799,0.8675742301173877,3.6203939050501592
0,0.9854519979310125,0.9675748738529596,1.0022751960307894
1,0.10273634111058468,0.09941586041754041,1.1633484800705522
2,0.602450525090412,0.8259122332809632,3.923549924244518
0,1.022085118520605,0.9506295967667941,1.385646918247538
1,0.04604649418816878,0.10009940402641254,0.6854205993043428
2,0.7671881313807177,1.020480658767639,5.572640191535916
0,1.0007191758186689,0.9574677260856502,1.3540958339668099
1,0.047634138244329716,0.3391972769714299,1.2913985747528738
2,0.9439440828526293,0.8138078173833956,5.363039402822884
0,1.0081380861310383,1.0307873358843855,1.158823976576695
1,0.28937819259354,0.2788336017653234,1.227492297307151
2,0.4704569709191238,1.0417801054032525,3.510450703264327
0,1.0065053355101086,1.0171909042735559,1.0752370592577551
1,0.4807448885738002,0.2347430174108654,1.141328164184855
2,0.8666004337373191,1.0678411350976158,4.1834418540525675
0,0.9636053021955513,0.9145829222408527,1.0161597200715033
1,-0.025907282494666922,0.27767815282329966,1.008999103324855
2,1.0021579339528277,0.8181990545601247,3.657763212620548
0,1.042771697954325,1.006916396962835,0.7795722056478714
1,0.10945803678176075,0.2858030468331206,0.7136899466944822
2,0.9155760616710746,0.829888604031423,3.908232378390834
0,1.0132883588256072,0.9857346690755749,1.3655747016167656
1,0.18819122326456994,0.04483441578909014,0.8556815708555743
2,0.9490180113762987,0.8919989596956654,4.037752975433198
0,1.0755527061353636,0.956655017172401,1.0020403424851378
1,0.0347465170922083,0.2616864739144861,0.9077985205571214
2,1.0568808079432572,0.8159494750246554,4.713619034387404
0,0.9399072494001606,0.963108601558898,0.7792370596246478
1,0.3554799375947799,0.48515830430532264,0.8745965817334524
2,0.586558155747529,0.7279473900678286,5.476419134893016
0,1.032086830536589,0.9822651533704322,0.9249009022953188
1,0.2619052852342878,0.3870164783700609,1.058014422930114
2,0.7241513473987768,0.8631654030560958,4.5576474658069
0,1.1004208485467937,1.0219212274822371,1.0576628501410936
1,-0.02323929185826079,0.22367374386885802,0.7622209012915261
2,1.0370928591364486,0.9032894757971393,4.234798754680364
0,1.0640132394855888,0.9892044018047876,0.8930427291673695
1,0.10906851361737012,0.3090338429483349,1.0719232820847964
2,0.7941088282014547,0.7587768993376193,4.019829820563288
0,1.0362724970482131,0.999844589393449,0.8669810992324736
1,0.3729760945659953,-0.0294053856539489,1.5102591216084653
2,0.7006053925272311,0.7948604978745555,3.4508269729644363
0,0.9265030307493968,1.0740262340757056,0.7442416302077455
1,0.31480280818869255,0.06473751516700374,1.1111172035457715
2,1.0164152984401151,1.0433229072167953,4.397890446489405
0,1.023357669647851,0.8964077968338098,0.7609612795913512
1,0.3578201163685477,0.09739995460569635,1.123196185979873
2,0.5317593548034374,0.8244872049124897,4.770141688904823
0,1.0174723778826336,0.9311450931313097,0.6140204718564684
1,0.013275773811981834,0.11796791958397167,0.962729280311054
2,0.7498483611843938,0.6323645953728936,4.127763896180453
0,1.05787546077361,1.002319278536811,1.0837509242418568
1,0.34890045911227147,0.3482621009892383,1.1127420431095318
2,0.6716369560288897,0.6638505419795034,3.891360266136121
0,0.9291169996146356,1.06620990174036,0.6147009296173096
1,0.498900293688633,0.2414739927920694,1.1423051392363774
2,0.5999198225134921,0.8042229400330736,3.83199598785455
0,1.0515578411424538,1.0110164500134702,1.1147452771087454
1,0.07600126904555518,0.12198772215275545,1.429260381126427
2,0.6749854006937968,0.7974788984864013,4.194783628362667
0,0.9471159258115461,1.052794438242708,0.5676526035189089
1,0.3604183598540138,0.19999657632092602,1.1310711875241033
2,0.9189832882212893,0.8517182894794622,3.2632121444960047
0,1.0202214397547686,1.0049234077310214,0.8867066833663323
1,0.5315797486046967,0.32052558681435567,1.3019854714444397
2,0.619615787512654,0.8474228173330626,4.315651175034372
0,0.9908668212147418,0.9696111383735672,0.9609581579809149
1,0.17429973248034336,0.11971923306542745,1.1093245352841357
2,0.7486073563288091,0.6953398954219779,4.028421177147905
0,0.9868507142252747,0.9154420683967924,1.0315217573449493
1,0.12597608474326494,0.07331015312373634,1.1588563697766587
2,0.5855129234669629,0.8613247046792292,3.183115969231487
0,0.9690665633204915,1.0299415846085762,1.0807336253483217
1,0.3599447673168982,0.44782132064055946,1.1598442055940685
2,0.5329514529157189,0.9203927745563321,3.2236765728941537
0,1.0500431129779817,1.0385734506997686,1.4464199766983041
1,0.22196510424929644,0.2918850617478329,1.02423173357106
2,0.8230563793581447,0.7725476888565006,4.675934217340153
0,0.9888119044690851,1.0118396275562869,1.138681160709988
1,0.04529967477233093,0.11346508083065458,0.9629147487243833
2,1.0044416400340506,0.7139238517350658,4.665677286291754
0,0.9778818372424202,1.0655998850955866,0.807335919455413
1,0.2259956467935,0.14648404292338094,0.7223615147760216
2,0.8704690661525543,0.9279309321967888,5.433545537886082
0,0.9114809670065293,0.9219566766353743,1.0038630688831145
1,0.37328652093337855,0.4668406119349161,1.0977491564617758
2,0.9080475224319708,0.9822152075183659,4.509408611614747
0,0.9975888010867259,0.9912167201505604,0.9141644750082388
1,0.16750658201534696,0.2010200794993747,1.202542166254708
2,0.8334991181895333,0.6371662393412805,3.186260172224596
0,1.007995117109802,1.0032489350229457,1.1180102506573046
1,0.3229443381427717,0.40685344770068604,0.9189818944419448
2,0.80390670340854,0.7704472230104065,2.1838945458293075
0,1.0051271232411205,1.0690605116310226,1.1204633073697312
1,0.23887690575110598,0.37049100849931527,1.0120800479733947
2,1.0887686866906414,0.6744928564502547,4.016167007989494
0,0.9799521945847148,0.9481463643775632,0.8902959107278733
1,0.026905929117099492,0.15870091528076147,0.8660813301421344
2,0.8270342448807526,0.6587145255901624,4.439948798274436
0,0.9579058890274244,0.9386010556525269,0.8174906085321039
1,0.3135638095259603,0.18100659485295972,0.8519209111607184
2,0.8469917740126536,0.9050083112647025,2.8666503761001287
0,1.0049241214844316,1.042701045158907,1.031102902663683
1,-0.12930896731504188,-0.07485739025481652,1.0767674164680694
2,0.7805217259154101,0.9612050342750861,3.657059033785351
0,1.058182380114165,0.9727341443870736,1.1470111675419754
1,0.1888336737843948,-0.10784404402189818,0.7613182572504698
2,0.8405095707042364,0.8597054919634348,3.517539074481407
0,0.9599556665280199,1.03744276091872,0.6860064439132716
1,0.09989266393547724,0.3688471051153996,1.0868418039114747
2,0.551010398581085,0.7260191754757658,3.7285732118383548
0,1.0870992053855795,0.9335152742965709,1.0244566968497408
1,-0.005206354709521105,0.0449531159933626,0.7818015188355102
2,0.6017644536826285,0.6538734714609769,5.833970605270488
0,1.0142859177955796,1.0506673401169158,1.1105748725849296
1,0.030647230252740243,0.333747515719062,1.036151449397594
2,0.9069224329942234,0.8351653973586958,4.617380716740577
0,1.0338098589928812,0.9036784615746575,0.793590048544905
1,0.14307852599528414,0.32930357005150535,1.3232981562560269
2,0.5764047729451961,1.0036463238122604,4.0339553383521
0,0.899255398733009,1.0035789106909094,0.9575640287364313
1,0.14927970025685378,0.5854615542561061,1.353112707434258
2,0.8664011560019125,0.7579344402927526,4.513527669578712
0,0.9680983577432516,0.9560764939325402,1.2292193791360484
1,0.1025676249431301,0.5774001969599178,0.8541187260354709
2,0.7678587619824344,0.9674210190580995,2.449071821149291
0,0.9780448702570432,1.008543455017182,0.8470280293781189
1,0.21166243372424545,0.1330546131566787,0.9792558302266366
2,0.6042864218240702,0.5758675095636664,4.2788853909965265
0,1.0303658838105,0.9842706295949164,0.8379193154303776
1,0.25069252163560174,0.1682383274973379,1.158941346199881
2,0.6952144296964593,0.8874051660554358,4.334458230900422
0,0.9869652234905053,0.9637591360215605,1.1826166319575027
1,-0.04948540422630965,0.34489628599636063,1.023199562508451
2,0.6077296206499648,0.8984227597338075,3.480048907495983
0,1.058144347721824,1.013325456986308,0.7833742084504994
1,0.43306363591161784,0.15189448560124677,1.1259242456192833
2,0.673739614140081,0.6661707443589605,3.1646262132367626
0,0.9998686092007395,0.9486620922314807,0.797702054045794
1,0.39720245098427254,0.15958715016445968,1.2323387430842943
2,0.715134169344877,0.9007910013065645,4.6619189987028715
0,0.9880848090624602,1.0338275535108568,0.7886577670715504
1,0.3713199169441247,0.3602576814978257,1.2185609181685877
2,0.5543773256150175,0.5435909966041397,3.673409678284492
0,0.9994399512451528,0.9514418192526327,0.7869869436696779
1,0.14526268808818418,0.2910390851838313,0.9171307174326548
2,0.6171294203969807,0.9166817051000515,4.915417853627355
0,1.0467799111845777,0.9036001497877681,0.9480965211818372
1,0.45538494089153925,-0.010321012386220657,0.8176839161637302
2,0.8830665437788401,0.6568450559019624,2.1379748515500507
0,1.0637591952533776,0.9379200408923359,0.9292780462077617
1,0.4677302738020015,0.3877971196174791,0.957567441331497
2,0.815788463192266,1.0429692627999674,4.150891200977113
0,1.0711457420701593,0.9046341458565277,0.8251798714212835
1,0.11287906899978477,0.26656995472564227,0.8172994856546578
2,0.6704426619526074,0.5849598029504495,4.191671201457825
0,0.9770164509865372,1.071671118942774,1.2320272664060536
1,0.23133636723994444,0.07437933069314773,0.8610002430955322
2,0.6286250496330985,0.6886266365577836,5.004096658995652
0,1.0127744893758452,0.9609280579468663,1.1303902081352182
1,0.13504785916480516,-0.07507905588410735,0.8971913949451125
2,0.5778012070191595,0.658176156506563,2.8093263909918047
0,1.0716488704020557,0.987031283421886,0.9602576780368229
1,0.2266110849531054,0.34553456948075095,1.2354736222640665
2,1.003913294881255,0.8433409158676886,4.620061841577984
0,0.9845723624508251,1.0483852373043836,1.2214706044077446
1,-0.07649585865295133,0.16765607372386637,0.5561056891795768
2,0.657084748269302,0.760817622472394,4.707760687979113
0,1.0386890274291556,0.9709259944842156,1.0803419137945922
1,0.04150509934272226,0.07734357560025684,1.1444297441368527
2,0.8850375067918688,0.9803633040690197,3.3097667584333665
0,1.0795297067078635,0.9953793495008434,0.7668405806923954
1,0.17031399062523286,0.42948145132563764,0.9085101398394698
2,0.9414275052094402,0.7401341662219074,2.9455500584533603
0,0.9131257940465553,1.0018965609463555,0.8396517086299677
1,0.2282880735292832,0.19672512056649955,1.1101112464903202
2,0.686124240666099,0.7056109391599559,5.158946956135443
0,1.0674578302733921,1.068311502276733,1.0121807615712886
1,0.19947973459348345,0.22088478106335596,0.8501464510596198
2,0.6787717919238252,0.9944280817860616,4.163368131560001
0,0.9332442435737435,1.0427186156576576,0.7951146912577551
1,0.3558757526911649,0.06162715642101463,1.0307681058072165
2,1.061695021963962,0.8496541739518483,3.804331760326559
0,1.0085622380340673,0.9499789158886125,1.0808613852147733
1,0.12869551768443904,0.22436582793688709,0.8739428536799663
2,1.0074688847586617,0.8865923274920835,4.449385748760079
0,1.030461942712699,1.0251596831681284,0.7164885568305519
1,0.33321121401243214,0.12828003870263804,0.9092193012059698
2,0.6756359438356734,0.7271419777259873,3.743495527902809
0,1.0116956260818177,1.0412588083692706,1.0902564279027596
1,0.06501406714083599,0.16585975213328308,0.7984564546992249
2,0.8972630638091013,0.6571368895971682,3.613410929634718
0,0.8228865750408835,0.9877847838734101,0.5870384147889562
1,0.10161360111072804,0.18008543233559082,0.89688726457539
2,0.7070636958070774,0.6459444755128979,2.3797923010734054
0,1.0334947618948545,0.9534292661371901,0.9481037883066963
1,0.43146855832961994,0.32156306046725697,1.100154557959241
2,0.6428791975841581,1.0142453983478446,4.969296698360193
0,0.9713798616690708,1.0345019243424096,1.2073798295674063
1,0.14266939861477554,0.3867756901553753,1.217491459417344
2,0.8490809874955401,0.5954840830837071,3.9890936338584773
0,0.9868173833715148,1.0189625322962272,0.809542757322953
1,0.18208849538090766,0.29669550425257973,0.828945942660929
2,1.1720587765252324,0.6701429039366577,4.529479693173068
0,1.0872008840839078,0.9550010941142587,1.0497446674786617
1,-0.005237246737592266,0.2755578468059918,1.195593681594394
2,0.6789855389587225,0.5159563545785419,3.5306246296504353
0,0.9936817895406878,0.962138020580254,0.570867070560511
1,0.14835307668372608,0.22045461502573324,0.7352262602316704
2,0.6404067300763823,0.8923133467732913,3.6925342280006372
0,0.983560810970001,0.9525142633018189,1.2295021923598495
1,0.07340464731549126,0.1768570683626095,0.9355217359171146
2,1.0029204053152863,1.0284330276161997,2.8888995930442407
0,1.000399712652182,1.0051412180461101,1.5007962143747176
1,0.2696707915609434,0.19400448087965858,1.1098166885180143
2,0.8931000540400216,0.5286005765821824,3.7818052473869113
0,0.9928879123666229,1.0051416916781177,0.8682974166134304
1,0.26728204737772093,0.4047748708419704,0.9483244964924777
2,0.8700940158105687,0.9103195203042724,4.099607511110008
0,1.009899210587748,1.0386098474833805,1.1820726552787966
1,0.20996453444236649,0.21272498599936807,1.2491636896804477
2,0.7050836547066934,0.7090347118114917,4.28615158756195
0,1.0236354573759283,0.9700376188329842,1.0004589553224874
1,0.3240123587825743,0.3217280400442091,0.9015089316329232
2,0.7181533174352208,0.7371364780995454,5.406939022093437
0,0.9491570572015848,0.9190552727373432,1.1085172668443455
1,0.2888155078668709,0.08412426190842424,0.8385945983482461
2,0.5645864487277482,0.6574647505790341,3.4761749046018555
0,0.9749058133707631,0.9595388376889703,0.8477956861192122
1,0.13262846170214648,0.20808762184981747,1.2830133504246075
2,0.5871113278210076,0.958485263210876,2.6387215048323664
0,0.9891733971969255,1.0316151798997217,0.9182034497619398
1,0.24378910593772854,0.3738928934861593,1.1047015344936688
2,1.280604649000088,1.0273366547113616,3.080734566231073
0,1.0225791960427262,1.0027863812011097,1.4154701552276805
1,0.296188525163597,0.1230408660438934,0.5933161850518722
2,0.6709559110107003,0.5869980217241546,3.7242802834111117
0,1.0026407770596502,1.0974590449608572,0.9386978426620582
1,0.20853283814469897,0.07744971859388368,0.5095156325654865
2,0.9018077176217507,0.5957690522532855,2.306605740328659
0,1.0461742112984598,1.0181734144838683,1.1750761296755656
1,0.38163829294562335,0.30879289128424603,0.8857303676157056
2,1.0273111947525249,1.0081681190884948,4.636019676563244
0,1.0362264323911943,1.0367579716993922,1.0441384248788286
1,0.4017229821954529,0.2672456948135438,1.0292115106549347
2,0.8723440107909447,0.5940769594502332,4.879184120964888
0,0.9478542027562126,1.0139075341432797,0.91688888933888
1,0.09659065604375258,0.25828016811626664,1.1430153660613716
2,0.6207397593196977,0.6035143077630291,4.915708248832455
0,1.0101605822002833,1.0535186399596497,1.127641225345099
1,0.3572442796402986,0.5226471808995898,0.8335016122841907
2,0.9322952847495901,0.747881228534828,5.193167937454567
0,0.9766999290883327,0.9965329453573142,0.8228641746509285
1,-0.006256205291743117,0.013691586250392962,1.1064078719024883
2,0.8469846474967756,1.0743550319212898,4.0191578681496605
0,1.0307853251467558,0.9727888443756465,1.215476857971895
1,0.3075199647335409,0.23577733153841296,1.177918077822394
2,0.8264023338419212,0.8406987737387026,4.107178235799936
0,1.0059268482413455,1.0466339149673223,0.6925591735038117
1,0.312478230145254,0.3517262415733369,1.1358231193176684
2,0.6201450580250929,0.8339945472614171,4.7792211532851
0,0.9748231086909819,1.029253253861959,0.9347001326303856
1,-0.02511414352296623,0.030528359569964775,0.6382696283268982
2,0.7756216317941593,0.9919443888357682,4.330155640021924
0,1.0490034758631697,0.9937671689854389,0.9717961987686438
1,0.2660384802593684,0.30267073431185726,1.0663264804960721
2,0.9286683300035292,0.7494701760279685,4.095354974747869
0,0.9785567263068149,0.9218341551846556,1.0232041200079953
1,0.19535419750293564,-0.15441841714373877,1.1088762679207278
2,0.8519381384795427,0.7691501594034246,4.316283526545
0,1.03297952073271,0.9931599099283013,0.9476429941753014
1,0.1799973263566486,0.16813189786059193,0.9669907829691475
2,0.4928773404762732,0.46934934037042925,5.898977465438641
0,1.0425409901285936,1.082227313990289,0.7740376083609004
1,0.331520737242777,0.11544528668475895,1.0629635028975442
2,0.8768562577526585,0.749893256832095,3.293130984895239
0,0.9044031661135008,1.0341659458653032,0.7572609584258254
1,0.04331234685513993,0.2980861388613971,0.9093448806243637
2,0.7082332986585131,0.7330846946917833,4.543501069286474
0,0.9594489212603619,1.0723681330840689,1.152359972138333
1,0.21282933372214774,0.21012306771908934,0.9516946083929678
2,0.7705414508008954,0.5168454130675517,4.162213906195518
0,1.0083439552038564,0.9473658221021496,1.0887449034282626
1,0.15792450144476178,-0.08523930694931359,0.9094645170323317
2,0.6001306101162602,0.8365446470221505,5.401867217618047
0,1.0114657271684324,1.0314679342517457,0.837680044332409
1,0.35011457677734736,0.15945594542645666,0.8768823137482032
2,0.7802415750597997,0.5607395984684306,3.982536333200171
0,1.052560345598018,1.0089961806915102,0.7571631806083179
1,0.22700062306851673,0.23903127157991957,1.1990288648553946
2,0.7628300217918262,0.6254114897194996,5.13226127257548
0,0.9583918458257837,0.9516493922097191,0.48834467985109165
1,0.4312571536023848,0.34128321973224784,1.33304406076665
2,0.9166107599408048,0.882227705114528,4.420986115378767
0,0.934399078068671,0.9916827460757016,1.3143916733947463
1,0.17890847194757592,0.228321469679466,1.2307662614895816
2,0.7274834681147718,0.7798733526051668,2.5980754240205997
0,0.9682315456073641,1.0118773429247465,0.7467434125870643
1,0.37376364558646136,0.26774441151659234,1.061720060973496
2,1.208470504727718,1.0557801265603404,4.7307456549309626
0,0.9729911350854009,0.9905322724724888,1.0273237525380252
1,0.20422155410790788,0.29149488668389034,0.8337586450933973
2,0.7227690791491601,0.8374259895970589,4.032004626983439
0,1.0730063061496038,0.9927716520263643,1.3230775218230553
1,0.2074091596686013,0.2436968891251255,0.7162590851905783
2,0.7649174367200081,0.9808078236805755,4.561844889875017
0,1.0160271617201306,1.0272983320395086,0.7160957995202832
1,0.3484906588642155,0.15258988747353147,0.9228910964708036
2,0.7741995156920863,1.0585355929330063,3.529439919509259
0,1.0167598481332125,0.8891467305197601,0.7159691834840856
1,0.27553377885518726,0.12318718798498282,1.1584426594386188
2,0.5965750309089202,0.8463148296201434,3.8307858285920773
0,1.0196820685950772,1.0619367851441497,1.213517732991775
1,0.3066722075683376,0.3153044445198071,0.9707756914139594
2,0.8152428359618559,0.5203121971447148,4.128597809854842
0,1.0005094609729928,1.0071280292588813,1.1048879512108318
1,0.18549249129753492,0.3508639716466181,1.326181729651218
2,0.6198519880661273,0.737556093736187,4.223729610580343
0,1.018971804362247,0.9566380738359449,0.8548250168652293
1,-0.07317588004296272,0.06279790570576418,0.8949073257235293
2,0.6877940516600436,0.7811159185406098,3.2839880378766364
0,1.032688167260743,1.0288146471066557,0.681427933603318
1,0.05930626166364947,0.5332251500244394,1.0726049010937815
2,0.7749059421641055,0.6939628401565234,5.515501519642307
0,0.8817368380573254,0.93175526220481,1.145582430577099
1,0.17625624883531055,0.20821781548678372,1.0959478050382496
2,0.8364306645895819,0.8671826250859566,3.8105764157073017
0,0.9491773005878307,0.9064803099660547,0.9954256725558304
1,0.27058080203929796,0.04519037704368073,1.1924633701228378
2,1.0018523541873587,0.7960568862141753,5.1854676542308935
0,0.9807764300377595,1.0807719193396759,0.9702890072552872
1,0.36120505853932006,0.31814768919285974,0.9149297539734946
2,0.5973283068798122,0.6627166566848818,3.1916900857034687
0,0.9827932818542873,0.9554062561365181,0.9870110926944436
1,0.3011663440963308,0.15442925662010776,0.7069428921830287
2,1.0794609971276732,1.055144445576969,4.788789915670273
0,1.0257242308096608,1.0445506182192328,0.9600781655991341
1,0.2050691667632807,0.1960414050708896,1.3680992620393706
2,0.6794248712598444,1.076961207724682,3.417684513494577
0,0.9720130587103741,1.016533453138444,0.8795879834346537
1,0.17274898133168295,0.14889461371261653,0.8883258597602758
2,0.9758259601097289,1.0355712750904589,4.844660018414208
0,0.8927888409644265,0.8813921252210328,1.0595538203887513
1,-0.13463936685826605,0.381373516784385,1.2661751280637015
2,0.847193001245901,0.7299142922433488,3.6341386142834025
0,1.0351076416043132,1.1470001302300266,0.9628317027931359
1,0.21647668882390025,0.3110436660585778,1.1815735046488767
2,0.8612597592650105,0.6387859660936508,3.241163144732915
0,1.0622661582106507,1.0924950505363147,1.1224041753004648
1,0.2732612104380954,0.4182151776115754,1.2010883915950987
2,0.6919560550086827,0.92834772597238,3.2355484537301407
0,0.9554373121227546,0.9729163359697696,0.6472957099458109
1,0.35415893644188956,0.3423563011932017,0.6566559032700492
2,1.03374599562576,0.9335343387963737,3.573238399039708
0,0.9132025033168256,1.0860634755866094,0.9205635073653732
1,0.0643394091177047,0.11795956695462748,1.41069417043818
2,0.8860876840265575,0.9842007597390734,3.2368604037584476
0,1.0212225117216454,0.9559196486115614,1.099243281427069
1,0.16014952760557447,0.3243463242420116,1.1899481325779193
2,0.7426907921595021,0.782350694961486,5.507764856293532
0,1.0125274454021596,1.0054881491140337,0.7963498023972253
1,0.15659011202807938,0.1039094188969059,1.0378571742768412
2,0.8230175194545035,0.7445186728583769,3.982224046776267
0,0.9412676716543843,0.9447032493246394,0.5167794832498256
1,0.19217599540903155,0.2372971962889199,1.0295301486439783
2,0.844680623157338,0.8883073902578972,3.37304668328631
0,0.9857250273674601,0.9577620395528994,1.2997287857832363
1,0.07348913878527985,0.20427515344573646,1.1329025397807158
2,1.008230051754912,0.726670540887556,4.101103424153479
0,1.0388154345673815,0.9487560433029246,1.1358918789677204
1,0.22801306351605236,0.019920391195182685,1.0982973500793967
2,0.8189534190637172,0.8602086267039496,3.9899872248111357
0,1.1109850496088782,0.954734984881786,0.9560501252633051
1,0.09336237785281648,0.4064646243413881,0.9944134409388893
2,0.7580648862896555,0.8005683556439708,5.24389899970823
0,1.0662608874902597,0.9832165824550467,0.9514154054791656
1,0.10893800286205883,0.26090407945097915,0.5668357242317377
2,0.8356632641305193,0.9734566492990828,4.311037274133992
0,1.0975999317091065,1.0139268922854727,0.8974369717453151
1,0.19518701653122328,0.05998348902467096,0.9627027338684013
2,0.8117439858029277,0.8189634217126287,3.2203661717079304
0,0.9567614595926879,1.0425014860546602,1.1129923375434367
1,0.3140695934390333,0.19888598577030778,0.9278517337498786
2,0.7085089069612838,0.9790962495446407,3.6954579284463374
0,0.9600005181525698,1.0068169215464107,1.0250060490855466
1,0.4003426280477731,0.3434955265632368,1.2456895799058183
2,0.7931015607223415,0.7808331203925539,2.9739724900260933
0,0.9423673114679184,1.1070367112360604,1.676569029915596
1,0.009361828060139993,0.015580370202862598,0.6262144635259413
2,0.685710397238518,0.8176309170972698,3.5243226867966735
0,0.9867420223514577,1.0573944572374734,1.4067921701062283
1,0.21941088111758808,0.25604389083283974,0.8735860130483057
2,0.8587468860804528,0.7805418416280236,1.7251599920596905
0,1.009099354301696,1.0312399531275591,1.0818522282391192
1,0.13576592003145926,0.21375164647591638,0.7511541647116073
2,0.9321393051110851,0.8538399889334342,3.6690040934262456
0,0.9435714877029228,0.9310781749737979,1.2152206352012036
1,0.3055394187706583,0.2871663292976211,1.1187665600185417
2,0.9581681357080447,0.6571309718608127,3.499861391038327
0,1.095417945880007,1.051725982534288,1.4375388515102339
1,0.03593839658999379,0.11717692775657998,1.0342709351801191
2,0.8772254617135452,0.7817122939003508,3.7712111510557396
0,0.9842404717127266,0.9731688656383599,1.0355191012352039
1,0.34934798740112066,0.3602750540117351,0.4931470880427137
2,1.0322383905740278,0.7394137415995224,3.3410359536994876
0,1.0847446840988308,0.9758254051745296,0.8652366438440346
1,0.15393289359196266,0.22252870238401146,1.3881916169733555
2,0.5868319119291721,0.679600692377455,5.154136586472655
0,1.126250451909997,1.1033463645001027,1.4805377480760766
1,-0.1515044622652374,0.36426555523960036,0.8642336882121049
2,0.8132607627444711,1.166241640071908,3.500739834018822
0,0.9580328762139733,1.0144305461384246,1.2293044077030442
1,0.15579292111984067,0.19787648528685875,0.7786647836271737
2,0.6904344092002515,0.912166069349626,4.759209282829054
0,1.0185158814673252,1.0195663816826168,1.0221325889263906
1,0.3134055036369454,0.1873396121033731,1.145127977861977
2,0.9834179969507203,0.5705360363379819,4.396650939321803
0,0.9447882206813314,0.9952814583337586,0.8912038336798682
1,0.010806144157239017,0.3094675225943874,0.8308803564139992
2,0.9894650810123916,0.9199443291745641,5.440440434021111
0,1.0442579304720303,0.8800784867913044,1.0316572059576399
1,0.16799199783019264,0.262216575308529,1.0231316910371904
2,0.774151274876386,0.8832327333219572,3.166512588369547
0,1.0555966290628367,0.9691037061062091,0.895139560072873
1,0.01213472063592233,0.21755508854023145,1.2341382330149413
2,1.0072675075614568,0.8769484727899294,3.3368465343265896
0,0.999904033044428,1.0281050595908567,0.8776912167242837
1,0.43945067739693267,0.6017234498530094,0.8511025900473217
2,0.8862052986492587,0.9488274133479049,3.5400880339304184
0,0.9924664829744794,1.0748400107590506,1.2738494394562365
1,0.2518532591117188,0.18613996738225075,0.8378643403041973
2,0.620835759843048,0.5638319571772809,4.252713526179442
0,0.9426435174600172,1.0589839987420226,1.0868292793040077
1,0.5371425916707636,0.10085293120202075,0.9946706919589319
2,0.6473473312166315,0.6297839299224711,2.5709218263961517
0,0.8367506764842285,0.9714956595819821,1.2687237668821505
1,0.0612367267838915,0.32880211149045924,1.3041325439533233
2,0.9413400380616306,0.8112582804522253,4.0184891077196765
0,0.9496631776816662,0.9711097379965183,0.9002020948632965
1,0.29169567377894295,0.6296591878995311,1.1808693040223666
2,0.8722524840369887,0.6338529174526175,4.629209015074469
0,1.0054401547533092,1.0123423517982622,0.8668307790385119
1,0.17925396068799923,0.23424758201399637,1.1249015319531905
2,0.7975225233027395,0.9854549079165139,2.8444554465834484
0,0.9774665819533093,0.9266005591483485,1.593666026002005
1,0.23801354773858327,0.3771032904365865,1.1397138877478332
2,0.9183198851517418,0.8212857832272986,3.3952481778070247
0,0.9930694470502469,0.9228760904518017,1.1173214659068715
1,-0.20784964764418862,0.1438843664148424,0.7921156255751582
2,0.7315736378965261,0.4087102604432669,3.84677902585724
0,1.0637746560388381,0.9520661400326252,1.0895846100804805
1,0.2723789601844498,0.42849302692389396,0.8810068901827227
2,0.8073366567858167,0.7067093691726766,4.48887980738946
0,0.9884273700344188,1.021250235810691,1.0999113884096892
1,0.08495264234968244,0.22352545506582047,0.93873348307878
2,0.9555485518403988,0.9622687561496973,3.8390429404072277
0,0.9887505783278793,0.9673519169274913,0.9371835153462351
1,0.13875969021890633,0.3107930211894488,1.314999616504983
2,0.8056177435694352,0.4343352660839141,3.560166193169013
0,1.0518219295661262,0.9253948776767402,0.7388839556879668
1,0.3088026402771199,-0.0022928691177226124,0.952417516343171
2,0.8001060205950357,1.0089895991784443,5.892701266288865
0,0.9413121264388825,0.9628654834949988,0.5876005372418012
1,0.37165348274575005,-0.17609898928339612,1.1059149222304474
2,0.8228308450789713,1.0303528799034585,2.9054013202699958
0,0.9880083855121031,1.0868497426211963,0.8284404950464076
1,0.08874967897858947,0.11702653470188254,1.1584071069398347
2,0.8924558928602162,0.6659973015500154,4.6531659174553806
0,1.0376101045781068,0.9322953161888631,0.5969960110101672
1,0.021636386143233183,0.16445442884384,1.277172878199084
2,0.6940469114071542,0.8262383449943361,3.866960522763301
0,0.978294430152566,1.013496721562681,0.7090258914088446
1,0.22557585267431335,0.4902565323913262,1.022519856470047
2,0.5649659161209244,0.8487890851306783,4.245041145811212
0,1.01598435029685,0.920154479637761,1.2235407452264329
1,0.0498626186583396,0.1279253532706247,0.8097043239374592
2,1.0593650554584557,0.6263166702830808,4.477463298777783
0,1.0595555754968955,0.9283052788273992,0.9562903164570994
1,0.4065513430505762,0.13310921865923392,0.9657868307886773
2,0.6756169594380036,0.8211315217862515,3.617573516655369
0,1.0093768981250864,1.032950874107384,1.2601249329123174
1,0.21857424306367354,0.11714657014076965,0.8427768369126935
2,0.8003484017508902,0.8507951762965937,5.050835293380467
0,1.0518746298066366,0.9287124198927269,1.1057186169647037
1,0.1295730932808037,0.4901967070129425,0.7590805207144189
2,0.8139459774823335,0.7220273208776656,3.1960205075720904
0,1.0508653321794856,0.9075058757561115,0.8635809941437044
1,0.5161483805693511,0.22799524232221885,0.7032224208490514
2,0.6642371899403343,0.5798044719943145,4.252085724317574
0,1.0190639310076954,0.9753810956386849,0.9177296428942918
1,-0.038100039306837113,0.2574299502978969,0.9288547393361831
2,0.8497482423691579,0.7818744147786916,3.114780664087552
0,1.0673208749379375,0.9416043555069958,1.3896084878072787
1,0.22245726800156382,0.04940694967388906,0.9638116888364098
2,0.7022647974099273,0.6906637252239004,3.5461387603808965
0,0.9865675462083552,1.0113974425944559,0.8511216265472149
1,0.1336186616881746,0.16769363122556719,1.0870639559899522
2,0.8198936598985809,0.5543707307729592,5.514466101403354
0,0.9913679211630131,1.0515273484439693,1.0736005643696653
1,0.6043707682570888,0.35462745009471364,0.8410946804831552
2,0.8320553418350595,0.6666427785427634,5.367307459718686
0,0.9931486140623699,0.9379138213790258,0.8272885203760262
1,0.18073394631933748,0.15101866084892238,1.1328452096276298
2,0.7069795825112384,1.0380571475163995,3.8476323296125283
0,0.915790832725657,0.9789906619819196,1.0120778296636557
1,0.37416649426523796,0.4282459595115754,0.8521647149481747
2,0.5064303285185575,0.8372010585108368,3.515288743812638
0,0.9364543003029384,1.040949231878124,0.6611547859033076
1,0.07450605752285391,0.13371591385968917,1.0231915661844138
2,0.9126237491116175,1.01753286968968,3.8962159244828363
0,1.0041979265833938,0.9535662330234447,1.1070782744380592
1,0.06436022093108229,0.2190768396425764,1.0310821682240996
2,1.0608322923030153,0.9806657407080621,4.059003541505384
0,0.9561258306153209,0.9967157327844188,1.3863981953444675
1,0.3146174283122959,0.2526015625634916,1.1141932107434283
2,0.9206656809797011,0.7372572829093296,3.460856165295934
0,0.966189953671657,1.0188848597295688,0.7038603952566678
1,0.22611654000274484,0.0300300127490499,0.8096712592215095
2,0.7260172532403025,0.7015923201408253,3.502184273186568
0,0.9457980717908833,1.0440666467107371,0.9711980053631389
1,-0.20500548912037442,0.0946673150283824,0.6044435432750856
2,0.5456926984172749,1.1419021622426377,6.298751471229118
0,0.9385693027628152,0.9611877750497918,1.2943944548620239
1,0.04313580634901404,0.21327362665566268,1.0876602147266183
2,0.6930608850002389,0.5489338746604142,4.9734430555922655
0,0.9075820694163612,0.953903209877237,1.0222387932443655
1,0.42217762111989,0.3909223714192881,1.4651138320149815
2,0.8871333224118745,0.6468754703820642,3.6478656156527283
0,0.9979154575000668,1.0547242161448007,1.656251689256984
1,0.1269599795276995,-0.03975989289416482,0.7347961264336474
2,1.0039754495486417,0.6772396725519201,5.465197787581035
0,1.1124059056838616,1.0128261093968134,0.8265395870604846
1,0.18854913599192052,0.17136815781552434,1.2711327857816843
2,0.5596644776919261,0.8522485141985192,5.903712254125325
0,0.9273766931523022,1.0016807006945714,1.0644656310988354
1,0.2973241794737752,0.016357418097968424,1.2517657880067161
2,0.9726802910770329,0.9959986447498413,3.164069245800384
0,0.9787727692519471,0.9396133502021787,1.1733094613464954
1,0.1159130226427897,0.1576709423786632,0.9835285317749523
2,0.7068623986584673,0.6831691055651968,4.572623099718493
0,1.0076085126877334,1.0337448774087545,1.0494544204094358
1,0.44614870556645786,0.3833746768950259,1.1358021503005817
2,0.909958193492844,0.7825459585015411,5.019324388342024
0,0.9827343857809616,1.052685692288776,0.9491001444389002
1,0.21682257398370572,0.16353195050864072,1.0768588994851696
2,0.8125953742567397,0.8770123554447853,3.509716890625662
0,0.9713501703643017,1.0273498917638921,0.818529252157106
1,0.12915265816886662,0.11661490857363858,1.1816453661742816
2,0.47501750457520675,0.7787869284110436,4.005964235209969
0,0.9883867450611529,1.0253693931812964,1.1033304836655575
1,0.34324323573618665,0.40408563151603183,1.2883141806354104
2,0.7256353808412755,1.0001312352474196,3.7396574726935294
0,0.9624182756615101,1.013690372194835,0.7427826535794024
1,0.2515905959130606,0.46803803640968417,0.7170080044773233
2,0.8987935558277361,0.6101296080035017,5.0068003991331205
0,0.9500976129458552,1.0616925012930731,0.9200770872235879
1,0.12795503334161262,0.1042673505313196,1.2984772854312232
2,0.9543225539446971,0.8795513326364717,5.339274018127553
0,1.010785362648839,0.9754741618347575,1.072947889494207
1,0.37377686766667784,-0.1927773092226298,1.0722835551967247
2,0.8005164966860757,0.970691927783109,4.13654795295549
0,1.0478741146693011,1.0023830023328242,0.9474613102828917
1,0.35338196173172476,0.3098906801459833,0.7428228687307834
2,0.984111863288264,0.6372966906804964,4.227313185707536
0,0.988629105353687,0.9709654823007094,1.025431924088381
1,0.37882458491381754,0.10970734152584087,0.9159506543333231
2,0.8394715371109196,0.625412597056816,3.742431361977223
0,0.9715897814069544,0.9738326243787379,0.7166040554153633
1,0.3456141057931712,0.09146835536643265,0.8162979090909294
2,0.6796255762986031,0.6972708712610691,4.466822545267986
0,0.9920581604252379,1.039448002995451,0.5996173149728061
1,0.09194504937553863,-0.0013831418918814065,1.0652167937795824
2,0.9392468612909576,0.7657778681242323,3.340436780316143
0,0.9512707207056572,1.1156736917736036,0.7681981516502608
1,0.24835371351095592,-0.20575968364349073,1.0584783026545785
2,0.9255256936158942,0.9420129863880612,4.342370714176804
0,1.0386697968998575,0.9982806437274954,0.9144995321753742
1,0.027410034988805954,0.16057555197179516,0.5972027776089348
2,1.0805804041883007,0.8913017609356401,3.769438368702454
0,1.0581711961945988,1.0332569512600416,1.0318761797781286
1,-0.12839965864271208,0.07237443505987842,1.163240096407834
2,0.8910574305970622,0.8235026693117193,3.992943638667586
0,1.0053190166500205,1.0216472054431653,1.1080982740541632
1,0.19682620677293206,0.19804581715109956,1.080646793626888
2,0.6384932802172988,1.1189490685401577,4.058811031980614
0,1.0569797749698608,0.9678232389041234,0.6834866244472385
1,-0.060990349580086534,0.4017251332765611,0.41536305423091957
2,0.8550163416641406,0.8138278948659556,5.121571474898957
0,0.9721492415298298,1.027752270881615,0.5965556703817889
1,0.05471523409077472,-0.09911976731000954,0.9522073928230301
2,0.5105157864991478,0.8012873211061303,3.343546097254701
0,1.046884619892257,1.0078017275098272,1.2099539997550408
1,0.3045064014635481,0.26948555081689574,0.9103355553953693
2,0.6545681958239009,0.8324137391215236,4.32992711781509
0,0.9841447346245377,1.0579492820137388,1.1523820348432532
1,0.20815058558069457,0.3929973877426354,1.2366114474370042
2,0.592070825420384,0.5621110458091292,3.91368480059967
0,1.045988266551844,1.1346982823060179,0.8315596757748731
1,0.17852042414939565,-0.047885809629138465,0.5278542436821828
2,0.8410334788818947,0.8337948359273336,3.40925035799425
0,1.0491737407759927,1.0173038151518123,1.2821036669479724
1,0.12512578593032472,0.16504853154341645,1.0224574531421795
2,0.6000662352980521,0.8036895434519917,3.9065873518547143
0,1.058887097259338,0.9535965982708052,0.9608586137052695
1,0.19356086386216698,0.021877019316822593,1.0256302392547767
2,0.6497319005031987,0.704103757260057,3.893917775366858
0,0.9495743151074512,0.9512987202530597,1.2315747508591353
1,0.2745109738560213,0.22786710311796599,1.1542894269243211
2,0.8114355815509328,0.8962755833723449,4.79780264421019
0,1.0846228675731309,1.0244618032560546,1.2707179265583999
1,0.2199087129331102,0.12866787549859438,0.7554292228035084
2,0.5875943201035423,0.7046338915675845,4.460839746666425
0,1.0739278381996804,0.9463665761467347,1.0293707076369158
1,0.24555806532513189,0.135325045285709,0.7228554014732516
2,1.0346734018110335,0.9420410248541042,2.742313593220915
0,0.8985420127438791,1.0185506387781824,1.1478501661578786
1,-0.276819956562326,0.12611875697419758,0.9094188401280324
2,0.9028608622256836,0.7416975918733342,3.0427370719020495
0,1.046849383558309,0.91470137074735,1.3604314863317952
1,0.5365171386850496,0.2601519964042314,1.2324795728954712
2,0.9609717254625219,0.7829578266672375,5.045481796960324
0,0.9822231284277565,1.0678698453627693,1.1117548887075346
1,0.3492498208720606,-0.01661008978222772,0.7438813675945304
2,1.0854642497470306,0.9506651185010074,3.4926243841965534
0,0.9145746654431752,1.0019809533293391,1.2441453901580208
1,0.1078371380296379,0.27468887476693093,1.0437245786529468
2,0.914692112215284,0.8456520101190171,4.567471215695252
0,0.9837430311610571,1.0161198600191776,1.3142744147987953
1,0.31757095507459215,0.2039800810909984,1.069684220678394
2,0.8617357645300527,1.0582643646118868,5.11552149011969
0,1.0222423525145043,0.9869061991645152,1.2384964649977992
1,0.22349586722476003,0.2539192566976327,0.8073449249641916
2,0.8702662144108511,0.8522269050237692,3.552056761317309
0,1.001454476774536,1.0072910566379796,1.2809552805602775
1,0.327260372789507,0.5051565372962524,0.8407780993691955
2,0.8466711194778513,1.1771910213168344,4.323805673608443
0,0.9333153682719817,0.9618153897596382,1.101178445483429
1,0.43238841922611027,0.305694258566643,1.2939148175668256
2,0.6666226298564653,0.5561242916936718,3.3823185168729184
0,1.0873644042560122,1.0274325106009101,0.9290530882278681
1,0.00586866330435265,0.3337223910152851,0.4212852401686692
2,0.8512302423508216,0.9101216258242205,4.172203401455959
0,0.9778802327810988,1.0606379783335573,1.044958799426876
1,0.16000895357663278,0.0690046878943614,1.2864280070802592
2,0.8719674140641624,0.5011032165748958,3.6454782868062434
0,0.9593672338732936,0.9800619722640742,1.1128938038880292
1,0.12912771870209655,0.28121294892709414,0.5994215777943765
2,0.7568430506216254,0.9316429581567907,4.056729865694173
0,0.9704443844512491,1.0519172282182048,0.9480755382304594
1,0.43347644972186505,0.12473608133409052,1.4908848010214006
2,0.6287803525103367,0.9551732795440335,3.852071720729194
0,0.9785453261245739,0.9075396500336541,1.0520773761503048
1,0.1732243865214596,0.06992809364269634,0.7568805326977999
2,0.8864303781273275,0.6081296586549284,3.599163174990025
0,0.9409239468155542,1.0351140242226233,0.9980807316279664
1,0.15851059845947038,0.1892948769495867,1.2692368592351744
2,0.7910074348216776,0.8047063565065439,5.028905349124204
0,0.971641346843405,0.9537988119204073,1.0251892481475318
1,0.1849949466066874,0.2713826501904967,1.100083103841629
2,0.7755240259574862,0.9790146661547515,5.405758566402742
0,0.9425636114468423,1.026949615793859,1.0719662291523813
1,0.14668863716333447,0.296471681144751,1.4247887909636656
2,0.7320535939996831,0.8836761559467654,5.065195576178002
0,1.0269982109342746,0.9340266278673431,1.3602923961451205
1,0.3368513020622345,0.19631858141791808,0.981500823496883
2,0.7116106908078866,0.7891389649385057,4.275359797083666
0,0.9846764158756744,1.0418107110880594,0.7565879932248545
1,0.3621581519280348,0.06377675219657361,0.838371802737295
2,0.6533191709924471,0.5793115803092851,5.433315655429016
0,1.0036820499114703,0.9923988627662736,0.7793176810262454
1,0.3491428341508944,0.24149019606542493,1.0353172299135283
2,1.0254036424566582,0.858862207768912,3.900407472587403
0,0.968296573992068,1.0163156109506617,1.0380826829081493
1,0.23135902451808507,0.0981311996770571,1.0490367653269181
2,0.9737865566240478,0.9753951322727543,4.1954531590251944
0,0.9953008744880062,1.0960727942182704,1.0159774521437068
1,-0.017248289059885152,0.5382935838555408,0.6020059339641723
2,0.628574389348147,0.8850791882578878,4.159945303557603
0,1.043305343567305,1.038321687646052,0.8730859309001322
1,0.513140942697339,0.159927688972837,1.3614224235820156
2,0.6609418141009317,0.6396854301661437,3.5122043673786516
0,0.9686178305926212,0.9807024541154842,0.8011712988328465
1,0.09956372708052028,0.33082595214439664,0.9097925712782344
2,0.9962184124767619,0.6774056612320862,2.9429000710816986
0,1.0356778890780698,0.9763382064344094,0.763815933253892
1,0.27061502484876876,-0.12367231202700424,0.8086243336065726
2,0.6948096767040848,0.7089802321217595,4.530590885609905
0,1.0158327258842752,1.0140315597519363,0.8395123704749413
1,0.19221154924913905,0.18780195403765726,1.1678608380682731
2,0.7119844063713694,0.8907136094237066,4.402519403400862
0,0.9398519772499645,1.1035701445606538,0.7879785181012625
1,0.42095518921833963,0.20916312914271368,0.9648844653313614
2,0.9294086121085496,1.019988299611154,5.041979404598461
0,1.0334018042559894,1.029571716451971,0.8337296187834936
1,0.2169696139274908,0.21782360362189945,0.9679117527673177
2,0.7903588417867764,0.5782970894121342,4.8213910626921255
0,0.9957331770302972,1.0259012553089226,0.753009052060245
1,0.4062720726345703,0.3491058455238315,1.0091723361033715
2,0.8709645090950102,0.7869730746785909,4.735233757422562
0,0.91067822572312,0.9887974334755368,0.9221668714241272
1,0.13951986512361608,0.21817511311530316,0.8936278779959986
2,0.835464488372459,0.9276578687532963,5.254029496505122
0,1.0091250089358885,0.9322317138951404,0.8182294598276331
1,0.14519044487978472,0.036594278558938126,0.8868055285542975
2,0.7381752936231086,0.9709118533815464,4.315064853152138
0,1.1012716188788896,1.028956079504338,0.9209836548048691
1,0.2676702347480921,0.21514563766262548,1.3237949421789241
2,0.6752623617013754,0.841991484643878,3.193008443354039
0,1.0660906097595955,1.0398868638708205,0.8587783007064173
1,0.2642860657992513,0.11375959081326605,1.1914621956828113
2,1.192251324056905,0.8767402304240358,3.21896220347847
0,0.9413680671745378,1.0147161351646785,0.9469429036889249
1,0.1564640269968416,0.4541122909240993,0.9397476464464237
2,0.8785330810398366,0.7675637417173762,4.945524478521417
0,0.9120416265786466,1.0241076593681246,0.9732369692081767
1,0.022797294568862564,0.17596550395075367,1.2878540058885832
2,0.6529161699692168,0.7600279993923612,3.158664279607364
0,1.0364807349176186,1.0092269608410238,0.9564999872513168
1,0.2205875167425675,0.01610431979426652,1.0602514766336506
2,0.77696500786232,0.7103113348390453,3.730610135185829
0,0.9796333976729713,0.9770398123024061,1.1003665033791725
1,0.003536325017436198,0.3054286906734785,1.2275259658833624
2,0.8309147269595809,0.49955311378899114,4.293194339904543
0,1.028467542213342,1.0304363018772598,0.8844963812473493
1,0.16168407547909494,0.020241107548513243,1.1035897279914157
2,0.8674662384666632,0.7993079756422832,3.2776608074807987
0,1.031751668144138,1.067691791522607,0.8913478045249382
1,0.5243665972841842,0.224036146521674,0.9804290467943078
2,0.6648243141335421,0.7479101224264546,4.31239861680861
0,0.9538867327478346,1.070030874672372,0.6390134059162202
1,0.34665286343340196,0.199857696600099,0.7736513682199678
2,1.046270977122376,0.6328402420694901,4.432849888526941
0,1.0195666091506674,1.0327782600189463,0.9510435545452588
1,0.4097806733630571,0.30702191207012186,1.257125065204014
2,0.9500445473881682,0.6868230611261669,4.327616208368945
0,0.9980665689443096,0.9995670221595688,1.194068683243363
1,0.1150534693187903,0.33034331188421917,1.0046815536275417
2,0.9251057610970468,0.7522052847623398,4.2695437428285175
0,0.9658855994949268,1.0239775941773017,0.8963506323514169
1,0.11513113384015888,0.24716537364190228,0.8513629073935067
2,0.9226385539876284,0.6174085107375339,3.0017904463401757
0,1.0521976654789573,0.9336000204165872,1.1413888814338355
1,0.09470393976802689,0.24274373253239254,1.1139528041998605
2,0.9859947283822575,0.5957448450457269,3.635146813198683
0,1.0200291687214826,1.0315849450559897,0.8869506588857872
1,0.15947134876267482,-0.0152643633023887,0.4964178335802397
2,0.767589788811693,0.8294709636915725,4.219100018881711
0,1.0309698577836257,1.0093258440559798,1.0676730628461344
1,0.2637462374555685,0.1982445735700886,1.4048674324848598
2,0.6363893713766914,0.7936868125507337,4.087959268985783
0,0.9683679565242077,1.0017771664870079,1.5263149450658309
1,0.18655184639510833,0.224399938373272,1.314677131072691
2,0.7506615235991612,0.6941223316337773,4.6824800787416
0,0.9550383538270241,0.9446864439899035,0.8446573900262913
1,0.10847667293819314,0.29291681492740435,1.00105331330437
2,0.7118885954517188,0.8434598790227262,4.468702383761623
0,0.9581854856752215,1.0394335405259987,0.9503923175528282
1,0.15802319140242643,0.15654538176775606,1.3028421368657623
2,0.8472060942855855,0.7745953146379178,4.410816019311669
0,1.0121457255640591,0.9574718197218253,0.9400063760949295
1,0.38013627815999906,0.31822783840272867,1.1130101679793731
2,0.8776277178179914,0.6258691036585263,4.075481000887593
0,1.0386645211166967,0.9963519520212603,0.813418003190842
1,0.13098946676091971,0.5108586320464805,0.8134457251554119
2,0.8390060391069689,0.8622115772549392,3.8988035688273377
0,0.9567061848933667,0.9785315768605481,1.069806248240635
1,0.0916049134845187,0.17498426659266572,0.7702977085896687
2,0.5714795401913472,0.7408484854543108,2.975667090459333
0,1.1208899333730147,1.063327056113058,0.9097421150527862
1,0.2882604703098963,0.10444142860596456,0.9787418744105434
2,0.5850130827487242,0.899379129829916,2.4872980329469687
0,1.0647228497812617,1.0629714402143935,0.8720545242964152
1,0.23574348638860856,0.29108145675186897,0.8547969630797186
2,0.7258504864505149,0.7532384163033774,4.440688342007521
0,1.0272410827124834,0.95779158635961,0.7212540297737311
1,0.2982548978517574,0.19856922255632023,1.0380984588317435
2,0.790040158812236,0.9156447779945952,4.949809756131826
0,1.1062377268237071,1.039236124725434,1.2311689751332955
1,0.12349118932062184,0.00691517187283977,1.0646252008168522
2,0.45281652880848206,0.9586530544610579,3.0770928845285854
0,0.9557494116868818,0.9919680708810009,0.8720646461124647
1,0.051375552827074844,0.5038144602274854,1.3318451247792527
2,0.8698390604938602,0.6507304698275215,4.740047267965002
0,1.071786620192614,0.9780354219369846,0.924151722427998
1,0.24637106221248906,0.24925865056703844,0.7576932916049623
2,0.775338131004449,0.9939747916842032,3.9538390651379496
0,1.0079950157000426,1.018829081462068,1.1437827922709098
1,0.27384945937616917,0.4223877984702219,0.984212546273188
2,1.08797980376032,0.7303655129040602,3.687066294929514
0,1.0070715910051369,1.0128515870015355,1.4256486432661937
1,0.357636891999793,0.3079997122737686,1.1987236267574566
2,0.7754441962919265,0.8744998157008741,3.0886545197610786
0,1.002533415534874,1.0127658298756017,1.1737978110584404
1,0.27051979770388906,0.5310173159562994,0.8727601602334731
2,0.7259952101624608,0.672076431921887,3.779912284213263
0,1.0045342210724097,1.006041472511914,0.723853463937826
1,0.24165815088555537,0.3631534901361907,1.2466381720670714
2,0.659194635348512,0.4559278146983718,2.7800408952968665
0,1.085792184274525,1.0873017136915135,1.1748596950318773
1,0.3628119448587037,0.4723532831392251,1.1135549286622544
2,0.7551451529831295,0.7185050817956896,4.366266302253825
0,0.9522678589177805,0.9996957862971934,1.0846501359033416
1,0.176613585882149,0.18052251435334915,1.335516152420513
2,0.6471744818040237,0.8418883544405031,3.721919001877752
0,0.9722047453780109,1.0278228457442515,1.1121117046536022
1,0.29571191559175264,0.3893407384231496,1.1200853796466685
2,0.627513499403423,0.6635374504811178,3.788061289391593
0,0.9486393942931786,0.9279219750043192,1.0968936923875092
1,0.12930869771513598,0.3499206454077432,0.6810586366981726
2,0.9021687062669155,1.1067417762417815,3.826599155228687
0,1.0060713564533155,1.0430361633254877,0.9599896066945717
1,-0.10613859585847318,0.14300326255498097,0.6850505483306069
2,0.8061367390778986,0.4749093821523568,5.69615977431868
0,1.0348391021626984,1.017118484326998,0.9710806527440438
1,0.135039359611715,0.2756540611843062,0.9311059123412286
2,0.9150765016605115,0.8067182789998565,3.503213599711992
0,0.9565300850580665,1.0080047844774291,1.1264649076999769
1,0.351236073296258,0.09755255812346837,0.9877001272236857
2,0.9226337579482753,0.8065154105772523,4.244063106083027
0,0.9970969609500243,1.0040872454219005,1.0940941405141384
1,0.09254729182978787,0.1771231553874153,0.7545450932297425
2,0.9969883158322386,0.906577392557902,2.346830172934232
0,1.0000310158179881,1.0743809219194125,1.0091465982630052
1,0.12930896369078587,0.36927484576517494,1.110241774179584
2,0.7092539517260121,1.1520272931966968,3.4626772977729763
0,1.0607261867846995,0.9487916633340988,0.8606972314737678
1,0.3218342737639674,0.08423219326383502,0.9513380808490852
2,0.780770986480218,0.9885606745015727,2.2537718653954566
0,1.035048187750082,0.9918080708943626,1.1921445935103914
1,0.20732091098911154,0.36407782481553597,1.0984481554922774
2,0.854384423352756,1.1268687832416506,3.4444347703587437
0,1.040837801666276,0.9515891408020626,1.0524720417571798
1,0.21913924333169418,0.22578874325747994,1.0604079471669272
2,0.958832600556733,1.025002210296248,4.313398289695201
0,1.0305248437845922,1.0024196040338265,0.9674659491471082
1,0.3593586558835561,0.18228297193631654,1.2019342088794507
2,0.7827385708845654,0.9733574298582663,5.095135145639259
0,0.9558452085779205,1.074402898924258,0.996250496599593
1,0.05152105621210845,0.17461010765306229,0.8626021577453247
2,0.926189885412682,0.8808528607060752,3.076616994880444
0,0.9876329199606386,0.9908899367975703,1.4961513662211643
1,0.23337150326167194,0.2575919931760082,0.9888156734087984
2,0.8200960727394218,0.8758894491565031,2.9149737688933044
0,0.9714105118083334,1.0181765627802069,0.9279409747934698
1,0.14256429399928888,0.09509447781355977,1.2546919575408408
2,0.8551932862276319,0.5587289415747805,4.065554230741443
0,0.9508971062161815,0.986691968892331,1.1853704173383544
1,0.12874742775336542,0.4846004436237067,1.274748498225297
2,0.9092127450930332,0.8405743856535417,4.507385914444963
0,0.9645361239928238,1.0253957597354488,1.2359627413877299
1,0.34082939237978466,-0.005371638404699897,1.0606989506827655
2,0.7263130275247309,0.6286553910250376,4.712805709736516
0,1.0286024711355475,1.0472721812685661,1.0591251941183124
1,0.10784130458021184,0.0413912727991427,0.9567557386965518
2,0.6215642290290575,0.9785327221823328,3.114436497019775
0,1.0065353524003553,0.9931314233921463,1.0626590789039456
1,0.17934129132048607,0.14817376768036228,1.1380239103463907
2,0.756330581015762,0.5530685094483929,4.444093038240699
0,0.9418356438414592,1.0467415706148797,1.106794309881872
1,0.07275974449622957,0.36273135167109305,1.056593764356253
2,0.6292938992035216,1.0851369505751747,3.2430586725462436
0,1.0346450300502843,0.9882985155411388,0.8617915980672565
1,0.3393607745068439,0.15916498528807493,1.186018008574477
2,0.8935117431921553,0.8250917171278055,2.2504687197910824
0,1.0843974864704147,1.037573882093684,1.1414760967543907
1,0.5067073266529408,0.23817699889120938,0.5447486078241965
2,0.8835898911817867,0.8435479078883793,3.0411813243700943
0,1.006715172683027,0.9589945682199796,1.0823699655391912
1,0.25051898975982284,0.4333600744265378,1.1038424064765757
2,0.8611539679374389,0.7003258349806011,4.596123873670714
0,0.9873088070869229,1.0103222531406013,0.8018779098200927
1,0.14373938604305625,-0.1394800499374701,0.7266852097433181
2,0.8660563726201796,0.8794275726841783,3.8850623544162817
0,1.0024000746473158,0.9449664880648511,1.00360721419608
1,0.4795854834945013,0.0955515320760844,0.8759667698684895
2,0.802026550878123,0.9467449673205356,5.0715958183814696
0,1.053616008539497,1.1122261616907894,1.0536514907442915
1,0.012449283201046185,0.3859645409359789,1.080926548002126
2,0.8460474498967719,0.9441257633135962,4.157957476375652
0,0.9315280016775014,0.9549406837101837,1.0432340008535939
1,0.2846708853881151,0.11172263439540045,0.8421369161383891
2,0.7194213853940944,0.7780052339500492,3.8912115866522776
0,0.9475041999784533,0.9751292544420674,1.1984136278746922
1,0.6157707766487959,0.07481043548186678,0.9303035514985538
2,0.9102600791553865,0.7051986134103772,3.129358429398638
0,1.0950372524468897,1.0781115919344046,1.0888492053143006
1,0.2715318082284025,0.27157337786649866,0.9699439699704876
2,0.9128800982463745,1.0442706923542349,2.5929795053465226
0,1.0352212730978765,0.9958037938693678,1.1378175385829925
1,0.13286656844105615,-0.0124758078594768,1.1511270999953993
2,0.85343922964705,0.6749128113820912,3.9539815354471206
0,0.9903049451699458,1.1036166414132145,0.9258636258863048
1,0.12693364313980554,0.2458371627845294,1.0169698639908147
2,0.8972221161166711,1.0480510378353782,4.493479555879063
0,0.993783878172703,1.0211092654182305,1.0175748079740836
1,0.015641754349967563,0.26928891791464604,1.3446747690808727
2,0.8024493502944507,0.7154238994364271,2.7399178439610026
0,1.0469245669550638,0.9588156722795561,0.9280712499337314
1,0.3714857485401106,0.2409668238602839,1.358966950150094
2,0.9056410024281861,0.7869048366833046,4.6320158782137435
0,0.9990042287757191,1.020844571822694,0.9891375524894049
1,0.0780576716684061,0.21403812482150222,1.0240031328870638
2,0.595777068457273,0.8763141019843135,3.2095176138334685
0,1.035596357923693,0.9813902071260926,1.1955177762296996
1,0.4210701450220983,-0.010222924946478529,1.134703922520701
2,0.9217936663051546,0.6821547268443892,3.4674683581079715
0,1.002567756759607,0.9286604755424626,1.4235938350212676
1,0.4307398428717579,0.011048706597239749,1.4300473188391853
2,0.8605548273044014,0.7653881082764445,4.277327249930418
0,0.9568637558029329,0.9752978508981544,1.3330945847408835
1,0.3271319444980149,0.10897953153900118,1.196958730538477
2,0.7523330036631639,0.7710007627920121,3.6555588318510908
0,0.9990812331983778,1.0080924729624785,0.9891763747466548
1,0.21317058863171012,-0.1754502152608335,0.576798761027381
2,0.8423428922844111,0.8989233490262205,4.142009768270374
0,0.97409560030464,1.0536577298749474,1.2025589361533568
1,-0.11016149597471164,0.05613059024900402,1.0556716759933606
2,0.38376439053064904,0.4049122604087827,5.434464260173513
0,1.0351647898936687,0.9488209788262459,1.1666007683910826
1,0.019805191635174052,0.31025387034505714,1.1721999922748134
2,0.8674717581038359,0.9103116150731904,3.9964669464703126
0,1.0343850418299514,0.9809551349370429,0.6994149578504081
1,0.018775670255433613,0.01061316879496002,1.1477454321655391
2,0.6608187293130732,0.8692679722489738,3.401841935201676
0,0.9768944044522941,0.9730380307609916,0.8646440844223552
1,0.2628808917621407,0.24908787085233366,1.1613888485228776
2,0.7305502586663299,1.0496350717209024,4.373210643896453
0,0.9878698233524283,0.9654933712446426,1.1746086932432276
1,0.4105485016957908,0.14270377542422757,1.2060060150007268
2,0.748809365927433,0.9254765531856453,4.046197318504302
0,1.0175932958349152,1.0725533262463827,0.9863167256567603
1,0.49144233619359023,0.5078998420200513,0.5789392503935955
2,0.7498544028065738,0.7935818051046148,5.4197709299406664
0,0.9933105059279392,0.9749629694064017,1.1269726075513167
1,-0.04385930173072117,0.17046340877428173,1.0807319889421372
2,0.7869278485930531,1.0370271975379795,3.731894600687805
0,0.9842883816979665,1.020106465839444,1.1502665462128487
1,0.46091100058118845,0.2719882681736993,1.0285201112264137
2,0.9893187695821373,0.873621196165991,4.168466370398992
0,0.9878670958479158,1.0503872239542182,1.0730305609642654
1,-0.09005859612259987,-0.033271153414128174,1.1687212200046526
2,0.6999108818544715,0.7745778433288654,3.8710249333352853
0,1.0561959374100967,0.8620534344969858,1.2307528401753303
1,0.1477804468078011,0.4562221563353918,0.6850629979144723
2,1.0723602183215162,0.9163838295645523,3.117492316014796
0,1.0299868749315249,0.9901614025297929,1.0633827239894629
1,0.1881490811073951,0.08371294896223695,0.9259768628042786
2,1.023916811876448,0.7486922302163626,3.5236913540444563
0,1.037332364919011,1.0412251914837536,1.2256554693760124
1,0.2366976048389546,0.13776107528834344,1.0037644540779358
2,0.9612759229872248,0.7779758822143641,5.013762250850673
0,1.0652850073951823,1.0522147901577468,0.9578571544889362
1,0.2709789621314096,0.2671532508773028,0.9721272057739339
2,0.9999249430416104,0.9314135903339011,3.7434688047741536
0,0.9650160655288207,1.1158690681930317,1.3995491275828564
1,0.27094361367425707,0.31275284426284045,0.7573501247216735
2,0.9347797259367279,0.9082297370088067,4.466882152089311
0,0.9307742179107303,1.1232126833761087,1.0904000412065034
1,0.1063977982813551,-0.0694060299678756,1.0783468474404652
2,0.7411833254876025,0.8492918012515228,4.082792034993045
0,0.924766153608901,1.0505005770456461,0.7149961292282777
1,0.26171235731683545,0.2563354748060255,0.8484123888572401
2,0.6367666206729453,0.7095732587876111,2.6638074033587067
0,0.9929931312415998,1.019866106998661,1.2196054980941473
1,0.2370047200979117,0.27113430505200975,0.8984780944157027
2,0.7609833132357249,0.8698485757188634,4.111320272400435
0,1.0149214039864045,1.002081531387239,0.6653845051247024
1,0.3123710803779026,-0.013501359430599408,1.3623296674372471
2,0.7645395139630473,0.7878935199358214,4.478739038781373
0,1.0674253086220433,0.9863991977954851,0.7612461515974183
1,0.3952692167127123,0.2217332419967895,0.8355576178927615
2,0.8015177979277005,0.9313641556585597,4.715915201838989
0,1.0028741063723683,1.0006477842096106,1.2920578349346779
1,0.231717097090071,0.41707285959382956,1.2550478361837156
2,1.1398227337926539,0.6584603407390643,3.2700984408910263
0,1.0037749753985128,0.9623109358741222,1.3511376431779811
1,0.14886443589607795,0.4939278781267994,1.0655548736025289
2,0.8376649573377245,0.6068269341679773,2.8858142202699533
0,1.0060023257055408,0.9971183871376029,0.9716931317458939
1,0.01883422500939,0.05863990583650844,1.0215332749675026
2,0.6199297616880919,1.0881856411532382,5.883771270277489
0,1.031504836444221,1.020043193308904,0.9060080856277948
1,0.22761176477450432,0.37305526704665504,1.0764050647083525
2,0.9056858953867103,0.9485659397594338,2.906466109193306
0,1.0000117685275858,1.017789654979338,0.9912490929579255
1,0.07651778567858027,0.4457722809936648,0.534249183269121
2,0.7801932609003137,1.0220185730642806,4.126052439097332
0,0.9544537085083699,0.9393238043015848,0.8502619090064165
1,0.19202352955367874,0.18607362085552312,1.0298346991262994
2,0.4361712630007013,0.7695480544007527,4.387994547649974
0,0.9975583745942326,0.9688819987242879,0.9545832970181167
1,0.3384766740011272,0.046426769531769746,1.207510115642823
2,0.7853976146488502,0.9371282378751091,3.6568743597156885
0,0.9586988137239366,1.031446504132,1.135506135990978
1,0.224732433630669,0.0036914979156580374,0.8806886627968195
2,0.7229642357481184,0.8730394150527073,4.531837349329173
0,0.9099423286484745,0.9494447387274594,1.1128285603645705
1,0.06469665380768536,0.5155873050040044,0.7279311972315097
2,0.8295639653014809,0.6507885118992337,2.9751461885601467
0,0.9580728054074291,0.9422355364889747,0.6880787403816391
1,0.021085991913087965,0.4042929233491947,1.0951274158380289
2,0.9714527515167737,0.76709501974498,4.124641046606396
0,0.9831903421385199,1.0561997450659373,1.0159305069757323
1,0.3477178979946132,0.4991196432427352,0.7898830872497707
2,1.193119931619329,0.8554378742345571,4.280557982973288
0,0.99940753977279,0.9578344084836286,0.8979161230587999
1,0.44488680811185444,0.18343536241254887,1.5873125586955388
2,0.6613404341952436,0.6370203236728347,2.704216398416002
0,0.9421543533211552,0.9593187592504521,1.114669563786577
1,0.1649519886368873,-0.10920352416383167,0.7061154658781899
2,0.7414840181861115,0.8192334598296735,3.9551071396675646
0,0.9278552393448994,0.9703803956309838,1.313889657255548
1,0.32880002013895837,0.1844392354526002,0.9936972239237483
2,0.9445972559457843,0.819698175878051,2.932554176109525
0,1.0095485407308653,0.9978091883535581,1.1059956808538742
1,0.21648765197178468,0.24203145285432992,1.0440926911614066
2,0.8849930573802598,0.6071855696834552,4.6166364088374685
0,0.9846877812480025,1.0234791800758622,0.9552252099442186
1,0.007591938490282807,0.3187614571508991,1.110530012000217
2,0.8496475377347948,0.7919315663116544,4.398830869730194
0,0.9671299561266063,1.0227400267669144,0.8357296572585388
1,0.19108508883908193,0.2221852246057891,0.8406341426927294
2,0.8352582632324799,0.5836022922354588,3.852748067064386
0,1.0440515918922157,1.024499623122264,0.8898390046210287
1,0.04427931895683179,-0.1139971817193629,1.2026300007189368
2,0.7372097391360135,0.9026922312193819,3.175181253069606
0,0.9664411474483179,1.0419919265135855,0.9812534313137916
1,0.3025525081164232,0.1799107383272963,1.2025237574704055
2,0.8276184051889722,0.8149121670852063,4.576942782062524
0,0.9806849632636389,1.0541004071155313,1.0254785783989495
1,0.21675601460663807,0.24538819183495914,0.6562930260273763
2,0.7819554933362463,0.8786311580790744,3.2082238259900953
0,1.0672963089544287,1.0298911545140104,0.6025276243248965
1,0.16416088644644458,0.1519800130426295,1.2585660636226554
2,0.8477168317347005,0.8768576297604296,3.694183813407628
0,1.0483014769236154,1.011983603539045,1.2924855433720792
1,0.2427807759787335,0.25009864737016824,1.1254879978602839
2,0.837928263527977,0.8161920343802471,2.526599764057184
0,1.076450748611647,1.055314465559313,1.0568758865489487
1,-0.08675954020593724,0.2898680124621894,0.8779474139516147
2,0.6778853641208447,0.9605770979502384,5.193671924434486
0,0.9716745855515185,0.9645262119781062,1.2354985607832474
1,0.36321185897441555,0.29250163147378644,0.9187409846395641
2,0.8916964966447781,0.7624945859447957,3.773111801088296
0,1.0161867890657241,1.0331632638747545,1.1870176540725905
1,0.24857719447924045,0.11017753029915142,0.7218615730180624
2,0.9868041633134953,0.5892098699924286,4.201881636795265
0,1.0180170169458107,0.958554865826304,0.7975231705304097
1,0.29606328223466,0.1183095567541755,0.8311956025595555
2,0.76705105348635,0.994082800690813,3.6085668692823916
0,0.9815791674162334,0.9455381226332177,1.0223029363668974
1,0.055458907261443036,0.26775843238404845,0.9989365329827324
2,0.7987267928299515,0.909960450739971,3.8965171782509795
0,0.9209534593037064,1.0027243995740611,1.050771603375674
1,0.2605214693263754,0.4428485539073663,0.6902738537674755
2,0.4425179558205522,0.9172077924628321,4.494185921903921
0,1.0018632350445722,1.0181675787102307,1.0056115607079255
1,0.20988783878052863,0.3066332258874346,1.0413930992614473
2,0.6881080112923167,0.9112014283312246,4.724400585092887
0,0.9863172846527926,1.0949268046420741,0.7154133643492728
1,0.11900558080054277,0.07743370332008379,0.7714176333608195
2,0.6677981735964527,0.8778578383337677,6.195509283186222
0,1.006422108072718,0.9570904124887241,1.1810698275713505
1,-0.16942987536099707,0.05398269370070663,0.9923314984652039
2,0.7521796555434003,0.7252174837895945,4.10919221913547
0,0.9555038553569528,0.9758203957062582,1.0843201089088523
1,0.36304149836068766,0.22031946556551726,0.6830840419577651
2,0.719365629941554,1.0057123332366236,3.8656364583013962
0,1.066279683766902,0.9706598879907959,0.8525719816732489
1,0.4039853733030273,0.1398606109748967,0.6715589131036621
2,0.858301810523655,0.8812730805544419,4.207807902963551
0,1.06244312680952,0.9773776765804815,1.3216133572008801
1,0.3044761575881309,0.12228353889798482,1.3201630542305887
2,0.8413945560901217,0.8723530392511178,4.127377647462302
0,0.9331996342289091,1.0809457534084572,0.9586491502135137
1,0.37413349548560226,0.08099262466171807,1.103551426821678
2,0.8923053199681658,0.8244586519224241,3.564030039914257
